dataset,fold,seed,method,query_worm,reference_worm,query_row,gt_label_int,rank,top1,top3,top5,rr,hungarian_top1
atanas,3,42,"NuCLR (official scratch, 50k SSL, current grouped CV)",2022-07-20-01,2023-01-16-15,116,4,118,0.0,0.0,0.0,0.00847457627118644,0.0
atanas,3,42,"NuCLR (official scratch, 50k SSL, current grouped CV)",2022-07-20-01,2023-01-16-15,6,13,2,0.0,1.0,1.0,0.5,0.0
atanas,3,42,"NuCLR (official scratch, 50k SSL, current grouped CV)",2022-07-20-01,2023-01-16-15,3,14,1,1.0,1.0,1.0,1.0,0.0
atanas,3,42,"NuCLR (official scratch, 50k SSL, current grouped CV)",2022-07-20-01,2023-01-16-15,68,26,25,0.0,0.0,0.0,0.04,0.0
atanas,3,42,"NuCLR (official scratch, 50k SSL, current grouped CV)",2022-07-20-01,2023-01-16-15,34,29,59,0.0,0.0,0.0,0.01694915254237288,0.0
atanas,3,42,"NuCLR (official scratch, 50k SSL, current grouped CV)",2022-07-20-01,2023-01-16-15,28,32,2,0.0,1.0,1.0,0.5,0.0
atanas,3,42,"NuCLR (official scratch, 50k SSL, current grouped CV)",2022-07-20-01,2023-01-16-15,81,41,105,0.0,0.0,0.0,0.009523809523809525,0.0
atanas,3,42,"NuCLR (official scratch, 50k SSL, current grouped CV)",2022-07-20-01,2023-01-16-15,95,42,54,0.0,0.0,0.0,0.018518518518518517,0.0
atanas,3,42,"NuCLR (official scratch, 50k SSL, current grouped CV)",2022-07-20-01,2023-01-16-15,69,43,1,1.0,1.0,1.0,1.0,1.0
atanas,3,42,"NuCLR (official scratch, 50k SSL, current grouped CV)",2022-07-20-01,2023-01-16-15,110,48,1,1.0,1.0,1.0,1.0,0.0
atanas,3,42,"NuCLR (official scratch, 50k SSL, current grouped CV)",2022-07-20-01,2023-01-16-15,137,50,1,1.0,1.0,1.0,1.0,1.0
atanas,3,42,"NuCLR (official scratch, 50k SSL, current grouped CV)",2022-07-20-01,2023-01-16-15,63,53,23,0.0,0.0,0.0,0.043478260869565216,0.0
atanas,3,42,"NuCLR (official scratch, 50k SSL, current grouped CV)",2022-07-20-01,2023-01-16-15,112,54,9,0.0,0.0,0.0,0.1111111111111111,0.0
atanas,3,42,"NuCLR (official scratch, 50k SSL, current grouped CV)",2022-07-20-01,2023-01-16-15,132,58,86,0.0,0.0,0.0,0.011627906976744186,0.0
atanas,3,42,"NuCLR (official scratch, 50k SSL, current grouped CV)",2022-07-20-01,2023-01-16-15,141,59,3,0.0,1.0,1.0,0.3333333333333333,0.0
atanas,3,42,"NuCLR (official scratch, 50k SSL, current grouped CV)",2022-07-20-01,2023-01-16-15,105,60,6,0.0,0.0,0.0,0.16666666666666666,0.0
atanas,3,42,"NuCLR (official scratch, 50k SSL, current grouped CV)",2022-07-20-01,2023-01-16-15,119,61,2,0.0,1.0,1.0,0.5,1.0
atanas,3,42,"NuCLR (official scratch, 50k SSL, current grouped CV)",2022-07-20-01,2023-01-16-15,54,62,25,0.0,0.0,0.0,0.04,0.0
atanas,3,42,"NuCLR (official scratch, 50k SSL, current grouped CV)",2022-07-20-01,2023-01-16-15,118,63,18,0.0,0.0,0.0,0.05555555555555555,0.0
atanas,3,42,"NuCLR (official scratch, 50k SSL, current grouped CV)",2022-07-20-01,2023-01-16-15,136,65,1,1.0,1.0,1.0,1.0,1.0
atanas,3,42,"NuCLR (official scratch, 50k SSL, current grouped CV)",2022-07-20-01,2023-01-16-15,0,67,92,0.0,0.0,0.0,0.010869565217391304,0.0
atanas,3,42,"NuCLR (official scratch, 50k SSL, current grouped CV)",2022-07-20-01,2023-01-16-15,29,68,6,0.0,0.0,0.0,0.16666666666666666,0.0
atanas,3,42,"NuCLR (official scratch, 50k SSL, current grouped CV)",2022-07-20-01,2023-01-16-15,124,69,8,0.0,0.0,0.0,0.125,0.0
atanas,3,42,"NuCLR (official scratch, 50k SSL, current grouped CV)",2022-07-20-01,2023-01-16-15,94,73,31,0.0,0.0,0.0,0.03225806451612903,0.0
atanas,3,42,"NuCLR (official scratch, 50k SSL, current grouped CV)",2022-07-20-01,2023-01-16-15,71,75,15,0.0,0.0,0.0,0.06666666666666667,0.0
atanas,3,42,"NuCLR (official scratch, 50k SSL, current grouped CV)",2022-07-20-01,2023-01-16-15,45,76,31,0.0,0.0,0.0,0.03225806451612903,0.0
atanas,3,42,"NuCLR (official scratch, 50k SSL, current grouped CV)",2022-07-20-01,2023-01-16-15,97,77,1,1.0,1.0,1.0,1.0,1.0
atanas,3,42,"NuCLR (official scratch, 50k SSL, current grouped CV)",2022-07-20-01,2023-01-16-15,75,82,65,0.0,0.0,0.0,0.015384615384615385,0.0
atanas,3,42,"NuCLR (official scratch, 50k SSL, current grouped CV)",2022-07-20-01,2023-01-16-15,135,83,17,0.0,0.0,0.0,0.058823529411764705,0.0
atanas,3,42,"NuCLR (official scratch, 50k SSL, current grouped CV)",2022-07-20-01,2023-01-16-15,115,84,6,0.0,0.0,0.0,0.16666666666666666,0.0
atanas,3,42,"NuCLR (official scratch, 50k SSL, current grouped CV)",2022-07-20-01,2023-01-16-15,130,87,28,0.0,0.0,0.0,0.03571428571428571,0.0
atanas,3,42,"NuCLR (official scratch, 50k SSL, current grouped CV)",2022-07-20-01,2023-01-16-15,19,88,2,0.0,1.0,1.0,0.5,0.0
atanas,3,42,"NuCLR (official scratch, 50k SSL, current grouped CV)",2022-07-20-01,2023-01-16-15,77,89,3,0.0,1.0,1.0,0.3333333333333333,1.0
atanas,3,42,"NuCLR (official scratch, 50k SSL, current grouped CV)",2022-07-20-01,2023-01-16-15,22,92,28,0.0,0.0,0.0,0.03571428571428571,0.0
atanas,3,42,"NuCLR (official scratch, 50k SSL, current grouped CV)",2022-07-20-01,2023-01-16-15,129,93,12,0.0,0.0,0.0,0.08333333333333333,0.0
atanas,3,42,"NuCLR (official scratch, 50k SSL, current grouped CV)",2022-07-20-01,2023-01-16-15,121,96,25,0.0,0.0,0.0,0.04,0.0
atanas,3,42,"NuCLR (official scratch, 50k SSL, current grouped CV)",2022-07-20-01,2023-01-16-15,117,97,56,0.0,0.0,0.0,0.017857142857142856,0.0
atanas,3,42,"NuCLR (official scratch, 50k SSL, current grouped CV)",2022-07-20-01,2023-01-16-15,30,98,71,0.0,0.0,0.0,0.014084507042253521,0.0
atanas,3,42,"NuCLR (official scratch, 50k SSL, current grouped CV)",2022-07-20-01,2023-01-16-15,41,101,2,0.0,1.0,1.0,0.5,0.0
atanas,3,42,"NuCLR (official scratch, 50k SSL, current grouped CV)",2022-07-20-01,2023-01-16-15,55,103,2,0.0,1.0,1.0,0.5,0.0
atanas,3,42,"NuCLR (official scratch, 50k SSL, current grouped CV)",2022-07-20-01,2023-01-16-15,72,104,5,0.0,0.0,1.0,0.2,0.0
atanas,3,42,"NuCLR (official scratch, 50k SSL, current grouped CV)",2022-07-20-01,2023-01-16-15,108,105,3,0.0,1.0,1.0,0.3333333333333333,0.0
atanas,3,42,"NuCLR (official scratch, 50k SSL, current grouped CV)",2022-07-20-01,2023-01-16-15,133,106,2,0.0,1.0,1.0,0.5,1.0
atanas,3,42,"NuCLR (official scratch, 50k SSL, current grouped CV)",2022-07-20-01,2023-01-16-15,53,107,1,1.0,1.0,1.0,1.0,0.0
atanas,3,42,"NuCLR (official scratch, 50k SSL, current grouped CV)",2022-07-20-01,2023-01-16-15,10,108,50,0.0,0.0,0.0,0.02,0.0
atanas,3,42,"NuCLR (official scratch, 50k SSL, current grouped CV)",2022-07-20-01,2023-01-16-15,64,110,16,0.0,0.0,0.0,0.0625,0.0
atanas,3,42,"NuCLR (official scratch, 50k SSL, current grouped CV)",2022-07-20-01,2023-01-16-15,114,111,16,0.0,0.0,0.0,0.0625,0.0
atanas,3,42,"NuCLR (official scratch, 50k SSL, current grouped CV)",2022-07-20-01,2023-01-16-15,43,114,1,1.0,1.0,1.0,1.0,1.0
atanas,3,42,"NuCLR (official scratch, 50k SSL, current grouped CV)",2022-07-20-01,2023-01-16-15,86,117,88,0.0,0.0,0.0,0.011363636363636364,0.0
atanas,3,42,"NuCLR (official scratch, 50k SSL, current grouped CV)",2022-07-20-01,2023-01-16-15,78,118,26,0.0,0.0,0.0,0.038461538461538464,0.0
atanas,3,42,"NuCLR (official scratch, 50k SSL, current grouped CV)",2022-07-20-01,2023-01-16-15,47,119,1,1.0,1.0,1.0,1.0,1.0
atanas,3,42,"NuCLR (official scratch, 50k SSL, current grouped CV)",2022-07-20-01,2023-01-16-15,66,129,4,0.0,0.0,1.0,0.25,0.0
atanas,3,42,"NuCLR (official scratch, 50k SSL, current grouped CV)",2022-07-20-01,2023-01-16-15,59,130,5,0.0,0.0,1.0,0.2,0.0
atanas,3,42,"NuCLR (official scratch, 50k SSL, current grouped CV)",2022-07-20-01,2023-01-16-15,103,132,30,0.0,0.0,0.0,0.03333333333333333,0.0
atanas,3,42,"NuCLR (official scratch, 50k SSL, current grouped CV)",2022-07-20-01,2023-01-16-15,82,136,87,0.0,0.0,0.0,0.011494252873563218,0.0
atanas,3,42,"NuCLR (official scratch, 50k SSL, current grouped CV)",2022-07-20-01,2023-01-16-15,2,139,6,0.0,0.0,0.0,0.16666666666666666,0.0
atanas,3,42,"NuCLR (official scratch, 50k SSL, current grouped CV)",2022-07-20-01,2023-01-16-15,8,140,1,1.0,1.0,1.0,1.0,0.0
atanas,3,42,"NuCLR (official scratch, 50k SSL, current grouped CV)",2022-07-20-01,2023-01-16-15,140,142,18,0.0,0.0,0.0,0.05555555555555555,0.0
atanas,3,42,"NuCLR (official scratch, 50k SSL, current grouped CV)",2022-07-20-01,2023-01-16-15,57,150,27,0.0,0.0,0.0,0.037037037037037035,0.0
atanas,3,42,"NuCLR (official scratch, 50k SSL, current grouped CV)",2022-07-20-01,2023-01-16-15,101,171,37,0.0,0.0,0.0,0.02702702702702703,0.0
atanas,3,42,"NuCLR (official scratch, 50k SSL, current grouped CV)",2022-07-20-01,2023-01-16-15,40,178,7,0.0,0.0,0.0,0.14285714285714285,0.0
atanas,3,42,"NuCLR (official scratch, 50k SSL, current grouped CV)",2022-07-20-01,2023-01-16-15,20,180,57,0.0,0.0,0.0,0.017543859649122806,0.0
atanas,3,42,"NuCLR (official scratch, 50k SSL, current grouped CV)",2022-07-20-01,2023-01-16-15,13,181,1,1.0,1.0,1.0,1.0,1.0
atanas,3,42,"NuCLR (official scratch, 50k SSL, current grouped CV)",2022-07-20-01,2023-01-16-15,73,183,1,1.0,1.0,1.0,1.0,0.0
atanas,3,42,"NuCLR (official scratch, 50k SSL, current grouped CV)",2022-07-20-01,2023-01-16-15,33,185,15,0.0,0.0,0.0,0.06666666666666667,0.0
atanas,3,42,"NuCLR (official scratch, 50k SSL, current grouped CV)",2022-07-20-01,2023-01-16-15,39,186,57,0.0,0.0,0.0,0.017543859649122806,0.0
atanas,3,42,"NuCLR (official scratch, 50k SSL, current grouped CV)",2022-06-14-01,2023-01-16-15,96,13,2,0.0,1.0,1.0,0.5,0.0
atanas,3,42,"NuCLR (official scratch, 50k SSL, current grouped CV)",2022-06-14-01,2023-01-16-15,77,14,2,0.0,1.0,1.0,0.5,0.0
atanas,3,42,"NuCLR (official scratch, 50k SSL, current grouped CV)",2022-06-14-01,2023-01-16-15,23,25,86,0.0,0.0,0.0,0.011627906976744186,0.0
atanas,3,42,"NuCLR (official scratch, 50k SSL, current grouped CV)",2022-06-14-01,2023-01-16-15,34,29,4,0.0,0.0,1.0,0.25,0.0
atanas,3,42,"NuCLR (official scratch, 50k SSL, current grouped CV)",2022-06-14-01,2023-01-16-15,5,41,3,0.0,1.0,1.0,0.3333333333333333,0.0
atanas,3,42,"NuCLR (official scratch, 50k SSL, current grouped CV)",2022-06-14-01,2023-01-16-15,22,47,11,0.0,0.0,0.0,0.09090909090909091,0.0
atanas,3,42,"NuCLR (official scratch, 50k SSL, current grouped CV)",2022-06-14-01,2023-01-16-15,102,50,1,1.0,1.0,1.0,1.0,1.0
atanas,3,42,"NuCLR (official scratch, 50k SSL, current grouped CV)",2022-06-14-01,2023-01-16-15,81,53,31,0.0,0.0,0.0,0.03225806451612903,0.0
atanas,3,42,"NuCLR (official scratch, 50k SSL, current grouped CV)",2022-06-14-01,2023-01-16-15,63,58,1,1.0,1.0,1.0,1.0,0.0
atanas,3,42,"NuCLR (official scratch, 50k SSL, current grouped CV)",2022-06-14-01,2023-01-16-15,66,61,2,0.0,1.0,1.0,0.5,1.0
atanas,3,42,"NuCLR (official scratch, 50k SSL, current grouped CV)",2022-06-14-01,2023-01-16-15,9,63,8,0.0,0.0,0.0,0.125,0.0
atanas,3,42,"NuCLR (official scratch, 50k SSL, current grouped CV)",2022-06-14-01,2023-01-16-15,21,67,65,0.0,0.0,0.0,0.015384615384615385,0.0
atanas,3,42,"NuCLR (official scratch, 50k SSL, current grouped CV)",2022-06-14-01,2023-01-16-15,41,68,29,0.0,0.0,0.0,0.034482758620689655,0.0
atanas,3,42,"NuCLR (official scratch, 50k SSL, current grouped CV)",2022-06-14-01,2023-01-16-15,31,70,7,0.0,0.0,0.0,0.14285714285714285,0.0
atanas,3,42,"NuCLR (official scratch, 50k SSL, current grouped CV)",2022-06-14-01,2023-01-16-15,16,71,1,1.0,1.0,1.0,1.0,0.0
atanas,3,42,"NuCLR (official scratch, 50k SSL, current grouped CV)",2022-06-14-01,2023-01-16-15,91,73,21,0.0,0.0,0.0,0.047619047619047616,0.0
atanas,3,42,"NuCLR (official scratch, 50k SSL, current grouped CV)",2022-06-14-01,2023-01-16-15,6,74,57,0.0,0.0,0.0,0.017543859649122806,0.0
atanas,3,42,"NuCLR (official scratch, 50k SSL, current grouped CV)",2022-06-14-01,2023-01-16-15,65,75,3,0.0,1.0,1.0,0.3333333333333333,1.0
atanas,3,42,"NuCLR (official scratch, 50k SSL, current grouped CV)",2022-06-14-01,2023-01-16-15,13,76,24,0.0,0.0,0.0,0.041666666666666664,0.0
atanas,3,42,"NuCLR (official scratch, 50k SSL, current grouped CV)",2022-06-14-01,2023-01-16-15,36,77,1,1.0,1.0,1.0,1.0,1.0
atanas,3,42,"NuCLR (official scratch, 50k SSL, current grouped CV)",2022-06-14-01,2023-01-16-15,50,81,5,0.0,0.0,1.0,0.2,0.0
atanas,3,42,"NuCLR (official scratch, 50k SSL, current grouped CV)",2022-06-14-01,2023-01-16-15,92,82,76,0.0,0.0,0.0,0.013157894736842105,0.0
atanas,3,42,"NuCLR (official scratch, 50k SSL, current grouped CV)",2022-06-14-01,2023-01-16-15,69,83,4,0.0,0.0,1.0,0.25,0.0
atanas,3,42,"NuCLR (official scratch, 50k SSL, current grouped CV)",2022-06-14-01,2023-01-16-15,94,84,21,0.0,0.0,0.0,0.047619047619047616,0.0
atanas,3,42,"NuCLR (official scratch, 50k SSL, current grouped CV)",2022-06-14-01,2023-01-16-15,62,88,12,0.0,0.0,0.0,0.08333333333333333,0.0
atanas,3,42,"NuCLR (official scratch, 50k SSL, current grouped CV)",2022-06-14-01,2023-01-16-15,60,90,2,0.0,1.0,1.0,0.5,0.0
atanas,3,42,"NuCLR (official scratch, 50k SSL, current grouped CV)",2022-06-14-01,2023-01-16-15,73,92,86,0.0,0.0,0.0,0.011627906976744186,0.0
atanas,3,42,"NuCLR (official scratch, 50k SSL, current grouped CV)",2022-06-14-01,2023-01-16-15,71,93,7,0.0,0.0,0.0,0.14285714285714285,0.0
atanas,3,42,"NuCLR (official scratch, 50k SSL, current grouped CV)",2022-06-14-01,2023-01-16-15,37,94,8,0.0,0.0,0.0,0.125,0.0
atanas,3,42,"NuCLR (official scratch, 50k SSL, current grouped CV)",2022-06-14-01,2023-01-16-15,86,96,2,0.0,1.0,1.0,0.5,0.0
atanas,3,42,"NuCLR (official scratch, 50k SSL, current grouped CV)",2022-06-14-01,2023-01-16-15,75,97,55,0.0,0.0,0.0,0.01818181818181818,0.0
atanas,3,42,"NuCLR (official scratch, 50k SSL, current grouped CV)",2022-06-14-01,2023-01-16-15,64,98,63,0.0,0.0,0.0,0.015873015873015872,0.0
atanas,3,42,"NuCLR (official scratch, 50k SSL, current grouped CV)",2022-06-14-01,2023-01-16-15,89,103,2,0.0,1.0,1.0,0.5,0.0
atanas,3,42,"NuCLR (official scratch, 50k SSL, current grouped CV)",2022-06-14-01,2023-01-16-15,45,104,22,0.0,0.0,0.0,0.045454545454545456,0.0
atanas,3,42,"NuCLR (official scratch, 50k SSL, current grouped CV)",2022-06-14-01,2023-01-16-15,67,105,1,1.0,1.0,1.0,1.0,1.0
atanas,3,42,"NuCLR (official scratch, 50k SSL, current grouped CV)",2022-06-14-01,2023-01-16-15,103,106,1,1.0,1.0,1.0,1.0,0.0
atanas,3,42,"NuCLR (official scratch, 50k SSL, current grouped CV)",2022-06-14-01,2023-01-16-15,48,107,2,0.0,1.0,1.0,0.5,0.0
atanas,3,42,"NuCLR (official scratch, 50k SSL, current grouped CV)",2022-06-14-01,2023-01-16-15,52,108,16,0.0,0.0,0.0,0.0625,0.0
atanas,3,42,"NuCLR (official scratch, 50k SSL, current grouped CV)",2022-06-14-01,2023-01-16-15,0,110,2,0.0,1.0,1.0,0.5,0.0
atanas,3,42,"NuCLR (official scratch, 50k SSL, current grouped CV)",2022-06-14-01,2023-01-16-15,83,111,6,0.0,0.0,0.0,0.16666666666666666,0.0
atanas,3,42,"NuCLR (official scratch, 50k SSL, current grouped CV)",2022-06-14-01,2023-01-16-15,3,119,1,1.0,1.0,1.0,1.0,1.0
atanas,3,42,"NuCLR (official scratch, 50k SSL, current grouped CV)",2022-06-14-01,2023-01-16-15,58,129,4,0.0,0.0,1.0,0.25,0.0
atanas,3,42,"NuCLR (official scratch, 50k SSL, current grouped CV)",2022-06-14-01,2023-01-16-15,74,132,5,0.0,0.0,1.0,0.2,0.0
atanas,3,42,"NuCLR (official scratch, 50k SSL, current grouped CV)",2022-06-14-01,2023-01-16-15,10,136,98,0.0,0.0,0.0,0.01020408163265306,0.0
atanas,3,42,"NuCLR (official scratch, 50k SSL, current grouped CV)",2022-06-14-01,2023-01-16-15,53,139,34,0.0,0.0,0.0,0.029411764705882353,0.0
atanas,3,42,"NuCLR (official scratch, 50k SSL, current grouped CV)",2022-06-14-01,2023-01-16-15,93,140,2,0.0,1.0,1.0,0.5,0.0
atanas,3,42,"NuCLR (official scratch, 50k SSL, current grouped CV)",2022-06-14-01,2023-01-16-15,19,150,27,0.0,0.0,0.0,0.037037037037037035,0.0
atanas,3,42,"NuCLR (official scratch, 50k SSL, current grouped CV)",2022-06-14-01,2023-01-16-15,55,170,33,0.0,0.0,0.0,0.030303030303030304,0.0
atanas,3,42,"NuCLR (official scratch, 50k SSL, current grouped CV)",2022-06-14-01,2023-01-16-15,46,171,8,0.0,0.0,0.0,0.125,0.0
atanas,3,42,"NuCLR (official scratch, 50k SSL, current grouped CV)",2022-06-14-01,2023-01-16-15,101,178,19,0.0,0.0,0.0,0.05263157894736842,0.0
atanas,3,42,"NuCLR (official scratch, 50k SSL, current grouped CV)",2022-06-14-01,2023-01-16-15,100,179,13,0.0,0.0,0.0,0.07692307692307693,0.0
atanas,3,42,"NuCLR (official scratch, 50k SSL, current grouped CV)",2022-06-14-01,2023-01-16-15,70,180,71,0.0,0.0,0.0,0.014084507042253521,0.0
atanas,3,42,"NuCLR (official scratch, 50k SSL, current grouped CV)",2022-06-14-01,2023-01-16-15,17,181,76,0.0,0.0,0.0,0.013157894736842105,0.0
atanas,3,42,"NuCLR (official scratch, 50k SSL, current grouped CV)",2022-06-14-01,2023-01-16-15,47,183,5,0.0,0.0,1.0,0.2,0.0
atanas,3,42,"NuCLR (official scratch, 50k SSL, current grouped CV)",2022-06-14-07,2023-01-16-15,56,4,39,0.0,0.0,0.0,0.02564102564102564,0.0
atanas,3,42,"NuCLR (official scratch, 50k SSL, current grouped CV)",2022-06-14-07,2023-01-16-15,106,13,2,0.0,1.0,1.0,0.5,1.0
atanas,3,42,"NuCLR (official scratch, 50k SSL, current grouped CV)",2022-06-14-07,2023-01-16-15,101,14,4,0.0,0.0,1.0,0.25,0.0
atanas,3,42,"NuCLR (official scratch, 50k SSL, current grouped CV)",2022-06-14-07,2023-01-16-15,46,19,8,0.0,0.0,0.0,0.125,0.0
atanas,3,42,"NuCLR (official scratch, 50k SSL, current grouped CV)",2022-06-14-07,2023-01-16-15,72,25,121,0.0,0.0,0.0,0.008264462809917356,0.0
atanas,3,42,"NuCLR (official scratch, 50k SSL, current grouped CV)",2022-06-14-07,2023-01-16-15,58,29,3,0.0,1.0,1.0,0.3333333333333333,0.0
atanas,3,42,"NuCLR (official scratch, 50k SSL, current grouped CV)",2022-06-14-07,2023-01-16-15,88,31,1,1.0,1.0,1.0,1.0,1.0
atanas,3,42,"NuCLR (official scratch, 50k SSL, current grouped CV)",2022-06-14-07,2023-01-16-15,97,41,36,0.0,0.0,0.0,0.027777777777777776,0.0
atanas,3,42,"NuCLR (official scratch, 50k SSL, current grouped CV)",2022-06-14-07,2023-01-16-15,75,43,1,1.0,1.0,1.0,1.0,1.0
atanas,3,42,"NuCLR (official scratch, 50k SSL, current grouped CV)",2022-06-14-07,2023-01-16-15,53,47,11,0.0,0.0,0.0,0.09090909090909091,0.0
atanas,3,42,"NuCLR (official scratch, 50k SSL, current grouped CV)",2022-06-14-07,2023-01-16-15,69,50,2,0.0,1.0,1.0,0.5,0.0
atanas,3,42,"NuCLR (official scratch, 50k SSL, current grouped CV)",2022-06-14-07,2023-01-16-15,70,53,16,0.0,0.0,0.0,0.0625,0.0
atanas,3,42,"NuCLR (official scratch, 50k SSL, current grouped CV)",2022-06-14-07,2023-01-16-15,13,54,1,1.0,1.0,1.0,1.0,1.0
atanas,3,42,"NuCLR (official scratch, 50k SSL, current grouped CV)",2022-06-14-07,2023-01-16-15,94,59,7,0.0,0.0,0.0,0.14285714285714285,0.0
atanas,3,42,"NuCLR (official scratch, 50k SSL, current grouped CV)",2022-06-14-07,2023-01-16-15,123,60,49,0.0,0.0,0.0,0.02040816326530612,0.0
atanas,3,42,"NuCLR (official scratch, 50k SSL, current grouped CV)",2022-06-14-07,2023-01-16-15,36,61,2,0.0,1.0,1.0,0.5,0.0
atanas,3,42,"NuCLR (official scratch, 50k SSL, current grouped CV)",2022-06-14-07,2023-01-16-15,33,63,5,0.0,0.0,1.0,0.2,0.0
atanas,3,42,"NuCLR (official scratch, 50k SSL, current grouped CV)",2022-06-14-07,2023-01-16-15,45,67,76,0.0,0.0,0.0,0.013157894736842105,0.0
atanas,3,42,"NuCLR (official scratch, 50k SSL, current grouped CV)",2022-06-14-07,2023-01-16-15,31,68,5,0.0,0.0,1.0,0.2,0.0
atanas,3,42,"NuCLR (official scratch, 50k SSL, current grouped CV)",2022-06-14-07,2023-01-16-15,119,69,4,0.0,0.0,1.0,0.25,0.0
atanas,3,42,"NuCLR (official scratch, 50k SSL, current grouped CV)",2022-06-14-07,2023-01-16-15,32,70,19,0.0,0.0,0.0,0.05263157894736842,0.0
atanas,3,42,"NuCLR (official scratch, 50k SSL, current grouped CV)",2022-06-14-07,2023-01-16-15,37,71,7,0.0,0.0,0.0,0.14285714285714285,0.0
atanas,3,42,"NuCLR (official scratch, 50k SSL, current grouped CV)",2022-06-14-07,2023-01-16-15,93,73,1,1.0,1.0,1.0,1.0,0.0
atanas,3,42,"NuCLR (official scratch, 50k SSL, current grouped CV)",2022-06-14-07,2023-01-16-15,59,74,59,0.0,0.0,0.0,0.01694915254237288,0.0
atanas,3,42,"NuCLR (official scratch, 50k SSL, current grouped CV)",2022-06-14-07,2023-01-16-15,18,75,18,0.0,0.0,0.0,0.05555555555555555,0.0
atanas,3,42,"NuCLR (official scratch, 50k SSL, current grouped CV)",2022-06-14-07,2023-01-16-15,23,77,1,1.0,1.0,1.0,1.0,1.0
atanas,3,42,"NuCLR (official scratch, 50k SSL, current grouped CV)",2022-06-14-07,2023-01-16-15,41,81,28,0.0,0.0,0.0,0.03571428571428571,0.0
atanas,3,42,"NuCLR (official scratch, 50k SSL, current grouped CV)",2022-06-14-07,2023-01-16-15,8,83,6,0.0,0.0,0.0,0.16666666666666666,0.0
atanas,3,42,"NuCLR (official scratch, 50k SSL, current grouped CV)",2022-06-14-07,2023-01-16-15,107,84,46,0.0,0.0,0.0,0.021739130434782608,0.0
atanas,3,42,"NuCLR (official scratch, 50k SSL, current grouped CV)",2022-06-14-07,2023-01-16-15,40,88,42,0.0,0.0,0.0,0.023809523809523808,0.0
atanas,3,42,"NuCLR (official scratch, 50k SSL, current grouped CV)",2022-06-14-07,2023-01-16-15,64,90,6,0.0,0.0,0.0,0.16666666666666666,0.0
atanas,3,42,"NuCLR (official scratch, 50k SSL, current grouped CV)",2022-06-14-07,2023-01-16-15,29,92,3,0.0,1.0,1.0,0.3333333333333333,0.0
atanas,3,42,"NuCLR (official scratch, 50k SSL, current grouped CV)",2022-06-14-07,2023-01-16-15,83,93,11,0.0,0.0,0.0,0.09090909090909091,0.0
atanas,3,42,"NuCLR (official scratch, 50k SSL, current grouped CV)",2022-06-14-07,2023-01-16-15,24,94,2,0.0,1.0,1.0,0.5,0.0
atanas,3,42,"NuCLR (official scratch, 50k SSL, current grouped CV)",2022-06-14-07,2023-01-16-15,86,96,11,0.0,0.0,0.0,0.09090909090909091,0.0
atanas,3,42,"NuCLR (official scratch, 50k SSL, current grouped CV)",2022-06-14-07,2023-01-16-15,16,97,43,0.0,0.0,0.0,0.023255813953488372,0.0
atanas,3,42,"NuCLR (official scratch, 50k SSL, current grouped CV)",2022-06-14-07,2023-01-16-15,116,98,68,0.0,0.0,0.0,0.014705882352941176,0.0
atanas,3,42,"NuCLR (official scratch, 50k SSL, current grouped CV)",2022-06-14-07,2023-01-16-15,84,100,25,0.0,0.0,0.0,0.04,0.0
atanas,3,42,"NuCLR (official scratch, 50k SSL, current grouped CV)",2022-06-14-07,2023-01-16-15,99,103,1,1.0,1.0,1.0,1.0,1.0
atanas,3,42,"NuCLR (official scratch, 50k SSL, current grouped CV)",2022-06-14-07,2023-01-16-15,65,104,2,0.0,1.0,1.0,0.5,1.0
atanas,3,42,"NuCLR (official scratch, 50k SSL, current grouped CV)",2022-06-14-07,2023-01-16-15,55,105,2,0.0,1.0,1.0,0.5,1.0
atanas,3,42,"NuCLR (official scratch, 50k SSL, current grouped CV)",2022-06-14-07,2023-01-16-15,3,106,2,0.0,1.0,1.0,0.5,1.0
atanas,3,42,"NuCLR (official scratch, 50k SSL, current grouped CV)",2022-06-14-07,2023-01-16-15,77,107,2,0.0,1.0,1.0,0.5,0.0
atanas,3,42,"NuCLR (official scratch, 50k SSL, current grouped CV)",2022-06-14-07,2023-01-16-15,47,108,38,0.0,0.0,0.0,0.02631578947368421,0.0
atanas,3,42,"NuCLR (official scratch, 50k SSL, current grouped CV)",2022-06-14-07,2023-01-16-15,118,110,2,0.0,1.0,1.0,0.5,0.0
atanas,3,42,"NuCLR (official scratch, 50k SSL, current grouped CV)",2022-06-14-07,2023-01-16-15,19,111,33,0.0,0.0,0.0,0.030303030303030304,0.0
atanas,3,42,"NuCLR (official scratch, 50k SSL, current grouped CV)",2022-06-14-07,2023-01-16-15,0,114,1,1.0,1.0,1.0,1.0,1.0
atanas,3,42,"NuCLR (official scratch, 50k SSL, current grouped CV)",2022-06-14-07,2023-01-16-15,11,117,99,0.0,0.0,0.0,0.010101010101010102,0.0
atanas,3,42,"NuCLR (official scratch, 50k SSL, current grouped CV)",2022-06-14-07,2023-01-16-15,52,122,2,0.0,1.0,1.0,0.5,0.0
atanas,3,42,"NuCLR (official scratch, 50k SSL, current grouped CV)",2022-06-14-07,2023-01-16-15,51,129,3,0.0,1.0,1.0,0.3333333333333333,0.0
atanas,3,42,"NuCLR (official scratch, 50k SSL, current grouped CV)",2022-06-14-07,2023-01-16-15,108,130,5,0.0,0.0,1.0,0.2,1.0
atanas,3,42,"NuCLR (official scratch, 50k SSL, current grouped CV)",2022-06-14-07,2023-01-16-15,27,132,10,0.0,0.0,0.0,0.1,0.0
atanas,3,42,"NuCLR (official scratch, 50k SSL, current grouped CV)",2022-06-14-07,2023-01-16-15,38,136,14,0.0,0.0,0.0,0.07142857142857142,0.0
atanas,3,42,"NuCLR (official scratch, 50k SSL, current grouped CV)",2022-06-14-07,2023-01-16-15,111,139,4,0.0,0.0,1.0,0.25,0.0
atanas,3,42,"NuCLR (official scratch, 50k SSL, current grouped CV)",2022-06-14-07,2023-01-16-15,127,140,10,0.0,0.0,0.0,0.1,0.0
atanas,3,42,"NuCLR (official scratch, 50k SSL, current grouped CV)",2022-06-14-07,2023-01-16-15,34,150,69,0.0,0.0,0.0,0.014492753623188406,0.0
atanas,3,42,"NuCLR (official scratch, 50k SSL, current grouped CV)",2022-06-14-07,2023-01-16-15,128,170,22,0.0,0.0,0.0,0.045454545454545456,0.0
atanas,3,42,"NuCLR (official scratch, 50k SSL, current grouped CV)",2022-06-14-07,2023-01-16-15,125,171,7,0.0,0.0,0.0,0.14285714285714285,0.0
atanas,3,42,"NuCLR (official scratch, 50k SSL, current grouped CV)",2022-06-14-07,2023-01-16-15,120,180,23,0.0,0.0,0.0,0.043478260869565216,0.0
atanas,3,42,"NuCLR (official scratch, 50k SSL, current grouped CV)",2022-06-14-07,2023-01-16-15,50,181,101,0.0,0.0,0.0,0.009900990099009901,0.0
atanas,3,42,"NuCLR (official scratch, 50k SSL, current grouped CV)",2022-06-14-07,2023-01-16-15,71,183,4,0.0,0.0,1.0,0.25,0.0
atanas,3,42,"NuCLR (official scratch, 50k SSL, current grouped CV)",2022-06-14-07,2023-01-16-15,100,185,4,0.0,0.0,1.0,0.25,0.0
atanas,3,42,"NuCLR (official scratch, 50k SSL, current grouped CV)",2023-01-09-28,2023-01-16-15,71,4,1,1.0,1.0,1.0,1.0,0.0
atanas,3,42,"NuCLR (official scratch, 50k SSL, current grouped CV)",2023-01-09-28,2023-01-16-15,116,13,1,1.0,1.0,1.0,1.0,1.0
atanas,3,42,"NuCLR (official scratch, 50k SSL, current grouped CV)",2023-01-09-28,2023-01-16-15,84,14,1,1.0,1.0,1.0,1.0,1.0
atanas,3,42,"NuCLR (official scratch, 50k SSL, current grouped CV)",2023-01-09-28,2023-01-16-15,74,20,7,0.0,0.0,0.0,0.14285714285714285,0.0
atanas,3,42,"NuCLR (official scratch, 50k SSL, current grouped CV)",2023-01-09-28,2023-01-16-15,47,21,3,0.0,1.0,1.0,0.3333333333333333,0.0
atanas,3,42,"NuCLR (official scratch, 50k SSL, current grouped CV)",2023-01-09-28,2023-01-16-15,11,26,28,0.0,0.0,0.0,0.03571428571428571,0.0
atanas,3,42,"NuCLR (official scratch, 50k SSL, current grouped CV)",2023-01-09-28,2023-01-16-15,9,31,1,1.0,1.0,1.0,1.0,1.0
atanas,3,42,"NuCLR (official scratch, 50k SSL, current grouped CV)",2023-01-09-28,2023-01-16-15,13,32,1,1.0,1.0,1.0,1.0,1.0
atanas,3,42,"NuCLR (official scratch, 50k SSL, current grouped CV)",2023-01-09-28,2023-01-16-15,110,43,1,1.0,1.0,1.0,1.0,1.0
atanas,3,42,"NuCLR (official scratch, 50k SSL, current grouped CV)",2023-01-09-28,2023-01-16-15,18,47,43,0.0,0.0,0.0,0.023255813953488372,0.0
atanas,3,42,"NuCLR (official scratch, 50k SSL, current grouped CV)",2023-01-09-28,2023-01-16-15,69,48,13,0.0,0.0,0.0,0.07692307692307693,0.0
atanas,3,42,"NuCLR (official scratch, 50k SSL, current grouped CV)",2023-01-09-28,2023-01-16-15,4,50,1,1.0,1.0,1.0,1.0,1.0
atanas,3,42,"NuCLR (official scratch, 50k SSL, current grouped CV)",2023-01-09-28,2023-01-16-15,28,54,6,0.0,0.0,0.0,0.16666666666666666,0.0
atanas,3,42,"NuCLR (official scratch, 50k SSL, current grouped CV)",2023-01-09-28,2023-01-16-15,5,59,5,0.0,0.0,1.0,0.2,0.0
atanas,3,42,"NuCLR (official scratch, 50k SSL, current grouped CV)",2023-01-09-28,2023-01-16-15,137,60,37,0.0,0.0,0.0,0.02702702702702703,0.0
atanas,3,42,"NuCLR (official scratch, 50k SSL, current grouped CV)",2023-01-09-28,2023-01-16-15,76,61,1,1.0,1.0,1.0,1.0,1.0
atanas,3,42,"NuCLR (official scratch, 50k SSL, current grouped CV)",2023-01-09-28,2023-01-16-15,67,63,11,0.0,0.0,0.0,0.09090909090909091,0.0
atanas,3,42,"NuCLR (official scratch, 50k SSL, current grouped CV)",2023-01-09-28,2023-01-16-15,87,65,2,0.0,1.0,1.0,0.5,1.0
atanas,3,42,"NuCLR (official scratch, 50k SSL, current grouped CV)",2023-01-09-28,2023-01-16-15,14,67,80,0.0,0.0,0.0,0.0125,0.0
atanas,3,42,"NuCLR (official scratch, 50k SSL, current grouped CV)",2023-01-09-28,2023-01-16-15,30,69,4,0.0,0.0,1.0,0.25,0.0
atanas,3,42,"NuCLR (official scratch, 50k SSL, current grouped CV)",2023-01-09-28,2023-01-16-15,103,70,11,0.0,0.0,0.0,0.09090909090909091,0.0
atanas,3,42,"NuCLR (official scratch, 50k SSL, current grouped CV)",2023-01-09-28,2023-01-16-15,38,71,75,0.0,0.0,0.0,0.013333333333333334,0.0
atanas,3,42,"NuCLR (official scratch, 50k SSL, current grouped CV)",2023-01-09-28,2023-01-16-15,144,72,9,0.0,0.0,0.0,0.1111111111111111,0.0
atanas,3,42,"NuCLR (official scratch, 50k SSL, current grouped CV)",2023-01-09-28,2023-01-16-15,66,73,8,0.0,0.0,0.0,0.125,0.0
atanas,3,42,"NuCLR (official scratch, 50k SSL, current grouped CV)",2023-01-09-28,2023-01-16-15,24,75,15,0.0,0.0,0.0,0.06666666666666667,0.0
atanas,3,42,"NuCLR (official scratch, 50k SSL, current grouped CV)",2023-01-09-28,2023-01-16-15,80,76,19,0.0,0.0,0.0,0.05263157894736842,0.0
atanas,3,42,"NuCLR (official scratch, 50k SSL, current grouped CV)",2023-01-09-28,2023-01-16-15,90,77,21,0.0,0.0,0.0,0.047619047619047616,0.0
atanas,3,42,"NuCLR (official scratch, 50k SSL, current grouped CV)",2023-01-09-28,2023-01-16-15,16,80,3,0.0,1.0,1.0,0.3333333333333333,0.0
atanas,3,42,"NuCLR (official scratch, 50k SSL, current grouped CV)",2023-01-09-28,2023-01-16-15,2,81,21,0.0,0.0,0.0,0.047619047619047616,0.0
atanas,3,42,"NuCLR (official scratch, 50k SSL, current grouped CV)",2023-01-09-28,2023-01-16-15,106,82,84,0.0,0.0,0.0,0.011904761904761904,0.0
atanas,3,42,"NuCLR (official scratch, 50k SSL, current grouped CV)",2023-01-09-28,2023-01-16-15,7,84,11,0.0,0.0,0.0,0.09090909090909091,0.0
atanas,3,42,"NuCLR (official scratch, 50k SSL, current grouped CV)",2023-01-09-28,2023-01-16-15,113,87,89,0.0,0.0,0.0,0.011235955056179775,0.0
atanas,3,42,"NuCLR (official scratch, 50k SSL, current grouped CV)",2023-01-09-28,2023-01-16-15,89,88,3,0.0,1.0,1.0,0.3333333333333333,0.0
atanas,3,42,"NuCLR (official scratch, 50k SSL, current grouped CV)",2023-01-09-28,2023-01-16-15,51,90,107,0.0,0.0,0.0,0.009345794392523364,0.0
atanas,3,42,"NuCLR (official scratch, 50k SSL, current grouped CV)",2023-01-09-28,2023-01-16-15,68,92,48,0.0,0.0,0.0,0.020833333333333332,0.0
atanas,3,42,"NuCLR (official scratch, 50k SSL, current grouped CV)",2023-01-09-28,2023-01-16-15,6,93,11,0.0,0.0,0.0,0.09090909090909091,0.0
atanas,3,42,"NuCLR (official scratch, 50k SSL, current grouped CV)",2023-01-09-28,2023-01-16-15,63,94,1,1.0,1.0,1.0,1.0,0.0
atanas,3,42,"NuCLR (official scratch, 50k SSL, current grouped CV)",2023-01-09-28,2023-01-16-15,61,96,22,0.0,0.0,0.0,0.045454545454545456,0.0
atanas,3,42,"NuCLR (official scratch, 50k SSL, current grouped CV)",2023-01-09-28,2023-01-16-15,99,97,32,0.0,0.0,0.0,0.03125,0.0
atanas,3,42,"NuCLR (official scratch, 50k SSL, current grouped CV)",2023-01-09-28,2023-01-16-15,107,98,31,0.0,0.0,0.0,0.03225806451612903,0.0
atanas,3,42,"NuCLR (official scratch, 50k SSL, current grouped CV)",2023-01-09-28,2023-01-16-15,79,99,1,1.0,1.0,1.0,1.0,1.0
atanas,3,42,"NuCLR (official scratch, 50k SSL, current grouped CV)",2023-01-09-28,2023-01-16-15,20,100,13,0.0,0.0,0.0,0.07692307692307693,0.0
atanas,3,42,"NuCLR (official scratch, 50k SSL, current grouped CV)",2023-01-09-28,2023-01-16-15,19,101,2,0.0,1.0,1.0,0.5,0.0
atanas,3,42,"NuCLR (official scratch, 50k SSL, current grouped CV)",2023-01-09-28,2023-01-16-15,93,103,1,1.0,1.0,1.0,1.0,1.0
atanas,3,42,"NuCLR (official scratch, 50k SSL, current grouped CV)",2023-01-09-28,2023-01-16-15,111,104,3,0.0,1.0,1.0,0.3333333333333333,1.0
atanas,3,42,"NuCLR (official scratch, 50k SSL, current grouped CV)",2023-01-09-28,2023-01-16-15,134,105,1,1.0,1.0,1.0,1.0,0.0
atanas,3,42,"NuCLR (official scratch, 50k SSL, current grouped CV)",2023-01-09-28,2023-01-16-15,98,106,2,0.0,1.0,1.0,0.5,0.0
atanas,3,42,"NuCLR (official scratch, 50k SSL, current grouped CV)",2023-01-09-28,2023-01-16-15,21,107,2,0.0,1.0,1.0,0.5,0.0
atanas,3,42,"NuCLR (official scratch, 50k SSL, current grouped CV)",2023-01-09-28,2023-01-16-15,82,108,11,0.0,0.0,0.0,0.09090909090909091,0.0
atanas,3,42,"NuCLR (official scratch, 50k SSL, current grouped CV)",2023-01-09-28,2023-01-16-15,109,110,1,1.0,1.0,1.0,1.0,0.0
atanas,3,42,"NuCLR (official scratch, 50k SSL, current grouped CV)",2023-01-09-28,2023-01-16-15,33,117,35,0.0,0.0,0.0,0.02857142857142857,0.0
atanas,3,42,"NuCLR (official scratch, 50k SSL, current grouped CV)",2023-01-09-28,2023-01-16-15,133,118,60,0.0,0.0,0.0,0.016666666666666666,0.0
atanas,3,42,"NuCLR (official scratch, 50k SSL, current grouped CV)",2023-01-09-28,2023-01-16-15,59,119,1,1.0,1.0,1.0,1.0,1.0
atanas,3,42,"NuCLR (official scratch, 50k SSL, current grouped CV)",2023-01-09-28,2023-01-16-15,117,122,27,0.0,0.0,0.0,0.037037037037037035,0.0
atanas,3,42,"NuCLR (official scratch, 50k SSL, current grouped CV)",2023-01-09-28,2023-01-16-15,140,129,1,1.0,1.0,1.0,1.0,1.0
atanas,3,42,"NuCLR (official scratch, 50k SSL, current grouped CV)",2023-01-09-28,2023-01-16-15,35,132,27,0.0,0.0,0.0,0.037037037037037035,0.0
atanas,3,42,"NuCLR (official scratch, 50k SSL, current grouped CV)",2023-01-09-28,2023-01-16-15,136,136,52,0.0,0.0,0.0,0.019230769230769232,0.0
atanas,3,42,"NuCLR (official scratch, 50k SSL, current grouped CV)",2023-01-09-28,2023-01-16-15,135,139,21,0.0,0.0,0.0,0.047619047619047616,0.0
atanas,3,42,"NuCLR (official scratch, 50k SSL, current grouped CV)",2023-01-09-28,2023-01-16-15,58,140,2,0.0,1.0,1.0,0.5,1.0
atanas,3,42,"NuCLR (official scratch, 50k SSL, current grouped CV)",2023-01-09-28,2023-01-16-15,64,160,35,0.0,0.0,0.0,0.02857142857142857,0.0
atanas,3,42,"NuCLR (official scratch, 50k SSL, current grouped CV)",2023-01-09-28,2023-01-16-15,115,171,9,0.0,0.0,0.0,0.1111111111111111,0.0
atanas,3,42,"NuCLR (official scratch, 50k SSL, current grouped CV)",2023-01-09-28,2023-01-16-15,46,180,58,0.0,0.0,0.0,0.017241379310344827,0.0
atanas,3,42,"NuCLR (official scratch, 50k SSL, current grouped CV)",2023-01-09-28,2023-01-16-15,138,183,40,0.0,0.0,0.0,0.025,0.0
atanas,3,42,"NuCLR (official scratch, 50k SSL, current grouped CV)",2023-01-09-28,2023-01-16-15,91,185,9,0.0,0.0,0.0,0.1111111111111111,0.0
atanas,3,42,"NuCLR (official scratch, 50k SSL, current grouped CV)",2023-01-09-28,2023-01-16-15,85,186,77,0.0,0.0,0.0,0.012987012987012988,0.0
atanas,3,42,"NuCLR (official scratch, 50k SSL, current grouped CV)",2023-01-16-01,2023-01-16-15,48,4,6,0.0,0.0,0.0,0.16666666666666666,0.0
atanas,3,42,"NuCLR (official scratch, 50k SSL, current grouped CV)",2023-01-16-01,2023-01-16-15,126,13,2,0.0,1.0,1.0,0.5,0.0
atanas,3,42,"NuCLR (official scratch, 50k SSL, current grouped CV)",2023-01-16-01,2023-01-16-15,25,14,2,0.0,1.0,1.0,0.5,0.0
atanas,3,42,"NuCLR (official scratch, 50k SSL, current grouped CV)",2023-01-16-01,2023-01-16-15,89,19,12,0.0,0.0,0.0,0.08333333333333333,0.0
atanas,3,42,"NuCLR (official scratch, 50k SSL, current grouped CV)",2023-01-16-01,2023-01-16-15,118,20,39,0.0,0.0,0.0,0.02564102564102564,0.0
atanas,3,42,"NuCLR (official scratch, 50k SSL, current grouped CV)",2023-01-16-01,2023-01-16-15,35,25,50,0.0,0.0,0.0,0.02,0.0
atanas,3,42,"NuCLR (official scratch, 50k SSL, current grouped CV)",2023-01-16-01,2023-01-16-15,108,26,13,0.0,0.0,0.0,0.07692307692307693,0.0
atanas,3,42,"NuCLR (official scratch, 50k SSL, current grouped CV)",2023-01-16-01,2023-01-16-15,133,29,1,1.0,1.0,1.0,1.0,0.0
atanas,3,42,"NuCLR (official scratch, 50k SSL, current grouped CV)",2023-01-16-01,2023-01-16-15,122,32,1,1.0,1.0,1.0,1.0,1.0
atanas,3,42,"NuCLR (official scratch, 50k SSL, current grouped CV)",2023-01-16-01,2023-01-16-15,46,41,5,0.0,0.0,1.0,0.2,0.0
atanas,3,42,"NuCLR (official scratch, 50k SSL, current grouped CV)",2023-01-16-01,2023-01-16-15,77,43,4,0.0,0.0,1.0,0.25,0.0
atanas,3,42,"NuCLR (official scratch, 50k SSL, current grouped CV)",2023-01-16-01,2023-01-16-15,6,47,12,0.0,0.0,0.0,0.08333333333333333,0.0
atanas,3,42,"NuCLR (official scratch, 50k SSL, current grouped CV)",2023-01-16-01,2023-01-16-15,67,48,9,0.0,0.0,0.0,0.1111111111111111,0.0
atanas,3,42,"NuCLR (official scratch, 50k SSL, current grouped CV)",2023-01-16-01,2023-01-16-15,123,53,2,0.0,1.0,1.0,0.5,1.0
atanas,3,42,"NuCLR (official scratch, 50k SSL, current grouped CV)",2023-01-16-01,2023-01-16-15,129,54,43,0.0,0.0,0.0,0.023255813953488372,0.0
atanas,3,42,"NuCLR (official scratch, 50k SSL, current grouped CV)",2023-01-16-01,2023-01-16-15,84,59,1,1.0,1.0,1.0,1.0,1.0
atanas,3,42,"NuCLR (official scratch, 50k SSL, current grouped CV)",2023-01-16-01,2023-01-16-15,30,61,1,1.0,1.0,1.0,1.0,0.0
atanas,3,42,"NuCLR (official scratch, 50k SSL, current grouped CV)",2023-01-16-01,2023-01-16-15,4,62,31,0.0,0.0,0.0,0.03225806451612903,0.0
atanas,3,42,"NuCLR (official scratch, 50k SSL, current grouped CV)",2023-01-16-01,2023-01-16-15,24,63,1,1.0,1.0,1.0,1.0,1.0
atanas,3,42,"NuCLR (official scratch, 50k SSL, current grouped CV)",2023-01-16-01,2023-01-16-15,62,67,12,0.0,0.0,0.0,0.08333333333333333,0.0
atanas,3,42,"NuCLR (official scratch, 50k SSL, current grouped CV)",2023-01-16-01,2023-01-16-15,53,68,2,0.0,1.0,1.0,0.5,1.0
atanas,3,42,"NuCLR (official scratch, 50k SSL, current grouped CV)",2023-01-16-01,2023-01-16-15,138,69,16,0.0,0.0,0.0,0.0625,0.0
atanas,3,42,"NuCLR (official scratch, 50k SSL, current grouped CV)",2023-01-16-01,2023-01-16-15,66,70,10,0.0,0.0,0.0,0.1,0.0
atanas,3,42,"NuCLR (official scratch, 50k SSL, current grouped CV)",2023-01-16-01,2023-01-16-15,76,71,18,0.0,0.0,0.0,0.05555555555555555,0.0
atanas,3,42,"NuCLR (official scratch, 50k SSL, current grouped CV)",2023-01-16-01,2023-01-16-15,136,73,17,0.0,0.0,0.0,0.058823529411764705,0.0
atanas,3,42,"NuCLR (official scratch, 50k SSL, current grouped CV)",2023-01-16-01,2023-01-16-15,92,74,2,0.0,1.0,1.0,0.5,1.0
atanas,3,42,"NuCLR (official scratch, 50k SSL, current grouped CV)",2023-01-16-01,2023-01-16-15,85,75,13,0.0,0.0,0.0,0.07692307692307693,0.0
atanas,3,42,"NuCLR (official scratch, 50k SSL, current grouped CV)",2023-01-16-01,2023-01-16-15,56,76,42,0.0,0.0,0.0,0.023809523809523808,0.0
atanas,3,42,"NuCLR (official scratch, 50k SSL, current grouped CV)",2023-01-16-01,2023-01-16-15,132,77,3,0.0,1.0,1.0,0.3333333333333333,0.0
atanas,3,42,"NuCLR (official scratch, 50k SSL, current grouped CV)",2023-01-16-01,2023-01-16-15,78,82,23,0.0,0.0,0.0,0.043478260869565216,0.0
atanas,3,42,"NuCLR (official scratch, 50k SSL, current grouped CV)",2023-01-16-01,2023-01-16-15,109,83,13,0.0,0.0,0.0,0.07692307692307693,0.0
atanas,3,42,"NuCLR (official scratch, 50k SSL, current grouped CV)",2023-01-16-01,2023-01-16-15,18,84,9,0.0,0.0,0.0,0.1111111111111111,0.0
atanas,3,42,"NuCLR (official scratch, 50k SSL, current grouped CV)",2023-01-16-01,2023-01-16-15,3,87,85,0.0,0.0,0.0,0.011764705882352941,0.0
atanas,3,42,"NuCLR (official scratch, 50k SSL, current grouped CV)",2023-01-16-01,2023-01-16-15,31,88,7,0.0,0.0,0.0,0.14285714285714285,0.0
atanas,3,42,"NuCLR (official scratch, 50k SSL, current grouped CV)",2023-01-16-01,2023-01-16-15,90,89,2,0.0,1.0,1.0,0.5,1.0
atanas,3,42,"NuCLR (official scratch, 50k SSL, current grouped CV)",2023-01-16-01,2023-01-16-15,82,90,72,0.0,0.0,0.0,0.013888888888888888,0.0
atanas,3,42,"NuCLR (official scratch, 50k SSL, current grouped CV)",2023-01-16-01,2023-01-16-15,113,96,52,0.0,0.0,0.0,0.019230769230769232,0.0
atanas,3,42,"NuCLR (official scratch, 50k SSL, current grouped CV)",2023-01-16-01,2023-01-16-15,44,97,81,0.0,0.0,0.0,0.012345679012345678,0.0
atanas,3,42,"NuCLR (official scratch, 50k SSL, current grouped CV)",2023-01-16-01,2023-01-16-15,128,98,36,0.0,0.0,0.0,0.027777777777777776,0.0
atanas,3,42,"NuCLR (official scratch, 50k SSL, current grouped CV)",2023-01-16-01,2023-01-16-15,23,99,110,0.0,0.0,0.0,0.00909090909090909,0.0
atanas,3,42,"NuCLR (official scratch, 50k SSL, current grouped CV)",2023-01-16-01,2023-01-16-15,71,100,19,0.0,0.0,0.0,0.05263157894736842,0.0
atanas,3,42,"NuCLR (official scratch, 50k SSL, current grouped CV)",2023-01-16-01,2023-01-16-15,80,103,1,1.0,1.0,1.0,1.0,1.0
atanas,3,42,"NuCLR (official scratch, 50k SSL, current grouped CV)",2023-01-16-01,2023-01-16-15,74,104,3,0.0,1.0,1.0,0.3333333333333333,0.0
atanas,3,42,"NuCLR (official scratch, 50k SSL, current grouped CV)",2023-01-16-01,2023-01-16-15,26,105,1,1.0,1.0,1.0,1.0,0.0
atanas,3,42,"NuCLR (official scratch, 50k SSL, current grouped CV)",2023-01-16-01,2023-01-16-15,1,106,2,0.0,1.0,1.0,0.5,0.0
atanas,3,42,"NuCLR (official scratch, 50k SSL, current grouped CV)",2023-01-16-01,2023-01-16-15,7,107,1,1.0,1.0,1.0,1.0,0.0
atanas,3,42,"NuCLR (official scratch, 50k SSL, current grouped CV)",2023-01-16-01,2023-01-16-15,14,108,4,0.0,0.0,1.0,0.25,0.0
atanas,3,42,"NuCLR (official scratch, 50k SSL, current grouped CV)",2023-01-16-01,2023-01-16-15,50,110,20,0.0,0.0,0.0,0.05,0.0
atanas,3,42,"NuCLR (official scratch, 50k SSL, current grouped CV)",2023-01-16-01,2023-01-16-15,64,111,6,0.0,0.0,0.0,0.16666666666666666,0.0
atanas,3,42,"NuCLR (official scratch, 50k SSL, current grouped CV)",2023-01-16-01,2023-01-16-15,117,117,107,0.0,0.0,0.0,0.009345794392523364,0.0
atanas,3,42,"NuCLR (official scratch, 50k SSL, current grouped CV)",2023-01-16-01,2023-01-16-15,83,118,12,0.0,0.0,0.0,0.08333333333333333,0.0
atanas,3,42,"NuCLR (official scratch, 50k SSL, current grouped CV)",2023-01-16-01,2023-01-16-15,119,119,1,1.0,1.0,1.0,1.0,1.0
atanas,3,42,"NuCLR (official scratch, 50k SSL, current grouped CV)",2023-01-16-01,2023-01-16-15,8,129,1,1.0,1.0,1.0,1.0,1.0
atanas,3,42,"NuCLR (official scratch, 50k SSL, current grouped CV)",2023-01-16-01,2023-01-16-15,135,130,3,0.0,1.0,1.0,0.3333333333333333,1.0
atanas,3,42,"NuCLR (official scratch, 50k SSL, current grouped CV)",2023-01-16-01,2023-01-16-15,127,132,13,0.0,0.0,0.0,0.07692307692307693,0.0
atanas,3,42,"NuCLR (official scratch, 50k SSL, current grouped CV)",2023-01-16-01,2023-01-16-15,137,136,26,0.0,0.0,0.0,0.038461538461538464,0.0
atanas,3,42,"NuCLR (official scratch, 50k SSL, current grouped CV)",2023-01-16-01,2023-01-16-15,22,139,1,1.0,1.0,1.0,1.0,0.0
atanas,3,42,"NuCLR (official scratch, 50k SSL, current grouped CV)",2023-01-16-01,2023-01-16-15,81,140,2,0.0,1.0,1.0,0.5,0.0
atanas,3,42,"NuCLR (official scratch, 50k SSL, current grouped CV)",2023-01-16-01,2023-01-16-15,32,142,9,0.0,0.0,0.0,0.1111111111111111,0.0
atanas,3,42,"NuCLR (official scratch, 50k SSL, current grouped CV)",2023-01-16-01,2023-01-16-15,111,150,50,0.0,0.0,0.0,0.02,0.0
atanas,3,42,"NuCLR (official scratch, 50k SSL, current grouped CV)",2023-01-16-01,2023-01-16-15,28,170,73,0.0,0.0,0.0,0.0136986301369863,0.0
atanas,3,42,"NuCLR (official scratch, 50k SSL, current grouped CV)",2023-01-16-01,2023-01-16-15,130,171,7,0.0,0.0,0.0,0.14285714285714285,0.0
atanas,3,42,"NuCLR (official scratch, 50k SSL, current grouped CV)",2023-01-16-01,2023-01-16-15,13,178,12,0.0,0.0,0.0,0.08333333333333333,0.0
atanas,3,42,"NuCLR (official scratch, 50k SSL, current grouped CV)",2023-01-16-01,2023-01-16-15,15,179,4,0.0,0.0,1.0,0.25,0.0
atanas,3,42,"NuCLR (official scratch, 50k SSL, current grouped CV)",2023-01-16-01,2023-01-16-15,33,180,1,1.0,1.0,1.0,1.0,1.0
atanas,3,42,"NuCLR (official scratch, 50k SSL, current grouped CV)",2023-01-16-01,2023-01-16-15,47,185,34,0.0,0.0,0.0,0.029411764705882353,0.0
atanas,3,42,"NuCLR (official scratch, 50k SSL, current grouped CV)",2023-01-16-01,2023-01-16-15,75,186,60,0.0,0.0,0.0,0.016666666666666666,0.0
atanas,3,42,"NuCLR (official scratch, 50k SSL, current grouped CV)",2023-01-19-08,2023-01-16-15,139,4,73,0.0,0.0,0.0,0.0136986301369863,0.0
atanas,3,42,"NuCLR (official scratch, 50k SSL, current grouped CV)",2023-01-19-08,2023-01-16-15,113,13,1,1.0,1.0,1.0,1.0,0.0
atanas,3,42,"NuCLR (official scratch, 50k SSL, current grouped CV)",2023-01-19-08,2023-01-16-15,109,19,6,0.0,0.0,0.0,0.16666666666666666,0.0
atanas,3,42,"NuCLR (official scratch, 50k SSL, current grouped CV)",2023-01-19-08,2023-01-16-15,110,25,20,0.0,0.0,0.0,0.05,0.0
atanas,3,42,"NuCLR (official scratch, 50k SSL, current grouped CV)",2023-01-19-08,2023-01-16-15,112,26,23,0.0,0.0,0.0,0.043478260869565216,0.0
atanas,3,42,"NuCLR (official scratch, 50k SSL, current grouped CV)",2023-01-19-08,2023-01-16-15,39,29,1,1.0,1.0,1.0,1.0,1.0
atanas,3,42,"NuCLR (official scratch, 50k SSL, current grouped CV)",2023-01-19-08,2023-01-16-15,140,31,1,1.0,1.0,1.0,1.0,1.0
atanas,3,42,"NuCLR (official scratch, 50k SSL, current grouped CV)",2023-01-19-08,2023-01-16-15,1,32,1,1.0,1.0,1.0,1.0,1.0
atanas,3,42,"NuCLR (official scratch, 50k SSL, current grouped CV)",2023-01-19-08,2023-01-16-15,24,42,60,0.0,0.0,0.0,0.016666666666666666,0.0
atanas,3,42,"NuCLR (official scratch, 50k SSL, current grouped CV)",2023-01-19-08,2023-01-16-15,95,43,1,1.0,1.0,1.0,1.0,1.0
atanas,3,42,"NuCLR (official scratch, 50k SSL, current grouped CV)",2023-01-19-08,2023-01-16-15,25,47,43,0.0,0.0,0.0,0.023255813953488372,0.0
atanas,3,42,"NuCLR (official scratch, 50k SSL, current grouped CV)",2023-01-19-08,2023-01-16-15,81,50,4,0.0,0.0,1.0,0.25,0.0
atanas,3,42,"NuCLR (official scratch, 50k SSL, current grouped CV)",2023-01-19-08,2023-01-16-15,145,53,24,0.0,0.0,0.0,0.041666666666666664,0.0
atanas,3,42,"NuCLR (official scratch, 50k SSL, current grouped CV)",2023-01-19-08,2023-01-16-15,62,54,55,0.0,0.0,0.0,0.01818181818181818,0.0
atanas,3,42,"NuCLR (official scratch, 50k SSL, current grouped CV)",2023-01-19-08,2023-01-16-15,27,59,10,0.0,0.0,0.0,0.1,0.0
atanas,3,42,"NuCLR (official scratch, 50k SSL, current grouped CV)",2023-01-19-08,2023-01-16-15,134,61,9,0.0,0.0,0.0,0.1111111111111111,0.0
atanas,3,42,"NuCLR (official scratch, 50k SSL, current grouped CV)",2023-01-19-08,2023-01-16-15,71,62,28,0.0,0.0,0.0,0.03571428571428571,0.0
atanas,3,42,"NuCLR (official scratch, 50k SSL, current grouped CV)",2023-01-19-08,2023-01-16-15,98,65,1,1.0,1.0,1.0,1.0,1.0
atanas,3,42,"NuCLR (official scratch, 50k SSL, current grouped CV)",2023-01-19-08,2023-01-16-15,51,67,50,0.0,0.0,0.0,0.02,0.0
atanas,3,42,"NuCLR (official scratch, 50k SSL, current grouped CV)",2023-01-19-08,2023-01-16-15,96,68,5,0.0,0.0,1.0,0.2,0.0
atanas,3,42,"NuCLR (official scratch, 50k SSL, current grouped CV)",2023-01-19-08,2023-01-16-15,49,69,8,0.0,0.0,0.0,0.125,0.0
atanas,3,42,"NuCLR (official scratch, 50k SSL, current grouped CV)",2023-01-19-08,2023-01-16-15,138,70,1,1.0,1.0,1.0,1.0,0.0
atanas,3,42,"NuCLR (official scratch, 50k SSL, current grouped CV)",2023-01-19-08,2023-01-16-15,65,71,7,0.0,0.0,0.0,0.14285714285714285,0.0
atanas,3,42,"NuCLR (official scratch, 50k SSL, current grouped CV)",2023-01-19-08,2023-01-16-15,92,75,1,1.0,1.0,1.0,1.0,0.0
atanas,3,42,"NuCLR (official scratch, 50k SSL, current grouped CV)",2023-01-19-08,2023-01-16-15,44,76,8,0.0,0.0,0.0,0.125,0.0
atanas,3,42,"NuCLR (official scratch, 50k SSL, current grouped CV)",2023-01-19-08,2023-01-16-15,141,77,2,0.0,1.0,1.0,0.5,0.0
atanas,3,42,"NuCLR (official scratch, 50k SSL, current grouped CV)",2023-01-19-08,2023-01-16-15,94,83,19,0.0,0.0,0.0,0.05263157894736842,0.0
atanas,3,42,"NuCLR (official scratch, 50k SSL, current grouped CV)",2023-01-19-08,2023-01-16-15,69,84,2,0.0,1.0,1.0,0.5,0.0
atanas,3,42,"NuCLR (official scratch, 50k SSL, current grouped CV)",2023-01-19-08,2023-01-16-15,11,88,10,0.0,0.0,0.0,0.1,0.0
atanas,3,42,"NuCLR (official scratch, 50k SSL, current grouped CV)",2023-01-19-08,2023-01-16-15,122,92,45,0.0,0.0,0.0,0.022222222222222223,0.0
atanas,3,42,"NuCLR (official scratch, 50k SSL, current grouped CV)",2023-01-19-08,2023-01-16-15,132,94,27,0.0,0.0,0.0,0.037037037037037035,0.0
atanas,3,42,"NuCLR (official scratch, 50k SSL, current grouped CV)",2023-01-19-08,2023-01-16-15,76,96,49,0.0,0.0,0.0,0.02040816326530612,0.0
atanas,3,42,"NuCLR (official scratch, 50k SSL, current grouped CV)",2023-01-19-08,2023-01-16-15,118,97,67,0.0,0.0,0.0,0.014925373134328358,0.0
atanas,3,42,"NuCLR (official scratch, 50k SSL, current grouped CV)",2023-01-19-08,2023-01-16-15,20,99,2,0.0,1.0,1.0,0.5,0.0
atanas,3,42,"NuCLR (official scratch, 50k SSL, current grouped CV)",2023-01-19-08,2023-01-16-15,50,100,38,0.0,0.0,0.0,0.02631578947368421,0.0
atanas,3,42,"NuCLR (official scratch, 50k SSL, current grouped CV)",2023-01-19-08,2023-01-16-15,97,103,48,0.0,0.0,0.0,0.020833333333333332,0.0
atanas,3,42,"NuCLR (official scratch, 50k SSL, current grouped CV)",2023-01-19-08,2023-01-16-15,108,104,48,0.0,0.0,0.0,0.020833333333333332,0.0
atanas,3,42,"NuCLR (official scratch, 50k SSL, current grouped CV)",2023-01-19-08,2023-01-16-15,52,105,9,0.0,0.0,0.0,0.1111111111111111,0.0
atanas,3,42,"NuCLR (official scratch, 50k SSL, current grouped CV)",2023-01-19-08,2023-01-16-15,106,106,6,0.0,0.0,0.0,0.16666666666666666,0.0
atanas,3,42,"NuCLR (official scratch, 50k SSL, current grouped CV)",2023-01-19-08,2023-01-16-15,133,107,2,0.0,1.0,1.0,0.5,0.0
atanas,3,42,"NuCLR (official scratch, 50k SSL, current grouped CV)",2023-01-19-08,2023-01-16-15,30,108,15,0.0,0.0,0.0,0.06666666666666667,0.0
atanas,3,42,"NuCLR (official scratch, 50k SSL, current grouped CV)",2023-01-19-08,2023-01-16-15,87,110,1,1.0,1.0,1.0,1.0,0.0
atanas,3,42,"NuCLR (official scratch, 50k SSL, current grouped CV)",2023-01-19-08,2023-01-16-15,42,111,29,0.0,0.0,0.0,0.034482758620689655,0.0
atanas,3,42,"NuCLR (official scratch, 50k SSL, current grouped CV)",2023-01-19-08,2023-01-16-15,14,117,86,0.0,0.0,0.0,0.011627906976744186,0.0
atanas,3,42,"NuCLR (official scratch, 50k SSL, current grouped CV)",2023-01-19-08,2023-01-16-15,93,118,32,0.0,0.0,0.0,0.03125,0.0
atanas,3,42,"NuCLR (official scratch, 50k SSL, current grouped CV)",2023-01-19-08,2023-01-16-15,48,119,1,1.0,1.0,1.0,1.0,1.0
atanas,3,42,"NuCLR (official scratch, 50k SSL, current grouped CV)",2023-01-19-08,2023-01-16-15,107,129,1,1.0,1.0,1.0,1.0,1.0
atanas,3,42,"NuCLR (official scratch, 50k SSL, current grouped CV)",2023-01-19-08,2023-01-16-15,67,130,16,0.0,0.0,0.0,0.0625,0.0
atanas,3,42,"NuCLR (official scratch, 50k SSL, current grouped CV)",2023-01-19-08,2023-01-16-15,86,136,20,0.0,0.0,0.0,0.05,0.0
atanas,3,42,"NuCLR (official scratch, 50k SSL, current grouped CV)",2023-01-19-08,2023-01-16-15,3,139,5,0.0,0.0,1.0,0.2,0.0
atanas,3,42,"NuCLR (official scratch, 50k SSL, current grouped CV)",2023-01-19-08,2023-01-16-15,135,140,7,0.0,0.0,0.0,0.14285714285714285,0.0
atanas,3,42,"NuCLR (official scratch, 50k SSL, current grouped CV)",2023-01-19-08,2023-01-16-15,45,171,1,1.0,1.0,1.0,1.0,0.0
atanas,3,42,"NuCLR (official scratch, 50k SSL, current grouped CV)",2023-01-19-08,2023-01-16-15,127,178,49,0.0,0.0,0.0,0.02040816326530612,0.0
atanas,3,42,"NuCLR (official scratch, 50k SSL, current grouped CV)",2023-01-19-08,2023-01-16-15,79,179,9,0.0,0.0,0.0,0.1111111111111111,1.0
atanas,3,42,"NuCLR (official scratch, 50k SSL, current grouped CV)",2023-01-19-08,2023-01-16-15,59,180,65,0.0,0.0,0.0,0.015384615384615385,0.0
atanas,3,42,"NuCLR (official scratch, 50k SSL, current grouped CV)",2023-01-19-08,2023-01-16-15,31,181,88,0.0,0.0,0.0,0.011363636363636364,0.0
atanas,3,42,"NuCLR (official scratch, 50k SSL, current grouped CV)",2023-01-19-08,2023-01-16-15,17,183,12,0.0,0.0,0.0,0.08333333333333333,0.0
atanas,3,42,"NuCLR (official scratch, 50k SSL, current grouped CV)",2023-01-19-08,2023-01-16-15,142,185,22,0.0,0.0,0.0,0.045454545454545456,0.0
atanas,3,42,"NuCLR (official scratch, 50k SSL, current grouped CV)",2023-01-19-08,2023-01-16-15,116,186,65,0.0,0.0,0.0,0.015384615384615385,0.0
atanas,3,42,"NuCLR (official scratch, 50k SSL, current grouped CV)",2023-01-23-15,2023-01-16-15,54,4,5,0.0,0.0,1.0,0.2,0.0
atanas,3,42,"NuCLR (official scratch, 50k SSL, current grouped CV)",2023-01-23-15,2023-01-16-15,132,13,3,0.0,1.0,1.0,0.3333333333333333,0.0
atanas,3,42,"NuCLR (official scratch, 50k SSL, current grouped CV)",2023-01-23-15,2023-01-16-15,29,14,4,0.0,0.0,1.0,0.25,0.0
atanas,3,42,"NuCLR (official scratch, 50k SSL, current grouped CV)",2023-01-23-15,2023-01-16-15,23,19,2,0.0,1.0,1.0,0.5,1.0
atanas,3,42,"NuCLR (official scratch, 50k SSL, current grouped CV)",2023-01-23-15,2023-01-16-15,5,21,39,0.0,0.0,0.0,0.02564102564102564,0.0
atanas,3,42,"NuCLR (official scratch, 50k SSL, current grouped CV)",2023-01-23-15,2023-01-16-15,116,25,29,0.0,0.0,0.0,0.034482758620689655,0.0
atanas,3,42,"NuCLR (official scratch, 50k SSL, current grouped CV)",2023-01-23-15,2023-01-16-15,96,26,17,0.0,0.0,0.0,0.058823529411764705,0.0
atanas,3,42,"NuCLR (official scratch, 50k SSL, current grouped CV)",2023-01-23-15,2023-01-16-15,95,29,4,0.0,0.0,1.0,0.25,0.0
atanas,3,42,"NuCLR (official scratch, 50k SSL, current grouped CV)",2023-01-23-15,2023-01-16-15,22,31,1,1.0,1.0,1.0,1.0,1.0
atanas,3,42,"NuCLR (official scratch, 50k SSL, current grouped CV)",2023-01-23-15,2023-01-16-15,88,32,1,1.0,1.0,1.0,1.0,1.0
atanas,3,42,"NuCLR (official scratch, 50k SSL, current grouped CV)",2023-01-23-15,2023-01-16-15,62,43,1,1.0,1.0,1.0,1.0,0.0
atanas,3,42,"NuCLR (official scratch, 50k SSL, current grouped CV)",2023-01-23-15,2023-01-16-15,127,47,13,0.0,0.0,0.0,0.07692307692307693,0.0
atanas,3,42,"NuCLR (official scratch, 50k SSL, current grouped CV)",2023-01-23-15,2023-01-16-15,97,48,8,0.0,0.0,0.0,0.125,0.0
atanas,3,42,"NuCLR (official scratch, 50k SSL, current grouped CV)",2023-01-23-15,2023-01-16-15,72,50,3,0.0,1.0,1.0,0.3333333333333333,0.0
atanas,3,42,"NuCLR (official scratch, 50k SSL, current grouped CV)",2023-01-23-15,2023-01-16-15,49,53,8,0.0,0.0,0.0,0.125,0.0
atanas,3,42,"NuCLR (official scratch, 50k SSL, current grouped CV)",2023-01-23-15,2023-01-16-15,94,54,10,0.0,0.0,0.0,0.1,0.0
atanas,3,42,"NuCLR (official scratch, 50k SSL, current grouped CV)",2023-01-23-15,2023-01-16-15,35,58,72,0.0,0.0,0.0,0.013888888888888888,0.0
atanas,3,42,"NuCLR (official scratch, 50k SSL, current grouped CV)",2023-01-23-15,2023-01-16-15,42,59,1,1.0,1.0,1.0,1.0,0.0
atanas,3,42,"NuCLR (official scratch, 50k SSL, current grouped CV)",2023-01-23-15,2023-01-16-15,98,60,3,0.0,1.0,1.0,0.3333333333333333,0.0
atanas,3,42,"NuCLR (official scratch, 50k SSL, current grouped CV)",2023-01-23-15,2023-01-16-15,81,61,22,0.0,0.0,0.0,0.045454545454545456,0.0
atanas,3,42,"NuCLR (official scratch, 50k SSL, current grouped CV)",2023-01-23-15,2023-01-16-15,24,62,32,0.0,0.0,0.0,0.03125,0.0
atanas,3,42,"NuCLR (official scratch, 50k SSL, current grouped CV)",2023-01-23-15,2023-01-16-15,31,63,33,0.0,0.0,0.0,0.030303030303030304,0.0
atanas,3,42,"NuCLR (official scratch, 50k SSL, current grouped CV)",2023-01-23-15,2023-01-16-15,87,67,70,0.0,0.0,0.0,0.014285714285714285,0.0
atanas,3,42,"NuCLR (official scratch, 50k SSL, current grouped CV)",2023-01-23-15,2023-01-16-15,128,68,9,0.0,0.0,0.0,0.1111111111111111,0.0
atanas,3,42,"NuCLR (official scratch, 50k SSL, current grouped CV)",2023-01-23-15,2023-01-16-15,122,69,18,0.0,0.0,0.0,0.05555555555555555,0.0
atanas,3,42,"NuCLR (official scratch, 50k SSL, current grouped CV)",2023-01-23-15,2023-01-16-15,140,70,7,0.0,0.0,0.0,0.14285714285714285,0.0
atanas,3,42,"NuCLR (official scratch, 50k SSL, current grouped CV)",2023-01-23-15,2023-01-16-15,100,71,34,0.0,0.0,0.0,0.029411764705882353,0.0
atanas,3,42,"NuCLR (official scratch, 50k SSL, current grouped CV)",2023-01-23-15,2023-01-16-15,60,72,8,0.0,0.0,0.0,0.125,0.0
atanas,3,42,"NuCLR (official scratch, 50k SSL, current grouped CV)",2023-01-23-15,2023-01-16-15,10,73,3,0.0,1.0,1.0,0.3333333333333333,0.0
atanas,3,42,"NuCLR (official scratch, 50k SSL, current grouped CV)",2023-01-23-15,2023-01-16-15,89,74,47,0.0,0.0,0.0,0.02127659574468085,0.0
atanas,3,42,"NuCLR (official scratch, 50k SSL, current grouped CV)",2023-01-23-15,2023-01-16-15,129,75,1,1.0,1.0,1.0,1.0,0.0
atanas,3,42,"NuCLR (official scratch, 50k SSL, current grouped CV)",2023-01-23-15,2023-01-16-15,1,76,3,0.0,1.0,1.0,0.3333333333333333,0.0
atanas,3,42,"NuCLR (official scratch, 50k SSL, current grouped CV)",2023-01-23-15,2023-01-16-15,131,77,1,1.0,1.0,1.0,1.0,1.0
atanas,3,42,"NuCLR (official scratch, 50k SSL, current grouped CV)",2023-01-23-15,2023-01-16-15,93,81,1,1.0,1.0,1.0,1.0,1.0
atanas,3,42,"NuCLR (official scratch, 50k SSL, current grouped CV)",2023-01-23-15,2023-01-16-15,6,82,44,0.0,0.0,0.0,0.022727272727272728,0.0
atanas,3,42,"NuCLR (official scratch, 50k SSL, current grouped CV)",2023-01-23-15,2023-01-16-15,63,83,9,0.0,0.0,0.0,0.1111111111111111,0.0
atanas,3,42,"NuCLR (official scratch, 50k SSL, current grouped CV)",2023-01-23-15,2023-01-16-15,133,88,23,0.0,0.0,0.0,0.043478260869565216,0.0
atanas,3,42,"NuCLR (official scratch, 50k SSL, current grouped CV)",2023-01-23-15,2023-01-16-15,41,89,86,0.0,0.0,0.0,0.011627906976744186,0.0
atanas,3,42,"NuCLR (official scratch, 50k SSL, current grouped CV)",2023-01-23-15,2023-01-16-15,61,90,5,0.0,0.0,1.0,0.2,0.0
atanas,3,42,"NuCLR (official scratch, 50k SSL, current grouped CV)",2023-01-23-15,2023-01-16-15,107,92,12,0.0,0.0,0.0,0.08333333333333333,0.0
atanas,3,42,"NuCLR (official scratch, 50k SSL, current grouped CV)",2023-01-23-15,2023-01-16-15,70,93,5,0.0,0.0,1.0,0.2,0.0
atanas,3,42,"NuCLR (official scratch, 50k SSL, current grouped CV)",2023-01-23-15,2023-01-16-15,25,94,3,0.0,1.0,1.0,0.3333333333333333,0.0
atanas,3,42,"NuCLR (official scratch, 50k SSL, current grouped CV)",2023-01-23-15,2023-01-16-15,78,96,1,1.0,1.0,1.0,1.0,1.0
atanas,3,42,"NuCLR (official scratch, 50k SSL, current grouped CV)",2023-01-23-15,2023-01-16-15,80,97,7,0.0,0.0,0.0,0.14285714285714285,0.0
atanas,3,42,"NuCLR (official scratch, 50k SSL, current grouped CV)",2023-01-23-15,2023-01-16-15,84,98,9,0.0,0.0,0.0,0.1111111111111111,0.0
atanas,3,42,"NuCLR (official scratch, 50k SSL, current grouped CV)",2023-01-23-15,2023-01-16-15,123,99,107,0.0,0.0,0.0,0.009345794392523364,0.0
atanas,3,42,"NuCLR (official scratch, 50k SSL, current grouped CV)",2023-01-23-15,2023-01-16-15,115,100,26,0.0,0.0,0.0,0.038461538461538464,0.0
atanas,3,42,"NuCLR (official scratch, 50k SSL, current grouped CV)",2023-01-23-15,2023-01-16-15,51,103,1,1.0,1.0,1.0,1.0,0.0
atanas,3,42,"NuCLR (official scratch, 50k SSL, current grouped CV)",2023-01-23-15,2023-01-16-15,91,104,2,0.0,1.0,1.0,0.5,0.0
atanas,3,42,"NuCLR (official scratch, 50k SSL, current grouped CV)",2023-01-23-15,2023-01-16-15,86,105,1,1.0,1.0,1.0,1.0,0.0
atanas,3,42,"NuCLR (official scratch, 50k SSL, current grouped CV)",2023-01-23-15,2023-01-16-15,126,106,8,0.0,0.0,0.0,0.125,0.0
atanas,3,42,"NuCLR (official scratch, 50k SSL, current grouped CV)",2023-01-23-15,2023-01-16-15,55,107,1,1.0,1.0,1.0,1.0,1.0
atanas,3,42,"NuCLR (official scratch, 50k SSL, current grouped CV)",2023-01-23-15,2023-01-16-15,118,108,35,0.0,0.0,0.0,0.02857142857142857,0.0
atanas,3,42,"NuCLR (official scratch, 50k SSL, current grouped CV)",2023-01-23-15,2023-01-16-15,104,111,20,0.0,0.0,0.0,0.05,0.0
atanas,3,42,"NuCLR (official scratch, 50k SSL, current grouped CV)",2023-01-23-15,2023-01-16-15,101,114,1,1.0,1.0,1.0,1.0,1.0
atanas,3,42,"NuCLR (official scratch, 50k SSL, current grouped CV)",2023-01-23-15,2023-01-16-15,58,117,48,0.0,0.0,0.0,0.020833333333333332,0.0
atanas,3,42,"NuCLR (official scratch, 50k SSL, current grouped CV)",2023-01-23-15,2023-01-16-15,119,118,1,1.0,1.0,1.0,1.0,1.0
atanas,3,42,"NuCLR (official scratch, 50k SSL, current grouped CV)",2023-01-23-15,2023-01-16-15,12,119,1,1.0,1.0,1.0,1.0,1.0
atanas,3,42,"NuCLR (official scratch, 50k SSL, current grouped CV)",2023-01-23-15,2023-01-16-15,34,129,1,1.0,1.0,1.0,1.0,1.0
atanas,3,42,"NuCLR (official scratch, 50k SSL, current grouped CV)",2023-01-23-15,2023-01-16-15,47,130,1,1.0,1.0,1.0,1.0,1.0
atanas,3,42,"NuCLR (official scratch, 50k SSL, current grouped CV)",2023-01-23-15,2023-01-16-15,136,136,9,0.0,0.0,0.0,0.1111111111111111,0.0
atanas,3,42,"NuCLR (official scratch, 50k SSL, current grouped CV)",2023-01-23-15,2023-01-16-15,69,139,1,1.0,1.0,1.0,1.0,1.0
atanas,3,42,"NuCLR (official scratch, 50k SSL, current grouped CV)",2023-01-23-15,2023-01-16-15,3,140,1,1.0,1.0,1.0,1.0,0.0
atanas,3,42,"NuCLR (official scratch, 50k SSL, current grouped CV)",2023-01-23-15,2023-01-16-15,17,142,51,0.0,0.0,0.0,0.0196078431372549,0.0
atanas,3,42,"NuCLR (official scratch, 50k SSL, current grouped CV)",2023-01-23-15,2023-01-16-15,11,150,48,0.0,0.0,0.0,0.020833333333333332,0.0
atanas,3,42,"NuCLR (official scratch, 50k SSL, current grouped CV)",2023-01-23-15,2023-01-16-15,40,171,1,1.0,1.0,1.0,1.0,1.0
atanas,3,42,"NuCLR (official scratch, 50k SSL, current grouped CV)",2023-01-23-15,2023-01-16-15,105,178,11,0.0,0.0,0.0,0.09090909090909091,0.0
atanas,3,42,"NuCLR (official scratch, 50k SSL, current grouped CV)",2023-01-23-15,2023-01-16-15,50,179,5,0.0,0.0,1.0,0.2,0.0
atanas,3,42,"NuCLR (official scratch, 50k SSL, current grouped CV)",2023-01-23-15,2023-01-16-15,85,180,4,0.0,0.0,1.0,0.25,0.0
atanas,3,42,"NuCLR (official scratch, 50k SSL, current grouped CV)",2023-01-23-15,2023-01-16-15,32,181,5,0.0,0.0,1.0,0.2,0.0
atanas,3,42,"NuCLR (official scratch, 50k SSL, current grouped CV)",2023-01-23-15,2023-01-16-15,106,183,2,0.0,1.0,1.0,0.5,0.0
atanas,3,42,"NuCLR (official scratch, 50k SSL, current grouped CV)",2023-01-23-15,2023-01-16-15,37,185,1,1.0,1.0,1.0,1.0,1.0
atanas,3,42,"NuCLR (official scratch, 50k SSL, current grouped CV)",2023-01-23-15,2023-01-16-15,113,186,94,0.0,0.0,0.0,0.010638297872340425,0.0
