method,aggregation,reference_uid,query_uid,query_index,identity,candidate_count,rank_min,rank_max,top1,top5,rr,predicted_identity
fDNC official fine-tuned (current Atanas grouped CV),template_score,2023-01-05-18,2022-12-21-06,0,M1,85,1,1,1.0,1.0,1.0,M1
fDNC official fine-tuned (current Atanas grouped CV),template_score,2023-01-05-18,2022-12-21-06,1,NSML,85,2,2,0.0,1.0,0.5,URAVL
fDNC official fine-tuned (current Atanas grouped CV),template_score,2023-01-05-18,2022-12-21-06,2,ASGL,85,38,38,0.0,0.0,0.02631578947368421,AWBR
fDNC official fine-tuned (current Atanas grouped CV),template_score,2023-01-05-18,2022-12-21-06,3,FLPL,85,1,1,1.0,1.0,1.0,FLPL
fDNC official fine-tuned (current Atanas grouped CV),template_score,2023-01-05-18,2022-12-21-06,5,ASER,85,1,1,1.0,1.0,1.0,ASER
fDNC official fine-tuned (current Atanas grouped CV),template_score,2023-01-05-18,2022-12-21-06,7,I1L,85,1,1,1.0,1.0,1.0,I1L
fDNC official fine-tuned (current Atanas grouped CV),template_score,2023-01-05-18,2022-12-21-06,9,AIBR,85,1,1,1.0,1.0,1.0,AIBR
fDNC official fine-tuned (current Atanas grouped CV),template_score,2023-01-05-18,2022-12-21-06,11,I2L,85,2,2,0.0,1.0,0.5,NSML
fDNC official fine-tuned (current Atanas grouped CV),template_score,2023-01-05-18,2022-12-21-06,12,IL2DL,85,2,2,0.0,1.0,0.5,URADL
fDNC official fine-tuned (current Atanas grouped CV),template_score,2023-01-05-18,2022-12-21-06,14,RID,85,1,1,1.0,1.0,1.0,RID
fDNC official fine-tuned (current Atanas grouped CV),template_score,2023-01-05-18,2022-12-21-06,15,ADLL,85,1,1,1.0,1.0,1.0,ADLL
fDNC official fine-tuned (current Atanas grouped CV),template_score,2023-01-05-18,2022-12-21-06,18,RMDL,85,2,2,0.0,1.0,0.5,AVEL
fDNC official fine-tuned (current Atanas grouped CV),template_score,2023-01-05-18,2022-12-21-06,19,AVAL,85,3,3,0.0,1.0,0.3333333333333333,RMDL
fDNC official fine-tuned (current Atanas grouped CV),template_score,2023-01-05-18,2022-12-21-06,20,I6,85,4,4,0.0,1.0,0.25,RICL
fDNC official fine-tuned (current Atanas grouped CV),template_score,2023-01-05-18,2022-12-21-06,22,RMDVL,85,3,3,0.0,1.0,0.3333333333333333,AVAL
fDNC official fine-tuned (current Atanas grouped CV),template_score,2023-01-05-18,2022-12-21-06,25,NSMR,85,2,2,0.0,1.0,0.5,M3R
fDNC official fine-tuned (current Atanas grouped CV),template_score,2023-01-05-18,2022-12-21-06,27,M3L,85,2,2,0.0,1.0,0.5,IL2VL
fDNC official fine-tuned (current Atanas grouped CV),template_score,2023-01-05-18,2022-12-21-06,29,AWBL,85,4,4,0.0,1.0,0.25,ASGL
fDNC official fine-tuned (current Atanas grouped CV),template_score,2023-01-05-18,2022-12-21-06,32,M4,85,1,1,1.0,1.0,1.0,M4
fDNC official fine-tuned (current Atanas grouped CV),template_score,2023-01-05-18,2022-12-21-06,33,IL2VR,85,4,4,0.0,1.0,0.25,NSMR
fDNC official fine-tuned (current Atanas grouped CV),template_score,2023-01-05-18,2022-12-21-06,34,I2R,85,2,2,0.0,1.0,0.5,NSMR
fDNC official fine-tuned (current Atanas grouped CV),template_score,2023-01-05-18,2022-12-21-06,40,M3R,85,1,1,1.0,1.0,1.0,M3R
fDNC official fine-tuned (current Atanas grouped CV),template_score,2023-01-05-18,2022-12-21-06,41,AUAL,85,3,3,0.0,1.0,0.3333333333333333,RMDDL
fDNC official fine-tuned (current Atanas grouped CV),template_score,2023-01-05-18,2022-12-21-06,44,URYDR,85,1,1,1.0,1.0,1.0,URYDR
fDNC official fine-tuned (current Atanas grouped CV),template_score,2023-01-05-18,2022-12-21-06,45,URXL,85,1,1,1.0,1.0,1.0,URXL
fDNC official fine-tuned (current Atanas grouped CV),template_score,2023-01-05-18,2022-12-21-06,48,AWCL,85,2,2,0.0,1.0,0.5,AUAL
fDNC official fine-tuned (current Atanas grouped CV),template_score,2023-01-05-18,2022-12-21-06,51,IL1L,85,3,3,0.0,1.0,0.3333333333333333,URYVL
fDNC official fine-tuned (current Atanas grouped CV),template_score,2023-01-05-18,2022-12-21-06,53,AVEL,85,2,2,0.0,1.0,0.5,AWCL
fDNC official fine-tuned (current Atanas grouped CV),template_score,2023-01-05-18,2022-12-21-06,59,IL2L,85,3,3,0.0,1.0,0.3333333333333333,URYVL
fDNC official fine-tuned (current Atanas grouped CV),template_score,2023-01-05-18,2022-12-21-06,61,IL2VL,85,1,1,1.0,1.0,1.0,IL2VL
fDNC official fine-tuned (current Atanas grouped CV),template_score,2023-01-05-18,2022-12-21-06,62,ASEL,85,5,5,0.0,1.0,0.2,AVBL
fDNC official fine-tuned (current Atanas grouped CV),template_score,2023-01-05-18,2022-12-21-06,66,RICL,85,1,1,1.0,1.0,1.0,RICL
fDNC official fine-tuned (current Atanas grouped CV),template_score,2023-01-05-18,2022-12-21-06,67,I1R,85,2,2,0.0,1.0,0.5,IL2VR
fDNC official fine-tuned (current Atanas grouped CV),template_score,2023-01-05-18,2022-12-21-06,70,RIVR,85,1,1,1.0,1.0,1.0,RIVR
fDNC official fine-tuned (current Atanas grouped CV),template_score,2023-01-05-18,2022-12-21-06,71,AVJR,85,3,3,0.0,1.0,0.3333333333333333,AINR
fDNC official fine-tuned (current Atanas grouped CV),template_score,2023-01-05-18,2022-12-21-06,72,MI,85,1,1,1.0,1.0,1.0,MI
fDNC official fine-tuned (current Atanas grouped CV),template_score,2023-01-05-18,2022-12-21-06,78,I3,85,2,2,0.0,1.0,0.5,MI
fDNC official fine-tuned (current Atanas grouped CV),template_score,2023-01-05-18,2022-12-21-06,81,URYDL,85,2,2,0.0,1.0,0.5,OLQDL
fDNC official fine-tuned (current Atanas grouped CV),template_score,2023-01-05-18,2022-12-21-06,82,RMDVR,85,1,1,1.0,1.0,1.0,RMDVR
fDNC official fine-tuned (current Atanas grouped CV),template_score,2023-01-05-18,2022-12-21-06,84,AVJL,85,1,1,1.0,1.0,1.0,AVJL
fDNC official fine-tuned (current Atanas grouped CV),template_score,2023-01-05-18,2022-12-21-06,87,OLQDL,85,1,1,1.0,1.0,1.0,OLQDL
fDNC official fine-tuned (current Atanas grouped CV),template_score,2023-01-05-18,2022-12-21-06,92,CEPVL,85,2,2,0.0,1.0,0.5,RMEV
fDNC official fine-tuned (current Atanas grouped CV),template_score,2023-01-05-18,2022-12-21-06,101,CEPDL,85,1,1,1.0,1.0,1.0,CEPDL
fDNC official fine-tuned (current Atanas grouped CV),template_score,2023-01-05-18,2022-12-21-06,103,AIZL,85,3,3,0.0,1.0,0.3333333333333333,RICL
fDNC official fine-tuned (current Atanas grouped CV),template_score,2023-01-05-18,2022-12-21-06,108,RMER,85,1,1,1.0,1.0,1.0,RMER
fDNC official fine-tuned (current Atanas grouped CV),template_score,2023-01-05-18,2022-12-21-06,109,OLQVR,85,1,1,1.0,1.0,1.0,OLQVR
fDNC official fine-tuned (current Atanas grouped CV),template_score,2023-01-05-18,2022-12-21-06,110,SMDVL,85,1,1,1.0,1.0,1.0,SMDVL
fDNC official fine-tuned (current Atanas grouped CV),template_score,2023-01-05-18,2022-12-21-06,112,OLQDR,85,2,2,0.0,1.0,0.5,URYDR
fDNC official fine-tuned (current Atanas grouped CV),template_score,2023-01-05-18,2022-12-21-06,119,URBR,85,1,1,1.0,1.0,1.0,URBR
fDNC official fine-tuned (current Atanas grouped CV),template_score,2023-01-05-18,2022-12-21-06,120,URYVL,85,3,3,0.0,1.0,0.3333333333333333,CEPVL
fDNC official fine-tuned (current Atanas grouped CV),template_score,2023-01-05-18,2022-12-21-06,122,RIVL,85,1,1,1.0,1.0,1.0,RIVL
fDNC official fine-tuned (current Atanas grouped CV),template_score,2023-01-05-18,2022-07-15-06,5,IL2VR,85,1,1,1.0,1.0,1.0,IL2VR
fDNC official fine-tuned (current Atanas grouped CV),template_score,2023-01-05-18,2022-07-15-06,8,ASGL,85,7,7,0.0,0.0,0.14285714285714285,AVJL
fDNC official fine-tuned (current Atanas grouped CV),template_score,2023-01-05-18,2022-07-15-06,10,AVEL,85,4,4,0.0,1.0,0.25,SAAVL
fDNC official fine-tuned (current Atanas grouped CV),template_score,2023-01-05-18,2022-07-15-06,14,AVAR,85,3,3,0.0,1.0,0.3333333333333333,RMDVR
fDNC official fine-tuned (current Atanas grouped CV),template_score,2023-01-05-18,2022-07-15-06,16,URYDL,85,6,6,0.0,0.0,0.16666666666666666,URBL
fDNC official fine-tuned (current Atanas grouped CV),template_score,2023-01-05-18,2022-07-15-06,19,AVAL,85,3,3,0.0,1.0,0.3333333333333333,SAAVL
fDNC official fine-tuned (current Atanas grouped CV),template_score,2023-01-05-18,2022-07-15-06,20,CEPVL,85,1,1,1.0,1.0,1.0,CEPVL
fDNC official fine-tuned (current Atanas grouped CV),template_score,2023-01-05-18,2022-07-15-06,22,ASEL,85,2,2,0.0,1.0,0.5,AVBL
fDNC official fine-tuned (current Atanas grouped CV),template_score,2023-01-05-18,2022-07-15-06,23,AVER,85,4,4,0.0,1.0,0.25,RMDVR
fDNC official fine-tuned (current Atanas grouped CV),template_score,2023-01-05-18,2022-07-15-06,28,ADER,85,5,5,0.0,1.0,0.2,FLPL
fDNC official fine-tuned (current Atanas grouped CV),template_score,2023-01-05-18,2022-07-15-06,29,AUAL,85,2,2,0.0,1.0,0.5,AWCL
fDNC official fine-tuned (current Atanas grouped CV),template_score,2023-01-05-18,2022-07-15-06,30,AWCL,85,3,3,0.0,1.0,0.3333333333333333,AVEL
fDNC official fine-tuned (current Atanas grouped CV),template_score,2023-01-05-18,2022-07-15-06,33,AVHL,85,2,2,0.0,1.0,0.5,AVJL
fDNC official fine-tuned (current Atanas grouped CV),template_score,2023-01-05-18,2022-07-15-06,34,ADLL,85,8,8,0.0,0.0,0.125,RIVL
fDNC official fine-tuned (current Atanas grouped CV),template_score,2023-01-05-18,2022-07-15-06,37,OLQVL,85,4,4,0.0,1.0,0.25,URYVL
fDNC official fine-tuned (current Atanas grouped CV),template_score,2023-01-05-18,2022-07-15-06,44,NSML,85,2,2,0.0,1.0,0.5,URAVL
fDNC official fine-tuned (current Atanas grouped CV),template_score,2023-01-05-18,2022-07-15-06,46,IL2DR,85,1,1,1.0,1.0,1.0,IL2DR
fDNC official fine-tuned (current Atanas grouped CV),template_score,2023-01-05-18,2022-07-15-06,49,RMDVR,85,1,1,1.0,1.0,1.0,RMDVR
fDNC official fine-tuned (current Atanas grouped CV),template_score,2023-01-05-18,2022-07-15-06,50,CEPDL,85,1,1,1.0,1.0,1.0,CEPDL
fDNC official fine-tuned (current Atanas grouped CV),template_score,2023-01-05-18,2022-07-15-06,52,OLQDR,85,3,3,0.0,1.0,0.3333333333333333,URYDR
fDNC official fine-tuned (current Atanas grouped CV),template_score,2023-01-05-18,2022-07-15-06,54,IL1L,85,5,5,0.0,1.0,0.2,CEPVL
fDNC official fine-tuned (current Atanas grouped CV),template_score,2023-01-05-18,2022-07-15-06,55,URAVL,85,6,6,0.0,0.0,0.16666666666666666,I1L
fDNC official fine-tuned (current Atanas grouped CV),template_score,2023-01-05-18,2022-07-15-06,56,IL1DR,85,1,1,1.0,1.0,1.0,IL1DR
fDNC official fine-tuned (current Atanas grouped CV),template_score,2023-01-05-18,2022-07-15-06,57,RMDL,85,2,2,0.0,1.0,0.5,AVEL
fDNC official fine-tuned (current Atanas grouped CV),template_score,2023-01-05-18,2022-07-15-06,59,IL1DL,85,1,1,1.0,1.0,1.0,IL1DL
fDNC official fine-tuned (current Atanas grouped CV),template_score,2023-01-05-18,2022-07-15-06,60,RMDVL,85,1,1,1.0,1.0,1.0,RMDVL
fDNC official fine-tuned (current Atanas grouped CV),template_score,2023-01-05-18,2022-07-15-06,62,RIVL,85,1,1,1.0,1.0,1.0,RIVL
fDNC official fine-tuned (current Atanas grouped CV),template_score,2023-01-05-18,2022-07-15-06,64,AIZL,85,1,1,1.0,1.0,1.0,AIZL
fDNC official fine-tuned (current Atanas grouped CV),template_score,2023-01-05-18,2022-07-15-06,67,OLLR,85,2,2,0.0,1.0,0.5,URBR
fDNC official fine-tuned (current Atanas grouped CV),template_score,2023-01-05-18,2022-07-15-06,72,OLQVR,85,1,1,1.0,1.0,1.0,OLQVR
fDNC official fine-tuned (current Atanas grouped CV),template_score,2023-01-05-18,2022-07-15-06,73,OLLL,85,5,5,0.0,1.0,0.2,IL1L
fDNC official fine-tuned (current Atanas grouped CV),template_score,2023-01-05-18,2022-07-15-06,74,SMDVL,85,4,4,0.0,1.0,0.25,URXL
fDNC official fine-tuned (current Atanas grouped CV),template_score,2023-01-05-18,2022-07-15-06,78,RIAL,85,3,3,0.0,1.0,0.3333333333333333,AWAL
fDNC official fine-tuned (current Atanas grouped CV),template_score,2023-01-05-18,2022-07-15-06,79,RID,85,2,2,0.0,1.0,0.5,CEPDR
fDNC official fine-tuned (current Atanas grouped CV),template_score,2023-01-05-18,2022-07-15-06,80,URXL,85,2,2,0.0,1.0,0.5,CEPDL
fDNC official fine-tuned (current Atanas grouped CV),template_score,2023-01-05-18,2022-07-15-06,81,M3R,85,1,1,1.0,1.0,1.0,M3R
fDNC official fine-tuned (current Atanas grouped CV),template_score,2023-01-05-18,2022-07-15-06,82,M3L,85,3,3,0.0,1.0,0.3333333333333333,IL2VL
fDNC official fine-tuned (current Atanas grouped CV),template_score,2023-01-05-18,2022-07-15-06,87,CEPDR,85,5,5,0.0,1.0,0.2,RID
fDNC official fine-tuned (current Atanas grouped CV),template_score,2023-01-05-18,2022-07-15-06,89,MCL,85,1,1,1.0,1.0,1.0,MCL
fDNC official fine-tuned (current Atanas grouped CV),template_score,2023-01-05-18,2022-07-15-06,90,NSMR,85,1,1,1.0,1.0,1.0,NSMR
fDNC official fine-tuned (current Atanas grouped CV),template_score,2023-01-05-18,2022-07-15-06,91,OLQDL,85,1,1,1.0,1.0,1.0,OLQDL
fDNC official fine-tuned (current Atanas grouped CV),template_score,2023-01-05-18,2022-07-15-06,93,URXR,85,2,2,0.0,1.0,0.5,CEPDR
fDNC official fine-tuned (current Atanas grouped CV),template_score,2023-01-05-18,2022-07-15-06,98,I2R,85,1,1,1.0,1.0,1.0,I2R
fDNC official fine-tuned (current Atanas grouped CV),template_score,2023-01-05-18,2022-07-15-06,104,AWBL,85,1,1,1.0,1.0,1.0,AWBL
fDNC official fine-tuned (current Atanas grouped CV),template_score,2023-01-05-18,2022-07-15-06,105,I1L,85,1,1,1.0,1.0,1.0,I1L
fDNC official fine-tuned (current Atanas grouped CV),template_score,2023-01-05-18,2022-07-15-06,112,AWAL,85,9,9,0.0,0.0,0.1111111111111111,ASEL
fDNC official fine-tuned (current Atanas grouped CV),template_score,2023-01-05-18,2022-07-15-06,113,RMEV,85,1,1,1.0,1.0,1.0,RMEV
fDNC official fine-tuned (current Atanas grouped CV),template_score,2023-01-05-18,2022-07-15-06,114,I2L,85,1,1,1.0,1.0,1.0,I2L
fDNC official fine-tuned (current Atanas grouped CV),template_score,2023-01-05-18,2022-07-15-06,115,IL2DL,85,3,3,0.0,1.0,0.3333333333333333,MI
fDNC official fine-tuned (current Atanas grouped CV),template_score,2023-01-05-18,2022-07-15-06,116,RMER,85,1,1,1.0,1.0,1.0,RMER
fDNC official fine-tuned (current Atanas grouped CV),template_score,2023-01-05-18,2022-07-15-06,117,I3,85,1,1,1.0,1.0,1.0,I3
fDNC official fine-tuned (current Atanas grouped CV),template_score,2023-01-05-18,2022-07-15-06,121,URADL,85,3,3,0.0,1.0,0.3333333333333333,IL1DL
fDNC official fine-tuned (current Atanas grouped CV),template_score,2023-01-05-18,2023-01-09-22,0,AVDR,85,1,1,1.0,1.0,1.0,AVDR
fDNC official fine-tuned (current Atanas grouped CV),template_score,2023-01-05-18,2023-01-09-22,1,URYVL,85,8,8,0.0,0.0,0.125,M3L
fDNC official fine-tuned (current Atanas grouped CV),template_score,2023-01-05-18,2023-01-09-22,3,OLQDL,85,1,1,1.0,1.0,1.0,OLQDL
fDNC official fine-tuned (current Atanas grouped CV),template_score,2023-01-05-18,2023-01-09-22,5,AIZL,85,2,2,0.0,1.0,0.5,RICL
fDNC official fine-tuned (current Atanas grouped CV),template_score,2023-01-05-18,2023-01-09-22,7,RMDL,85,1,1,1.0,1.0,1.0,RMDL
fDNC official fine-tuned (current Atanas grouped CV),template_score,2023-01-05-18,2023-01-09-22,8,URYDL,85,1,1,1.0,1.0,1.0,URYDL
fDNC official fine-tuned (current Atanas grouped CV),template_score,2023-01-05-18,2023-01-09-22,9,CEPVL,85,1,1,1.0,1.0,1.0,CEPVL
fDNC official fine-tuned (current Atanas grouped CV),template_score,2023-01-05-18,2023-01-09-22,10,OLLR,85,1,1,1.0,1.0,1.0,OLLR
fDNC official fine-tuned (current Atanas grouped CV),template_score,2023-01-05-18,2023-01-09-22,11,IL2DR,85,3,3,0.0,1.0,0.3333333333333333,URADR
fDNC official fine-tuned (current Atanas grouped CV),template_score,2023-01-05-18,2023-01-09-22,14,URBL,85,3,3,0.0,1.0,0.3333333333333333,IL1L
fDNC official fine-tuned (current Atanas grouped CV),template_score,2023-01-05-18,2023-01-09-22,15,I1R,85,1,1,1.0,1.0,1.0,I1R
fDNC official fine-tuned (current Atanas grouped CV),template_score,2023-01-05-18,2023-01-09-22,16,RMDVL,85,1,1,1.0,1.0,1.0,RMDVL
fDNC official fine-tuned (current Atanas grouped CV),template_score,2023-01-05-18,2023-01-09-22,21,AWCL,85,1,1,1.0,1.0,1.0,AWCL
fDNC official fine-tuned (current Atanas grouped CV),template_score,2023-01-05-18,2023-01-09-22,24,AVAL,85,1,1,1.0,1.0,1.0,AVAL
fDNC official fine-tuned (current Atanas grouped CV),template_score,2023-01-05-18,2023-01-09-22,25,IL1DR,85,1,1,1.0,1.0,1.0,IL1DR
fDNC official fine-tuned (current Atanas grouped CV),template_score,2023-01-05-18,2023-01-09-22,27,RIVL,85,1,1,1.0,1.0,1.0,RIVL
fDNC official fine-tuned (current Atanas grouped CV),template_score,2023-01-05-18,2023-01-09-22,28,RIAR,85,1,1,1.0,1.0,1.0,RIAR
fDNC official fine-tuned (current Atanas grouped CV),template_score,2023-01-05-18,2023-01-09-22,33,M3R,85,1,1,1.0,1.0,1.0,M3R
fDNC official fine-tuned (current Atanas grouped CV),template_score,2023-01-05-18,2023-01-09-22,34,RMER,85,1,1,1.0,1.0,1.0,RMER
fDNC official fine-tuned (current Atanas grouped CV),template_score,2023-01-05-18,2023-01-09-22,37,I2L,85,1,1,1.0,1.0,1.0,I2L
fDNC official fine-tuned (current Atanas grouped CV),template_score,2023-01-05-18,2023-01-09-22,39,ASEL,85,5,5,0.0,1.0,0.2,AVBL
fDNC official fine-tuned (current Atanas grouped CV),template_score,2023-01-05-18,2023-01-09-22,40,M3L,85,3,3,0.0,1.0,0.3333333333333333,MCL
fDNC official fine-tuned (current Atanas grouped CV),template_score,2023-01-05-18,2023-01-09-22,41,OLQVL,85,7,7,0.0,0.0,0.14285714285714285,URYVL
fDNC official fine-tuned (current Atanas grouped CV),template_score,2023-01-05-18,2023-01-09-22,43,FLPL,85,2,2,0.0,1.0,0.5,RICL
fDNC official fine-tuned (current Atanas grouped CV),template_score,2023-01-05-18,2023-01-09-22,48,URYDR,85,1,1,1.0,1.0,1.0,URYDR
fDNC official fine-tuned (current Atanas grouped CV),template_score,2023-01-05-18,2023-01-09-22,51,I3,85,2,2,0.0,1.0,0.5,MI
fDNC official fine-tuned (current Atanas grouped CV),template_score,2023-01-05-18,2023-01-09-22,53,IL2DL,85,7,7,0.0,0.0,0.14285714285714285,URADL
fDNC official fine-tuned (current Atanas grouped CV),template_score,2023-01-05-18,2023-01-09-22,55,RMEV,85,1,1,1.0,1.0,1.0,RMEV
fDNC official fine-tuned (current Atanas grouped CV),template_score,2023-01-05-18,2023-01-09-22,57,AVER,85,1,1,1.0,1.0,1.0,AVER
fDNC official fine-tuned (current Atanas grouped CV),template_score,2023-01-05-18,2023-01-09-22,59,CEPDR,85,1,1,1.0,1.0,1.0,CEPDR
fDNC official fine-tuned (current Atanas grouped CV),template_score,2023-01-05-18,2023-01-09-22,61,ADLL,85,1,1,1.0,1.0,1.0,ADLL
fDNC official fine-tuned (current Atanas grouped CV),template_score,2023-01-05-18,2023-01-09-22,64,CEPDL,85,1,1,1.0,1.0,1.0,CEPDL
fDNC official fine-tuned (current Atanas grouped CV),template_score,2023-01-05-18,2023-01-09-22,66,MI,85,1,1,1.0,1.0,1.0,MI
fDNC official fine-tuned (current Atanas grouped CV),template_score,2023-01-05-18,2023-01-09-22,71,SMDVL,85,1,1,1.0,1.0,1.0,SMDVL
fDNC official fine-tuned (current Atanas grouped CV),template_score,2023-01-05-18,2023-01-09-22,75,AVJL,85,2,2,0.0,1.0,0.5,AVHL
fDNC official fine-tuned (current Atanas grouped CV),template_score,2023-01-05-18,2023-01-09-22,76,IL2VL,85,2,2,0.0,1.0,0.5,URAVL
fDNC official fine-tuned (current Atanas grouped CV),template_score,2023-01-05-18,2023-01-09-22,77,AVJR,85,1,1,1.0,1.0,1.0,AVJR
fDNC official fine-tuned (current Atanas grouped CV),template_score,2023-01-05-18,2023-01-09-22,78,RID,85,1,1,1.0,1.0,1.0,RID
fDNC official fine-tuned (current Atanas grouped CV),template_score,2023-01-05-18,2023-01-09-22,84,IL2R,85,5,5,0.0,1.0,0.2,URBR
fDNC official fine-tuned (current Atanas grouped CV),template_score,2023-01-05-18,2023-01-09-22,86,URXL,85,1,1,1.0,1.0,1.0,URXL
fDNC official fine-tuned (current Atanas grouped CV),template_score,2023-01-05-18,2023-01-09-22,87,AINR,85,1,1,1.0,1.0,1.0,AINR
fDNC official fine-tuned (current Atanas grouped CV),template_score,2023-01-05-18,2023-01-09-22,89,I1L,85,1,1,1.0,1.0,1.0,I1L
fDNC official fine-tuned (current Atanas grouped CV),template_score,2023-01-05-18,2023-01-09-22,91,AIZR,85,4,4,0.0,1.0,0.25,FLPR
fDNC official fine-tuned (current Atanas grouped CV),template_score,2023-01-05-18,2023-01-09-22,92,ADLR,85,2,2,0.0,1.0,0.5,RIVR
fDNC official fine-tuned (current Atanas grouped CV),template_score,2023-01-05-18,2023-01-09-22,93,OLQVR,85,1,1,1.0,1.0,1.0,OLQVR
fDNC official fine-tuned (current Atanas grouped CV),template_score,2023-01-05-18,2023-01-09-22,94,OLLL,85,1,1,1.0,1.0,1.0,OLLL
fDNC official fine-tuned (current Atanas grouped CV),template_score,2023-01-05-18,2023-01-09-22,98,RMDVR,85,1,1,1.0,1.0,1.0,RMDVR
fDNC official fine-tuned (current Atanas grouped CV),template_score,2023-01-05-18,2023-01-09-22,102,URXR,85,1,1,1.0,1.0,1.0,URXR
fDNC official fine-tuned (current Atanas grouped CV),template_score,2023-01-05-18,2023-01-09-22,103,M4,85,1,1,1.0,1.0,1.0,M4
fDNC official fine-tuned (current Atanas grouped CV),template_score,2023-01-05-18,2023-01-09-22,105,RIVR,85,1,1,1.0,1.0,1.0,RIVR
fDNC official fine-tuned (current Atanas grouped CV),template_score,2023-01-05-18,2023-01-09-22,106,FLPR,85,2,2,0.0,1.0,0.5,ADER
fDNC official fine-tuned (current Atanas grouped CV),template_score,2023-01-05-18,2023-01-09-22,111,ASGL,85,2,2,0.0,1.0,0.5,ASIL
fDNC official fine-tuned (current Atanas grouped CV),template_score,2023-01-05-18,2023-01-09-22,113,AIBR,85,1,1,1.0,1.0,1.0,AIBR
fDNC official fine-tuned (current Atanas grouped CV),template_score,2023-01-05-18,2023-01-09-22,119,RIAL,85,2,2,0.0,1.0,0.5,SAAVL
fDNC official fine-tuned (current Atanas grouped CV),template_score,2023-01-05-18,2023-01-09-22,121,IL1L,85,2,2,0.0,1.0,0.5,IL2L
fDNC official fine-tuned (current Atanas grouped CV),template_score,2023-01-05-18,2023-01-09-22,122,AVEL,85,1,1,1.0,1.0,1.0,AVEL
fDNC official fine-tuned (current Atanas grouped CV),template_score,2023-01-05-18,2023-01-09-22,125,AVAR,85,2,2,0.0,1.0,0.5,RMDVR
fDNC official fine-tuned (current Atanas grouped CV),template_score,2023-01-05-18,2023-01-09-22,130,RMDDL,85,6,6,0.0,0.0,0.16666666666666666,AVEL
fDNC official fine-tuned (current Atanas grouped CV),template_score,2023-01-05-18,2023-01-09-22,131,NSML,85,2,2,0.0,1.0,0.5,I2L
fDNC official fine-tuned (current Atanas grouped CV),template_score,2023-01-05-18,2023-01-09-22,135,ADER,85,1,1,1.0,1.0,1.0,ADER
fDNC official fine-tuned (current Atanas grouped CV),template_score,2023-01-05-18,2023-01-09-22,136,AWBL,85,1,1,1.0,1.0,1.0,AWBL
fDNC official fine-tuned (current Atanas grouped CV),template_score,2023-01-05-18,2023-01-09-22,140,AUAL,85,1,1,1.0,1.0,1.0,AUAL
fDNC official fine-tuned (current Atanas grouped CV),template_score,2023-01-05-18,2023-01-09-22,145,IL2L,85,4,4,0.0,1.0,0.25,NSML
fDNC official fine-tuned (current Atanas grouped CV),template_score,2023-01-05-18,2023-01-23-01,5,MCL,85,1,1,1.0,1.0,1.0,MCL
fDNC official fine-tuned (current Atanas grouped CV),template_score,2023-01-05-18,2023-01-23-01,6,I2L,85,2,2,0.0,1.0,0.5,NSML
fDNC official fine-tuned (current Atanas grouped CV),template_score,2023-01-05-18,2023-01-23-01,7,IL2L,85,1,1,1.0,1.0,1.0,IL2L
fDNC official fine-tuned (current Atanas grouped CV),template_score,2023-01-05-18,2023-01-23-01,10,RID,85,1,1,1.0,1.0,1.0,RID
fDNC official fine-tuned (current Atanas grouped CV),template_score,2023-01-05-18,2023-01-23-01,11,AVDR,85,9,9,0.0,0.0,0.1111111111111111,AVJR
fDNC official fine-tuned (current Atanas grouped CV),template_score,2023-01-05-18,2023-01-23-01,12,OLQDL,85,1,1,1.0,1.0,1.0,OLQDL
fDNC official fine-tuned (current Atanas grouped CV),template_score,2023-01-05-18,2023-01-23-01,15,RMDVR,85,3,3,0.0,1.0,0.3333333333333333,AVAR
fDNC official fine-tuned (current Atanas grouped CV),template_score,2023-01-05-18,2023-01-23-01,22,AIZR,85,2,2,0.0,1.0,0.5,ASER
fDNC official fine-tuned (current Atanas grouped CV),template_score,2023-01-05-18,2023-01-23-01,26,FLPL,85,6,6,0.0,0.0,0.16666666666666666,AVJL
fDNC official fine-tuned (current Atanas grouped CV),template_score,2023-01-05-18,2023-01-23-01,27,RICL,85,1,1,1.0,1.0,1.0,RICL
fDNC official fine-tuned (current Atanas grouped CV),template_score,2023-01-05-18,2023-01-23-01,30,CEPDL,85,1,1,1.0,1.0,1.0,CEPDL
fDNC official fine-tuned (current Atanas grouped CV),template_score,2023-01-05-18,2023-01-23-01,33,ASEL,85,2,2,0.0,1.0,0.5,ASGL
fDNC official fine-tuned (current Atanas grouped CV),template_score,2023-01-05-18,2023-01-23-01,34,IL2R,85,1,1,1.0,1.0,1.0,IL2R
fDNC official fine-tuned (current Atanas grouped CV),template_score,2023-01-05-18,2023-01-23-01,36,URXR,85,1,1,1.0,1.0,1.0,URXR
fDNC official fine-tuned (current Atanas grouped CV),template_score,2023-01-05-18,2023-01-23-01,40,M3R,85,13,13,0.0,0.0,0.07692307692307693,IL2VL
fDNC official fine-tuned (current Atanas grouped CV),template_score,2023-01-05-18,2023-01-23-01,45,ADLL,85,1,1,1.0,1.0,1.0,ADLL
fDNC official fine-tuned (current Atanas grouped CV),template_score,2023-01-05-18,2023-01-23-01,46,AVAL,85,1,1,1.0,1.0,1.0,AVAL
fDNC official fine-tuned (current Atanas grouped CV),template_score,2023-01-05-18,2023-01-23-01,47,URXL,85,1,1,1.0,1.0,1.0,URXL
fDNC official fine-tuned (current Atanas grouped CV),template_score,2023-01-05-18,2023-01-23-01,54,IL1L,85,1,1,1.0,1.0,1.0,IL1L
fDNC official fine-tuned (current Atanas grouped CV),template_score,2023-01-05-18,2023-01-23-01,55,I1R,85,1,1,1.0,1.0,1.0,I1R
fDNC official fine-tuned (current Atanas grouped CV),template_score,2023-01-05-18,2023-01-23-01,57,AWAL,85,1,1,1.0,1.0,1.0,AWAL
fDNC official fine-tuned (current Atanas grouped CV),template_score,2023-01-05-18,2023-01-23-01,60,AVEL,85,1,1,1.0,1.0,1.0,AVEL
fDNC official fine-tuned (current Atanas grouped CV),template_score,2023-01-05-18,2023-01-23-01,63,AVJL,85,3,3,0.0,1.0,0.3333333333333333,AVHL
fDNC official fine-tuned (current Atanas grouped CV),template_score,2023-01-05-18,2023-01-23-01,64,AINR,85,4,4,0.0,1.0,0.25,RIVR
fDNC official fine-tuned (current Atanas grouped CV),template_score,2023-01-05-18,2023-01-23-01,65,IL2DL,85,3,3,0.0,1.0,0.3333333333333333,URADL
fDNC official fine-tuned (current Atanas grouped CV),template_score,2023-01-05-18,2023-01-23-01,66,OLLR,85,2,2,0.0,1.0,0.5,URBR
fDNC official fine-tuned (current Atanas grouped CV),template_score,2023-01-05-18,2023-01-23-01,68,M3L,85,6,6,0.0,0.0,0.16666666666666666,M3R
fDNC official fine-tuned (current Atanas grouped CV),template_score,2023-01-05-18,2023-01-23-01,69,AUAL,85,1,1,1.0,1.0,1.0,AUAL
fDNC official fine-tuned (current Atanas grouped CV),template_score,2023-01-05-18,2023-01-23-01,72,IL2VL,85,7,7,0.0,0.0,0.14285714285714285,I2L
fDNC official fine-tuned (current Atanas grouped CV),template_score,2023-01-05-18,2023-01-23-01,74,IL2DR,85,1,1,1.0,1.0,1.0,IL2DR
fDNC official fine-tuned (current Atanas grouped CV),template_score,2023-01-05-18,2023-01-23-01,76,I2R,85,2,2,0.0,1.0,0.5,NSMR
fDNC official fine-tuned (current Atanas grouped CV),template_score,2023-01-05-18,2023-01-23-01,77,AWCL,85,3,3,0.0,1.0,0.3333333333333333,RMDL
fDNC official fine-tuned (current Atanas grouped CV),template_score,2023-01-05-18,2023-01-23-01,79,RIVR,85,1,1,1.0,1.0,1.0,RIVR
fDNC official fine-tuned (current Atanas grouped CV),template_score,2023-01-05-18,2023-01-23-01,80,AWBL,85,4,4,0.0,1.0,0.25,AWAL
fDNC official fine-tuned (current Atanas grouped CV),template_score,2023-01-05-18,2023-01-23-01,81,MI,85,2,2,0.0,1.0,0.5,I3
fDNC official fine-tuned (current Atanas grouped CV),template_score,2023-01-05-18,2023-01-23-01,82,IL1DR,85,3,3,0.0,1.0,0.3333333333333333,URYDR
fDNC official fine-tuned (current Atanas grouped CV),template_score,2023-01-05-18,2023-01-23-01,88,IL2VR,85,1,1,1.0,1.0,1.0,IL2VR
fDNC official fine-tuned (current Atanas grouped CV),template_score,2023-01-05-18,2023-01-23-01,93,URYDL,85,1,1,1.0,1.0,1.0,URYDL
fDNC official fine-tuned (current Atanas grouped CV),template_score,2023-01-05-18,2023-01-23-01,94,CEPVL,85,1,1,1.0,1.0,1.0,CEPVL
fDNC official fine-tuned (current Atanas grouped CV),template_score,2023-01-05-18,2023-01-23-01,96,URAVL,85,5,5,0.0,1.0,0.2,I1L
fDNC official fine-tuned (current Atanas grouped CV),template_score,2023-01-05-18,2023-01-23-01,97,URYVL,85,3,3,0.0,1.0,0.3333333333333333,CEPVL
fDNC official fine-tuned (current Atanas grouped CV),template_score,2023-01-05-18,2023-01-23-01,102,FLPR,85,4,4,0.0,1.0,0.25,AVDR
fDNC official fine-tuned (current Atanas grouped CV),template_score,2023-01-05-18,2023-01-23-01,111,RMDL,85,1,1,1.0,1.0,1.0,RMDL
fDNC official fine-tuned (current Atanas grouped CV),template_score,2023-01-05-18,2023-01-23-01,117,OLQDR,85,2,2,0.0,1.0,0.5,URYDR
fDNC official fine-tuned (current Atanas grouped CV),template_score,2023-01-05-18,2023-01-23-01,119,OLLL,85,3,3,0.0,1.0,0.3333333333333333,URBL
fDNC official fine-tuned (current Atanas grouped CV),template_score,2023-01-05-18,2023-01-23-01,122,AIZL,85,1,1,1.0,1.0,1.0,AIZL
fDNC official fine-tuned (current Atanas grouped CV),template_score,2023-01-05-18,2023-01-23-01,124,CEPDR,85,1,1,1.0,1.0,1.0,CEPDR
fDNC official fine-tuned (current Atanas grouped CV),template_score,2023-01-05-18,2023-01-23-01,127,NSMR,85,1,1,1.0,1.0,1.0,NSMR
fDNC official fine-tuned (current Atanas grouped CV),template_score,2023-01-05-18,2023-01-23-01,128,RIVL,85,1,1,1.0,1.0,1.0,RIVL
fDNC official fine-tuned (current Atanas grouped CV),template_score,2023-01-05-18,2023-01-23-01,132,URBL,85,3,3,0.0,1.0,0.3333333333333333,IL1L
fDNC official fine-tuned (current Atanas grouped CV),template_score,2023-01-05-18,2023-01-23-01,133,URYDR,85,2,2,0.0,1.0,0.5,OLLR
fDNC official fine-tuned (current Atanas grouped CV),template_score,2023-01-05-18,2023-01-23-01,134,ADER,85,15,15,0.0,0.0,0.06666666666666667,AIZR
fDNC official fine-tuned (current Atanas grouped CV),template_score,2023-01-05-18,2023-01-23-01,138,SAAVL,85,1,1,1.0,1.0,1.0,SAAVL
fDNC official fine-tuned (current Atanas grouped CV),template_score,2023-01-05-18,2023-01-23-01,141,ASGL,85,4,4,0.0,1.0,0.25,AWAL
fDNC official fine-tuned (current Atanas grouped CV),template_score,2023-01-05-18,2023-01-23-01,142,AVJR,85,4,4,0.0,1.0,0.25,ADLR
fDNC official fine-tuned (current Atanas grouped CV),template_score,2023-01-05-18,2023-01-23-01,144,RMER,85,1,1,1.0,1.0,1.0,RMER
fDNC official fine-tuned (current Atanas grouped CV),template_score,2023-01-05-18,2023-01-23-01,146,I3,85,1,1,1.0,1.0,1.0,I3
fDNC official fine-tuned (current Atanas grouped CV),template_score,2023-01-05-18,2023-01-23-01,148,ADLR,85,5,5,0.0,1.0,0.2,CEPDR
fDNC official fine-tuned (current Atanas grouped CV),template_score,2023-01-05-18,2023-01-17-01,0,ASEL,85,3,3,0.0,1.0,0.3333333333333333,AVBL
fDNC official fine-tuned (current Atanas grouped CV),template_score,2023-01-05-18,2023-01-17-01,1,I6,85,2,2,0.0,1.0,0.5,M1
fDNC official fine-tuned (current Atanas grouped CV),template_score,2023-01-05-18,2023-01-17-01,2,OLQDL,85,1,1,1.0,1.0,1.0,OLQDL
fDNC official fine-tuned (current Atanas grouped CV),template_score,2023-01-05-18,2023-01-17-01,3,AIZL,85,2,2,0.0,1.0,0.5,AUAL
fDNC official fine-tuned (current Atanas grouped CV),template_score,2023-01-05-18,2023-01-17-01,5,IL1DR,85,4,4,0.0,1.0,0.25,OLLR
fDNC official fine-tuned (current Atanas grouped CV),template_score,2023-01-05-18,2023-01-17-01,6,OLLR,85,2,2,0.0,1.0,0.5,URBR
fDNC official fine-tuned (current Atanas grouped CV),template_score,2023-01-05-18,2023-01-17-01,9,AVHL,85,1,1,1.0,1.0,1.0,AVHL
fDNC official fine-tuned (current Atanas grouped CV),template_score,2023-01-05-18,2023-01-17-01,10,M4,85,1,1,1.0,1.0,1.0,M4
fDNC official fine-tuned (current Atanas grouped CV),template_score,2023-01-05-18,2023-01-17-01,12,IL2R,85,1,1,1.0,1.0,1.0,IL2R
fDNC official fine-tuned (current Atanas grouped CV),template_score,2023-01-05-18,2023-01-17-01,13,URBR,85,1,1,1.0,1.0,1.0,URBR
fDNC official fine-tuned (current Atanas grouped CV),template_score,2023-01-05-18,2023-01-17-01,17,NSMR,85,2,2,0.0,1.0,0.5,I2R
fDNC official fine-tuned (current Atanas grouped CV),template_score,2023-01-05-18,2023-01-17-01,18,I3,85,2,2,0.0,1.0,0.5,MI
fDNC official fine-tuned (current Atanas grouped CV),template_score,2023-01-05-18,2023-01-17-01,21,M3R,85,1,1,1.0,1.0,1.0,M3R
fDNC official fine-tuned (current Atanas grouped CV),template_score,2023-01-05-18,2023-01-17-01,22,M3L,85,1,1,1.0,1.0,1.0,M3L
fDNC official fine-tuned (current Atanas grouped CV),template_score,2023-01-05-18,2023-01-17-01,23,IL2DR,85,1,1,1.0,1.0,1.0,IL2DR
fDNC official fine-tuned (current Atanas grouped CV),template_score,2023-01-05-18,2023-01-17-01,24,I2L,85,1,1,1.0,1.0,1.0,I2L
fDNC official fine-tuned (current Atanas grouped CV),template_score,2023-01-05-18,2023-01-17-01,27,AVJL,85,3,3,0.0,1.0,0.3333333333333333,AVHL
fDNC official fine-tuned (current Atanas grouped CV),template_score,2023-01-05-18,2023-01-17-01,28,OLQDR,85,4,4,0.0,1.0,0.25,RMER
fDNC official fine-tuned (current Atanas grouped CV),template_score,2023-01-05-18,2023-01-17-01,30,AIBR,85,1,1,1.0,1.0,1.0,AIBR
fDNC official fine-tuned (current Atanas grouped CV),template_score,2023-01-05-18,2023-01-17-01,33,I1L,85,1,1,1.0,1.0,1.0,I1L
fDNC official fine-tuned (current Atanas grouped CV),template_score,2023-01-05-18,2023-01-17-01,41,AVER,85,1,1,1.0,1.0,1.0,AVER
fDNC official fine-tuned (current Atanas grouped CV),template_score,2023-01-05-18,2023-01-17-01,42,IL1DL,85,1,1,1.0,1.0,1.0,IL1DL
fDNC official fine-tuned (current Atanas grouped CV),template_score,2023-01-05-18,2023-01-17-01,46,SMDVL,85,4,4,0.0,1.0,0.25,ADLL
fDNC official fine-tuned (current Atanas grouped CV),template_score,2023-01-05-18,2023-01-17-01,49,IL2VR,85,6,6,0.0,0.0,0.16666666666666666,M3R
fDNC official fine-tuned (current Atanas grouped CV),template_score,2023-01-05-18,2023-01-17-01,52,ASER,85,1,1,1.0,1.0,1.0,ASER
fDNC official fine-tuned (current Atanas grouped CV),template_score,2023-01-05-18,2023-01-17-01,53,URYVL,85,1,1,1.0,1.0,1.0,URYVL
fDNC official fine-tuned (current Atanas grouped CV),template_score,2023-01-05-18,2023-01-17-01,55,AWAL,85,3,3,0.0,1.0,0.3333333333333333,ASGL
fDNC official fine-tuned (current Atanas grouped CV),template_score,2023-01-05-18,2023-01-17-01,56,URBL,85,1,1,1.0,1.0,1.0,URBL
fDNC official fine-tuned (current Atanas grouped CV),template_score,2023-01-05-18,2023-01-17-01,57,AIZR,85,5,5,0.0,1.0,0.2,FLPR
fDNC official fine-tuned (current Atanas grouped CV),template_score,2023-01-05-18,2023-01-17-01,58,RMDVR,85,1,1,1.0,1.0,1.0,RMDVR
fDNC official fine-tuned (current Atanas grouped CV),template_score,2023-01-05-18,2023-01-17-01,59,MI,85,1,1,1.0,1.0,1.0,MI
fDNC official fine-tuned (current Atanas grouped CV),template_score,2023-01-05-18,2023-01-17-01,62,I2R,85,2,2,0.0,1.0,0.5,IL2VR
fDNC official fine-tuned (current Atanas grouped CV),template_score,2023-01-05-18,2023-01-17-01,63,AVL,85,6,6,0.0,0.0,0.16666666666666666,CEPVL
fDNC official fine-tuned (current Atanas grouped CV),template_score,2023-01-05-18,2023-01-17-01,64,RMDDL,85,2,2,0.0,1.0,0.5,AVL
fDNC official fine-tuned (current Atanas grouped CV),template_score,2023-01-05-18,2023-01-17-01,65,RMER,85,1,1,1.0,1.0,1.0,RMER
fDNC official fine-tuned (current Atanas grouped CV),template_score,2023-01-05-18,2023-01-17-01,66,ASGL,85,4,4,0.0,1.0,0.25,ASIL
fDNC official fine-tuned (current Atanas grouped CV),template_score,2023-01-05-18,2023-01-17-01,68,IL1L,85,2,2,0.0,1.0,0.5,IL2L
fDNC official fine-tuned (current Atanas grouped CV),template_score,2023-01-05-18,2023-01-17-01,69,FLPL,85,2,2,0.0,1.0,0.5,RICL
fDNC official fine-tuned (current Atanas grouped CV),template_score,2023-01-05-18,2023-01-17-01,73,OLLL,85,2,2,0.0,1.0,0.5,URYDL
fDNC official fine-tuned (current Atanas grouped CV),template_score,2023-01-05-18,2023-01-17-01,74,RMEV,85,1,1,1.0,1.0,1.0,RMEV
fDNC official fine-tuned (current Atanas grouped CV),template_score,2023-01-05-18,2023-01-17-01,75,RIVL,85,1,1,1.0,1.0,1.0,RIVL
fDNC official fine-tuned (current Atanas grouped CV),template_score,2023-01-05-18,2023-01-17-01,78,MCL,85,1,1,1.0,1.0,1.0,MCL
fDNC official fine-tuned (current Atanas grouped CV),template_score,2023-01-05-18,2023-01-17-01,80,AUAL,85,3,3,0.0,1.0,0.3333333333333333,RMDDL
fDNC official fine-tuned (current Atanas grouped CV),template_score,2023-01-05-18,2023-01-17-01,83,RMDL,85,1,1,1.0,1.0,1.0,RMDL
fDNC official fine-tuned (current Atanas grouped CV),template_score,2023-01-05-18,2023-01-17-01,84,AVDR,85,1,1,1.0,1.0,1.0,AVDR
fDNC official fine-tuned (current Atanas grouped CV),template_score,2023-01-05-18,2023-01-17-01,87,IL2DL,85,9,9,0.0,0.0,0.1111111111111111,URADL
fDNC official fine-tuned (current Atanas grouped CV),template_score,2023-01-05-18,2023-01-17-01,88,AWBL,85,3,3,0.0,1.0,0.3333333333333333,AWAL
fDNC official fine-tuned (current Atanas grouped CV),template_score,2023-01-05-18,2023-01-17-01,89,RICL,85,1,1,1.0,1.0,1.0,RICL
fDNC official fine-tuned (current Atanas grouped CV),template_score,2023-01-05-18,2023-01-17-01,93,AVJR,85,3,3,0.0,1.0,0.3333333333333333,AIZR
fDNC official fine-tuned (current Atanas grouped CV),template_score,2023-01-05-18,2023-01-17-01,96,OLQVL,85,1,1,1.0,1.0,1.0,OLQVL
fDNC official fine-tuned (current Atanas grouped CV),template_score,2023-01-05-18,2023-01-17-01,100,AVAR,85,1,1,1.0,1.0,1.0,AVAR
fDNC official fine-tuned (current Atanas grouped CV),template_score,2023-01-05-18,2023-01-17-01,101,NSML,85,2,2,0.0,1.0,0.5,I2L
fDNC official fine-tuned (current Atanas grouped CV),template_score,2023-01-05-18,2023-01-17-01,105,CEPDL,85,43,43,0.0,0.0,0.023255813953488372,CEPVL
fDNC official fine-tuned (current Atanas grouped CV),template_score,2023-01-05-18,2023-01-17-01,110,AVAL,85,4,4,0.0,1.0,0.25,SAAVL
fDNC official fine-tuned (current Atanas grouped CV),template_score,2023-01-05-18,2023-01-17-01,112,ADLL,85,1,1,1.0,1.0,1.0,ADLL
fDNC official fine-tuned (current Atanas grouped CV),template_score,2023-01-05-18,2023-01-17-01,113,IL2VL,85,6,6,0.0,0.0,0.16666666666666666,I2L
fDNC official fine-tuned (current Atanas grouped CV),template_score,2023-01-05-18,2023-01-17-01,114,CEPVL,85,38,38,0.0,0.0,0.02631578947368421,CEPDL
fDNC official fine-tuned (current Atanas grouped CV),template_score,2023-01-05-18,2023-01-17-01,115,IL2L,85,1,1,1.0,1.0,1.0,IL2L
fDNC official fine-tuned (current Atanas grouped CV),template_score,2023-01-05-18,2023-01-17-01,116,RID,85,1,1,1.0,1.0,1.0,RID
fDNC official fine-tuned (current Atanas grouped CV),template_score,2023-01-05-18,2023-01-17-01,119,ADER,85,1,1,1.0,1.0,1.0,ADER
fDNC official fine-tuned (current Atanas grouped CV),template_score,2023-01-05-18,2023-01-17-01,121,OLQVR,85,1,1,1.0,1.0,1.0,OLQVR
fDNC official fine-tuned (current Atanas grouped CV),template_score,2023-01-05-18,2023-01-17-01,126,M1,85,1,1,1.0,1.0,1.0,M1
fDNC official fine-tuned (current Atanas grouped CV),template_score,2023-01-05-18,2023-01-17-01,127,RMDVL,85,2,2,0.0,1.0,0.5,AVAL
fDNC official fine-tuned (current Atanas grouped CV),template_score,2023-01-05-18,2023-01-17-01,130,URYDL,85,2,2,0.0,1.0,0.5,OLQDL
fDNC official fine-tuned (current Atanas grouped CV),template_score,2023-01-05-18,2023-01-17-01,133,AWCL,85,1,1,1.0,1.0,1.0,AWCL
fDNC official fine-tuned (current Atanas grouped CV),template_score,2023-01-05-18,2023-01-17-07,4,I2R,85,1,1,1.0,1.0,1.0,I2R
fDNC official fine-tuned (current Atanas grouped CV),template_score,2023-01-05-18,2023-01-17-07,7,OLQDR,85,1,1,1.0,1.0,1.0,OLQDR
fDNC official fine-tuned (current Atanas grouped CV),template_score,2023-01-05-18,2023-01-17-07,10,I3,85,2,2,0.0,1.0,0.5,MI
fDNC official fine-tuned (current Atanas grouped CV),template_score,2023-01-05-18,2023-01-17-07,16,AVAR,85,2,2,0.0,1.0,0.5,RMDVR
fDNC official fine-tuned (current Atanas grouped CV),template_score,2023-01-05-18,2023-01-17-07,17,AVDR,85,1,1,1.0,1.0,1.0,AVDR
fDNC official fine-tuned (current Atanas grouped CV),template_score,2023-01-05-18,2023-01-17-07,18,AUAL,85,2,2,0.0,1.0,0.5,RMDDL
fDNC official fine-tuned (current Atanas grouped CV),template_score,2023-01-05-18,2023-01-17-07,19,ASGL,85,2,2,0.0,1.0,0.5,ASEL
fDNC official fine-tuned (current Atanas grouped CV),template_score,2023-01-05-18,2023-01-17-07,21,RMDVR,85,1,1,1.0,1.0,1.0,RMDVR
fDNC official fine-tuned (current Atanas grouped CV),template_score,2023-01-05-18,2023-01-17-07,22,M3R,85,1,1,1.0,1.0,1.0,M3R
fDNC official fine-tuned (current Atanas grouped CV),template_score,2023-01-05-18,2023-01-17-07,23,AIZL,85,2,2,0.0,1.0,0.5,RICL
fDNC official fine-tuned (current Atanas grouped CV),template_score,2023-01-05-18,2023-01-17-07,25,IL1DL,85,4,4,0.0,1.0,0.25,URYDL
fDNC official fine-tuned (current Atanas grouped CV),template_score,2023-01-05-18,2023-01-17-07,26,URXL,85,1,1,1.0,1.0,1.0,URXL
fDNC official fine-tuned (current Atanas grouped CV),template_score,2023-01-05-18,2023-01-17-07,27,MCL,85,1,1,1.0,1.0,1.0,MCL
fDNC official fine-tuned (current Atanas grouped CV),template_score,2023-01-05-18,2023-01-17-07,28,AIBR,85,1,1,1.0,1.0,1.0,AIBR
fDNC official fine-tuned (current Atanas grouped CV),template_score,2023-01-05-18,2023-01-17-07,31,AVJL,85,1,1,1.0,1.0,1.0,AVJL
fDNC official fine-tuned (current Atanas grouped CV),template_score,2023-01-05-18,2023-01-17-07,32,AIZR,85,4,4,0.0,1.0,0.25,AVDR
fDNC official fine-tuned (current Atanas grouped CV),template_score,2023-01-05-18,2023-01-17-07,38,AVER,85,1,1,1.0,1.0,1.0,AVER
fDNC official fine-tuned (current Atanas grouped CV),template_score,2023-01-05-18,2023-01-17-07,39,I1R,85,1,1,1.0,1.0,1.0,I1R
fDNC official fine-tuned (current Atanas grouped CV),template_score,2023-01-05-18,2023-01-17-07,43,RIAL,85,1,1,1.0,1.0,1.0,RIAL
fDNC official fine-tuned (current Atanas grouped CV),template_score,2023-01-05-18,2023-01-17-07,44,AWAL,85,7,7,0.0,0.0,0.14285714285714285,ASGL
fDNC official fine-tuned (current Atanas grouped CV),template_score,2023-01-05-18,2023-01-17-07,45,I1L,85,1,1,1.0,1.0,1.0,I1L
fDNC official fine-tuned (current Atanas grouped CV),template_score,2023-01-05-18,2023-01-17-07,52,FLPL,85,3,3,0.0,1.0,0.3333333333333333,RICL
fDNC official fine-tuned (current Atanas grouped CV),template_score,2023-01-05-18,2023-01-17-07,55,RMER,85,1,1,1.0,1.0,1.0,RMER
fDNC official fine-tuned (current Atanas grouped CV),template_score,2023-01-05-18,2023-01-17-07,56,IL1L,85,2,2,0.0,1.0,0.5,URYVL
fDNC official fine-tuned (current Atanas grouped CV),template_score,2023-01-05-18,2023-01-17-07,57,CEPVL,85,2,2,0.0,1.0,0.5,RMEV
fDNC official fine-tuned (current Atanas grouped CV),template_score,2023-01-05-18,2023-01-17-07,58,ASEL,85,5,5,0.0,1.0,0.2,AVBL
fDNC official fine-tuned (current Atanas grouped CV),template_score,2023-01-05-18,2023-01-17-07,59,CEPDR,85,1,1,1.0,1.0,1.0,CEPDR
fDNC official fine-tuned (current Atanas grouped CV),template_score,2023-01-05-18,2023-01-17-07,66,RIVL,85,1,1,1.0,1.0,1.0,RIVL
fDNC official fine-tuned (current Atanas grouped CV),template_score,2023-01-05-18,2023-01-17-07,68,RICL,85,1,1,1.0,1.0,1.0,RICL
fDNC official fine-tuned (current Atanas grouped CV),template_score,2023-01-05-18,2023-01-17-07,71,URBR,85,1,1,1.0,1.0,1.0,URBR
fDNC official fine-tuned (current Atanas grouped CV),template_score,2023-01-05-18,2023-01-17-07,74,IL2DR,85,7,7,0.0,0.0,0.14285714285714285,IL2R
fDNC official fine-tuned (current Atanas grouped CV),template_score,2023-01-05-18,2023-01-17-07,75,OLLL,85,3,3,0.0,1.0,0.3333333333333333,URBL
fDNC official fine-tuned (current Atanas grouped CV),template_score,2023-01-05-18,2023-01-17-07,76,RIVR,85,4,4,0.0,1.0,0.25,AIZR
fDNC official fine-tuned (current Atanas grouped CV),template_score,2023-01-05-18,2023-01-17-07,79,RMDL,85,2,2,0.0,1.0,0.5,AVEL
fDNC official fine-tuned (current Atanas grouped CV),template_score,2023-01-05-18,2023-01-17-07,81,IL2VR,85,5,5,0.0,1.0,0.2,M3R
fDNC official fine-tuned (current Atanas grouped CV),template_score,2023-01-05-18,2023-01-17-07,82,OLQVL,85,2,2,0.0,1.0,0.5,CEPVL
fDNC official fine-tuned (current Atanas grouped CV),template_score,2023-01-05-18,2023-01-17-07,84,AVJR,85,3,3,0.0,1.0,0.3333333333333333,AINR
fDNC official fine-tuned (current Atanas grouped CV),template_score,2023-01-05-18,2023-01-17-07,85,URADL,85,8,8,0.0,0.0,0.125,OLLL
fDNC official fine-tuned (current Atanas grouped CV),template_score,2023-01-05-18,2023-01-17-07,90,IL2VL,85,1,1,1.0,1.0,1.0,IL2VL
fDNC official fine-tuned (current Atanas grouped CV),template_score,2023-01-05-18,2023-01-17-07,91,SAAVL,85,1,1,1.0,1.0,1.0,SAAVL
fDNC official fine-tuned (current Atanas grouped CV),template_score,2023-01-05-18,2023-01-17-07,93,RMDDL,85,9,9,0.0,0.0,0.1111111111111111,AVEL
fDNC official fine-tuned (current Atanas grouped CV),template_score,2023-01-05-18,2023-01-17-07,101,NSMR,85,1,1,1.0,1.0,1.0,NSMR
fDNC official fine-tuned (current Atanas grouped CV),template_score,2023-01-05-18,2023-01-17-07,107,OLQDL,85,1,1,1.0,1.0,1.0,OLQDL
fDNC official fine-tuned (current Atanas grouped CV),template_score,2023-01-05-18,2023-01-17-07,108,OLLR,85,2,2,0.0,1.0,0.5,URADR
fDNC official fine-tuned (current Atanas grouped CV),template_score,2023-01-05-18,2023-01-17-07,109,URXR,85,1,1,1.0,1.0,1.0,URXR
fDNC official fine-tuned (current Atanas grouped CV),template_score,2023-01-05-18,2023-01-17-07,111,CEPDL,85,1,1,1.0,1.0,1.0,CEPDL
fDNC official fine-tuned (current Atanas grouped CV),template_score,2023-01-05-18,2023-01-17-07,115,M3L,85,1,1,1.0,1.0,1.0,M3L
fDNC official fine-tuned (current Atanas grouped CV),template_score,2023-01-05-18,2023-01-17-07,122,I4,85,2,2,0.0,1.0,0.5,M1
fDNC official fine-tuned (current Atanas grouped CV),template_score,2023-01-05-18,2023-01-17-07,123,AVEL,85,1,1,1.0,1.0,1.0,AVEL
fDNC official fine-tuned (current Atanas grouped CV),template_score,2023-01-05-18,2023-01-17-07,125,URYVL,85,1,1,1.0,1.0,1.0,URYVL
fDNC official fine-tuned (current Atanas grouped CV),template_score,2023-01-05-18,2023-01-17-07,128,URBL,85,1,1,1.0,1.0,1.0,URBL
fDNC official fine-tuned (current Atanas grouped CV),template_score,2023-01-05-18,2023-01-17-07,131,AWBL,85,2,2,0.0,1.0,0.5,AWCL
fDNC official fine-tuned (current Atanas grouped CV),template_score,2023-01-05-18,2023-01-17-07,133,AWCL,85,2,2,0.0,1.0,0.5,AUAL
fDNC official fine-tuned (current Atanas grouped CV),template_score,2023-01-05-18,2023-01-17-07,134,I2L,85,1,1,1.0,1.0,1.0,I2L
fDNC official fine-tuned (current Atanas grouped CV),template_score,2023-01-05-18,2023-01-17-07,135,M1,85,1,1,1.0,1.0,1.0,M1
fDNC official fine-tuned (current Atanas grouped CV),template_score,2023-01-05-18,2023-01-17-07,136,RID,85,1,1,1.0,1.0,1.0,RID
fDNC official fine-tuned (current Atanas grouped CV),template_score,2023-01-05-18,2023-01-17-07,137,IL2DL,85,11,11,0.0,0.0,0.09090909090909091,IL2L
fDNC official fine-tuned (current Atanas grouped CV),template_score,2023-01-05-18,2023-01-17-07,142,SMDVL,85,1,1,1.0,1.0,1.0,SMDVL
fDNC official fine-tuned (current Atanas grouped CV),template_score,2023-01-05-18,2023-01-17-14,1,AVEL,85,2,2,0.0,1.0,0.5,AWCL
fDNC official fine-tuned (current Atanas grouped CV),template_score,2023-01-05-18,2023-01-17-14,3,RIVL,85,1,1,1.0,1.0,1.0,RIVL
fDNC official fine-tuned (current Atanas grouped CV),template_score,2023-01-05-18,2023-01-17-14,5,I2R,85,1,1,1.0,1.0,1.0,I2R
fDNC official fine-tuned (current Atanas grouped CV),template_score,2023-01-05-18,2023-01-17-14,6,AUAL,85,1,1,1.0,1.0,1.0,AUAL
fDNC official fine-tuned (current Atanas grouped CV),template_score,2023-01-05-18,2023-01-17-14,7,ADER,85,5,5,0.0,1.0,0.2,AVDR
fDNC official fine-tuned (current Atanas grouped CV),template_score,2023-01-05-18,2023-01-17-14,8,URXR,85,1,1,1.0,1.0,1.0,URXR
fDNC official fine-tuned (current Atanas grouped CV),template_score,2023-01-05-18,2023-01-17-14,11,ASGL,85,3,3,0.0,1.0,0.3333333333333333,ASIL
fDNC official fine-tuned (current Atanas grouped CV),template_score,2023-01-05-18,2023-01-17-14,12,I1L,85,1,1,1.0,1.0,1.0,I1L
fDNC official fine-tuned (current Atanas grouped CV),template_score,2023-01-05-18,2023-01-17-14,16,OLQDR,85,2,2,0.0,1.0,0.5,URYDR
fDNC official fine-tuned (current Atanas grouped CV),template_score,2023-01-05-18,2023-01-17-14,19,M3L,85,1,1,1.0,1.0,1.0,M3L
fDNC official fine-tuned (current Atanas grouped CV),template_score,2023-01-05-18,2023-01-17-14,20,AVJR,85,3,3,0.0,1.0,0.3333333333333333,AIZR
fDNC official fine-tuned (current Atanas grouped CV),template_score,2023-01-05-18,2023-01-17-14,21,ASIL,85,2,2,0.0,1.0,0.5,ADLL
fDNC official fine-tuned (current Atanas grouped CV),template_score,2023-01-05-18,2023-01-17-14,22,SMDVL,85,1,1,1.0,1.0,1.0,SMDVL
fDNC official fine-tuned (current Atanas grouped CV),template_score,2023-01-05-18,2023-01-17-14,34,CEPDL,85,2,2,0.0,1.0,0.5,URXL
fDNC official fine-tuned (current Atanas grouped CV),template_score,2023-01-05-18,2023-01-17-14,35,MI,85,1,1,1.0,1.0,1.0,MI
fDNC official fine-tuned (current Atanas grouped CV),template_score,2023-01-05-18,2023-01-17-14,36,URYVL,85,2,2,0.0,1.0,0.5,IL1L
fDNC official fine-tuned (current Atanas grouped CV),template_score,2023-01-05-18,2023-01-17-14,38,AIBR,85,2,2,0.0,1.0,0.5,AVER
fDNC official fine-tuned (current Atanas grouped CV),template_score,2023-01-05-18,2023-01-17-14,39,RICL,85,3,3,0.0,1.0,0.3333333333333333,AIZL
fDNC official fine-tuned (current Atanas grouped CV),template_score,2023-01-05-18,2023-01-17-14,40,RIVR,85,2,2,0.0,1.0,0.5,ADLR
fDNC official fine-tuned (current Atanas grouped CV),template_score,2023-01-05-18,2023-01-17-14,41,NSMR,85,1,1,1.0,1.0,1.0,NSMR
fDNC official fine-tuned (current Atanas grouped CV),template_score,2023-01-05-18,2023-01-17-14,42,OLQVL,85,1,1,1.0,1.0,1.0,OLQVL
fDNC official fine-tuned (current Atanas grouped CV),template_score,2023-01-05-18,2023-01-17-14,45,IL2DL,85,14,14,0.0,0.0,0.07142857142857142,URADL
fDNC official fine-tuned (current Atanas grouped CV),template_score,2023-01-05-18,2023-01-17-14,46,IL2R,85,1,1,1.0,1.0,1.0,IL2R
fDNC official fine-tuned (current Atanas grouped CV),template_score,2023-01-05-18,2023-01-17-14,51,SAAVL,85,7,7,0.0,0.0,0.14285714285714285,URXL
fDNC official fine-tuned (current Atanas grouped CV),template_score,2023-01-05-18,2023-01-17-14,52,IL1L,85,4,4,0.0,1.0,0.25,URBL
fDNC official fine-tuned (current Atanas grouped CV),template_score,2023-01-05-18,2023-01-17-14,53,URXL,85,2,2,0.0,1.0,0.5,CEPDL
fDNC official fine-tuned (current Atanas grouped CV),template_score,2023-01-05-18,2023-01-17-14,57,URBL,85,4,4,0.0,1.0,0.25,IL2L
fDNC official fine-tuned (current Atanas grouped CV),template_score,2023-01-05-18,2023-01-17-14,60,AWBR,85,1,1,1.0,1.0,1.0,AWBR
fDNC official fine-tuned (current Atanas grouped CV),template_score,2023-01-05-18,2023-01-17-14,61,OLQDL,85,3,3,0.0,1.0,0.3333333333333333,OLQDR
fDNC official fine-tuned (current Atanas grouped CV),template_score,2023-01-05-18,2023-01-17-14,62,AVJL,85,3,3,0.0,1.0,0.3333333333333333,RIVL
fDNC official fine-tuned (current Atanas grouped CV),template_score,2023-01-05-18,2023-01-17-14,64,FLPL,85,3,3,0.0,1.0,0.3333333333333333,RICL
fDNC official fine-tuned (current Atanas grouped CV),template_score,2023-01-05-18,2023-01-17-14,65,URBR,85,1,1,1.0,1.0,1.0,URBR
fDNC official fine-tuned (current Atanas grouped CV),template_score,2023-01-05-18,2023-01-17-14,67,URAVL,85,3,3,0.0,1.0,0.3333333333333333,I2L
fDNC official fine-tuned (current Atanas grouped CV),template_score,2023-01-05-18,2023-01-17-14,68,IL1DL,85,1,1,1.0,1.0,1.0,IL1DL
fDNC official fine-tuned (current Atanas grouped CV),template_score,2023-01-05-18,2023-01-17-14,70,AVER,85,1,1,1.0,1.0,1.0,AVER
fDNC official fine-tuned (current Atanas grouped CV),template_score,2023-01-05-18,2023-01-17-14,71,RMER,85,1,1,1.0,1.0,1.0,RMER
fDNC official fine-tuned (current Atanas grouped CV),template_score,2023-01-05-18,2023-01-17-14,72,URADR,85,1,1,1.0,1.0,1.0,URADR
fDNC official fine-tuned (current Atanas grouped CV),template_score,2023-01-05-18,2023-01-17-14,74,ADLL,85,1,1,1.0,1.0,1.0,ADLL
fDNC official fine-tuned (current Atanas grouped CV),template_score,2023-01-05-18,2023-01-17-14,75,RID,85,2,2,0.0,1.0,0.5,OLQDR
fDNC official fine-tuned (current Atanas grouped CV),template_score,2023-01-05-18,2023-01-17-14,77,OLLL,85,1,1,1.0,1.0,1.0,OLLL
fDNC official fine-tuned (current Atanas grouped CV),template_score,2023-01-05-18,2023-01-17-14,80,AIZR,85,2,2,0.0,1.0,0.5,AVDR
fDNC official fine-tuned (current Atanas grouped CV),template_score,2023-01-05-18,2023-01-17-14,82,RMDVL,85,1,1,1.0,1.0,1.0,RMDVL
fDNC official fine-tuned (current Atanas grouped CV),template_score,2023-01-05-18,2023-01-17-14,85,AVAL,85,1,1,1.0,1.0,1.0,AVAL
fDNC official fine-tuned (current Atanas grouped CV),template_score,2023-01-05-18,2023-01-17-14,87,RMDDL,85,1,1,1.0,1.0,1.0,RMDDL
fDNC official fine-tuned (current Atanas grouped CV),template_score,2023-01-05-18,2023-01-17-14,91,OLLR,85,2,2,0.0,1.0,0.5,URADR
fDNC official fine-tuned (current Atanas grouped CV),template_score,2023-01-05-18,2023-01-17-14,92,AIZL,85,1,1,1.0,1.0,1.0,AIZL
fDNC official fine-tuned (current Atanas grouped CV),template_score,2023-01-05-18,2023-01-17-14,93,URADL,85,2,2,0.0,1.0,0.5,IL1DL
fDNC official fine-tuned (current Atanas grouped CV),template_score,2023-01-05-18,2023-01-17-14,95,I2L,85,1,1,1.0,1.0,1.0,I2L
fDNC official fine-tuned (current Atanas grouped CV),template_score,2023-01-05-18,2023-01-17-14,97,URYDL,85,1,1,1.0,1.0,1.0,URYDL
fDNC official fine-tuned (current Atanas grouped CV),template_score,2023-01-05-18,2023-01-17-14,98,IL2VR,85,8,8,0.0,0.0,0.125,OLQVR
fDNC official fine-tuned (current Atanas grouped CV),template_score,2023-01-05-18,2023-01-17-14,102,IL2L,85,3,3,0.0,1.0,0.3333333333333333,I2L
fDNC official fine-tuned (current Atanas grouped CV),template_score,2023-01-05-18,2023-01-17-14,103,CEPDR,85,1,1,1.0,1.0,1.0,CEPDR
fDNC official fine-tuned (current Atanas grouped CV),template_score,2023-01-05-18,2023-01-17-14,104,AVHL,85,3,3,0.0,1.0,0.3333333333333333,RIVL
fDNC official fine-tuned (current Atanas grouped CV),template_score,2023-01-05-18,2023-01-17-14,105,IL2VL,85,8,8,0.0,0.0,0.125,I1L
fDNC official fine-tuned (current Atanas grouped CV),template_score,2023-01-05-18,2023-01-17-14,106,RMDVR,85,1,1,1.0,1.0,1.0,RMDVR
fDNC official fine-tuned (current Atanas grouped CV),template_score,2023-01-05-18,2023-01-17-14,108,RMDL,85,1,1,1.0,1.0,1.0,RMDL
fDNC official fine-tuned (current Atanas grouped CV),template_score,2023-01-05-18,2023-01-17-14,109,I3,85,2,2,0.0,1.0,0.5,MI
fDNC official fine-tuned (current Atanas grouped CV),template_score,2023-01-05-18,2023-01-17-14,110,RIAL,85,1,1,1.0,1.0,1.0,RIAL
fDNC official fine-tuned (current Atanas grouped CV),template_score,2023-01-05-18,2023-01-17-14,112,FLPR,85,1,1,1.0,1.0,1.0,FLPR
fDNC official fine-tuned (current Atanas grouped CV),template_score,2023-01-05-18,2023-01-17-14,114,OLQVR,85,2,2,0.0,1.0,0.5,URBR
fDNC official fine-tuned (current Atanas grouped CV),template_score,2023-01-05-18,2023-01-17-14,122,AWAL,85,1,1,1.0,1.0,1.0,AWAL
fDNC official fine-tuned (current Atanas grouped CV),template_score,2023-01-05-18,2023-01-17-14,124,ASEL,85,1,1,1.0,1.0,1.0,ASEL
fDNC official fine-tuned (current Atanas grouped CV),template_score,2023-01-05-18,2023-01-17-14,126,AVDR,85,5,5,0.0,1.0,0.2,AIZR
fDNC official fine-tuned (current Atanas grouped CV),template_score,2023-01-05-18,2023-01-17-14,133,M1,85,1,1,1.0,1.0,1.0,M1
fDNC official fine-tuned (current Atanas grouped CV),template_score,2023-01-05-18,2023-01-17-14,136,AWBL,85,1,1,1.0,1.0,1.0,AWBL
fDNC official fine-tuned (current Atanas grouped CV),template_score,2023-01-05-18,2023-01-17-14,137,I1R,85,1,1,1.0,1.0,1.0,I1R
fDNC official fine-tuned (current Atanas grouped CV),template_score,2023-01-05-18,2023-01-17-14,138,NSML,85,1,1,1.0,1.0,1.0,NSML
fDNC official fine-tuned (current Atanas grouped CV),template_score,2023-01-05-18,2023-01-17-14,141,IL2DR,85,6,6,0.0,0.0,0.16666666666666666,IL2DL
fDNC official fine-tuned (current Atanas grouped CV),template_score,2023-01-05-18,2023-01-17-14,143,M3R,85,1,1,1.0,1.0,1.0,M3R
fDNC official fine-tuned (current Atanas grouped CV),template_score,2023-01-05-18,2023-01-18-01,2,RMDVR,85,1,1,1.0,1.0,1.0,RMDVR
fDNC official fine-tuned (current Atanas grouped CV),template_score,2023-01-05-18,2023-01-18-01,3,RIVR,85,2,2,0.0,1.0,0.5,M1
fDNC official fine-tuned (current Atanas grouped CV),template_score,2023-01-05-18,2023-01-18-01,4,I2L,85,1,1,1.0,1.0,1.0,I2L
fDNC official fine-tuned (current Atanas grouped CV),template_score,2023-01-05-18,2023-01-18-01,5,IL2DL,85,4,4,0.0,1.0,0.25,URADL
fDNC official fine-tuned (current Atanas grouped CV),template_score,2023-01-05-18,2023-01-18-01,6,ASER,85,4,4,0.0,1.0,0.25,AWBR
fDNC official fine-tuned (current Atanas grouped CV),template_score,2023-01-05-18,2023-01-18-01,7,OLLL,85,1,1,1.0,1.0,1.0,OLLL
fDNC official fine-tuned (current Atanas grouped CV),template_score,2023-01-05-18,2023-01-18-01,9,URYVL,85,1,1,1.0,1.0,1.0,URYVL
fDNC official fine-tuned (current Atanas grouped CV),template_score,2023-01-05-18,2023-01-18-01,12,RMER,85,1,1,1.0,1.0,1.0,RMER
fDNC official fine-tuned (current Atanas grouped CV),template_score,2023-01-05-18,2023-01-18-01,14,AUAL,85,1,1,1.0,1.0,1.0,AUAL
fDNC official fine-tuned (current Atanas grouped CV),template_score,2023-01-05-18,2023-01-18-01,15,CEPDL,85,1,1,1.0,1.0,1.0,CEPDL
fDNC official fine-tuned (current Atanas grouped CV),template_score,2023-01-05-18,2023-01-18-01,16,AVAR,85,2,2,0.0,1.0,0.5,RMDVR
fDNC official fine-tuned (current Atanas grouped CV),template_score,2023-01-05-18,2023-01-18-01,19,FLPL,85,3,3,0.0,1.0,0.3333333333333333,RICL
fDNC official fine-tuned (current Atanas grouped CV),template_score,2023-01-05-18,2023-01-18-01,22,CEPVL,85,1,1,1.0,1.0,1.0,CEPVL
fDNC official fine-tuned (current Atanas grouped CV),template_score,2023-01-05-18,2023-01-18-01,25,AVJL,85,2,2,0.0,1.0,0.5,AVHL
fDNC official fine-tuned (current Atanas grouped CV),template_score,2023-01-05-18,2023-01-18-01,26,RICL,85,2,2,0.0,1.0,0.5,AIZL
fDNC official fine-tuned (current Atanas grouped CV),template_score,2023-01-05-18,2023-01-18-01,28,OLQVL,85,1,1,1.0,1.0,1.0,OLQVL
fDNC official fine-tuned (current Atanas grouped CV),template_score,2023-01-05-18,2023-01-18-01,30,IL2VR,85,1,1,1.0,1.0,1.0,IL2VR
fDNC official fine-tuned (current Atanas grouped CV),template_score,2023-01-05-18,2023-01-18-01,32,AIZR,85,2,2,0.0,1.0,0.5,AVDR
fDNC official fine-tuned (current Atanas grouped CV),template_score,2023-01-05-18,2023-01-18-01,33,RID,85,1,1,1.0,1.0,1.0,RID
fDNC official fine-tuned (current Atanas grouped CV),template_score,2023-01-05-18,2023-01-18-01,34,AVEL,85,1,1,1.0,1.0,1.0,AVEL
fDNC official fine-tuned (current Atanas grouped CV),template_score,2023-01-05-18,2023-01-18-01,36,URADL,85,28,28,0.0,0.0,0.03571428571428571,CEPVL
fDNC official fine-tuned (current Atanas grouped CV),template_score,2023-01-05-18,2023-01-18-01,37,URBL,85,1,1,1.0,1.0,1.0,URBL
fDNC official fine-tuned (current Atanas grouped CV),template_score,2023-01-05-18,2023-01-18-01,40,RIAL,85,1,1,1.0,1.0,1.0,RIAL
fDNC official fine-tuned (current Atanas grouped CV),template_score,2023-01-05-18,2023-01-18-01,44,IL1DL,85,1,1,1.0,1.0,1.0,IL1DL
fDNC official fine-tuned (current Atanas grouped CV),template_score,2023-01-05-18,2023-01-18-01,45,CEPDR,85,1,1,1.0,1.0,1.0,CEPDR
fDNC official fine-tuned (current Atanas grouped CV),template_score,2023-01-05-18,2023-01-18-01,48,AIZL,85,1,1,1.0,1.0,1.0,AIZL
fDNC official fine-tuned (current Atanas grouped CV),template_score,2023-01-05-18,2023-01-18-01,49,ASGL,85,5,5,0.0,1.0,0.2,AWAL
fDNC official fine-tuned (current Atanas grouped CV),template_score,2023-01-05-18,2023-01-18-01,53,AINR,85,1,1,1.0,1.0,1.0,AINR
fDNC official fine-tuned (current Atanas grouped CV),template_score,2023-01-05-18,2023-01-18-01,54,RMDL,85,1,1,1.0,1.0,1.0,RMDL
fDNC official fine-tuned (current Atanas grouped CV),template_score,2023-01-05-18,2023-01-18-01,58,IL2DR,85,1,1,1.0,1.0,1.0,IL2DR
fDNC official fine-tuned (current Atanas grouped CV),template_score,2023-01-05-18,2023-01-18-01,62,IL1DR,85,3,3,0.0,1.0,0.3333333333333333,OLLR
fDNC official fine-tuned (current Atanas grouped CV),template_score,2023-01-05-18,2023-01-18-01,63,MI,85,1,1,1.0,1.0,1.0,MI
fDNC official fine-tuned (current Atanas grouped CV),template_score,2023-01-05-18,2023-01-18-01,65,IL1L,85,2,2,0.0,1.0,0.5,IL2L
fDNC official fine-tuned (current Atanas grouped CV),template_score,2023-01-05-18,2023-01-18-01,73,AIBR,85,3,3,0.0,1.0,0.3333333333333333,AVER
fDNC official fine-tuned (current Atanas grouped CV),template_score,2023-01-05-18,2023-01-18-01,75,RIVL,85,2,2,0.0,1.0,0.5,ASIL
fDNC official fine-tuned (current Atanas grouped CV),template_score,2023-01-05-18,2023-01-18-01,76,ASEL,85,4,4,0.0,1.0,0.25,AWCL
fDNC official fine-tuned (current Atanas grouped CV),template_score,2023-01-05-18,2023-01-18-01,77,AVDR,85,8,8,0.0,0.0,0.125,AVJR
fDNC official fine-tuned (current Atanas grouped CV),template_score,2023-01-05-18,2023-01-18-01,78,URBR,85,2,2,0.0,1.0,0.5,OLQVR
fDNC official fine-tuned (current Atanas grouped CV),template_score,2023-01-05-18,2023-01-18-01,80,IL2R,85,3,3,0.0,1.0,0.3333333333333333,M3R
fDNC official fine-tuned (current Atanas grouped CV),template_score,2023-01-05-18,2023-01-18-01,81,M3L,85,2,2,0.0,1.0,0.5,MCL
fDNC official fine-tuned (current Atanas grouped CV),template_score,2023-01-05-18,2023-01-18-01,82,AVAL,85,2,2,0.0,1.0,0.5,RMDL
fDNC official fine-tuned (current Atanas grouped CV),template_score,2023-01-05-18,2023-01-18-01,84,RMDDL,85,3,3,0.0,1.0,0.3333333333333333,AVL
fDNC official fine-tuned (current Atanas grouped CV),template_score,2023-01-05-18,2023-01-18-01,89,AWCL,85,1,1,1.0,1.0,1.0,AWCL
fDNC official fine-tuned (current Atanas grouped CV),template_score,2023-01-05-18,2023-01-18-01,92,M4,85,2,2,0.0,1.0,0.5,I3
fDNC official fine-tuned (current Atanas grouped CV),template_score,2023-01-05-18,2023-01-18-01,95,OLQVR,85,1,1,1.0,1.0,1.0,OLQVR
fDNC official fine-tuned (current Atanas grouped CV),template_score,2023-01-05-18,2023-01-18-01,97,RMDVL,85,1,1,1.0,1.0,1.0,RMDVL
fDNC official fine-tuned (current Atanas grouped CV),template_score,2023-01-05-18,2023-01-18-01,98,OLQDR,85,2,2,0.0,1.0,0.5,URYDR
fDNC official fine-tuned (current Atanas grouped CV),template_score,2023-01-05-18,2023-01-18-01,100,AWBL,85,1,1,1.0,1.0,1.0,AWBL
fDNC official fine-tuned (current Atanas grouped CV),template_score,2023-01-05-18,2023-01-18-01,102,I3,85,2,2,0.0,1.0,0.5,MI
fDNC official fine-tuned (current Atanas grouped CV),template_score,2023-01-05-18,2023-01-18-01,106,SMDVL,85,1,1,1.0,1.0,1.0,SMDVL
fDNC official fine-tuned (current Atanas grouped CV),template_score,2023-01-05-18,2023-01-18-01,109,I1L,85,1,1,1.0,1.0,1.0,I1L
fDNC official fine-tuned (current Atanas grouped CV),template_score,2023-01-05-18,2023-01-18-01,110,MCL,85,1,1,1.0,1.0,1.0,MCL
fDNC official fine-tuned (current Atanas grouped CV),template_score,2023-01-05-18,2023-01-18-01,111,NSML,85,2,2,0.0,1.0,0.5,I2L
fDNC official fine-tuned (current Atanas grouped CV),template_score,2023-01-05-18,2023-01-18-01,112,OLQDL,85,1,1,1.0,1.0,1.0,OLQDL
fDNC official fine-tuned (current Atanas grouped CV),template_score,2023-01-05-18,2023-01-18-01,113,IL2L,85,1,1,1.0,1.0,1.0,IL2L
fDNC official fine-tuned (current Atanas grouped CV),template_score,2023-01-05-18,2023-01-18-01,115,IL2VL,85,6,6,0.0,0.0,0.16666666666666666,NSML
fDNC official fine-tuned (current Atanas grouped CV),template_score,2023-01-05-18,2023-01-18-01,117,FLPR,85,8,8,0.0,0.0,0.125,AINR
fDNC official fine-tuned (current Atanas grouped CV),template_score,2023-01-05-18,2023-01-18-01,118,ADLL,85,1,1,1.0,1.0,1.0,ADLL
fDNC official fine-tuned (current Atanas grouped CV),template_score,2023-01-05-18,2023-01-18-01,119,URYDL,85,1,1,1.0,1.0,1.0,URYDL
fDNC official fine-tuned (current Atanas grouped CV),template_score,2023-01-05-18,2023-01-18-01,123,OLLR,85,2,2,0.0,1.0,0.5,URBR
fDNC official fine-tuned (current Atanas grouped CV),template_score,2023-01-05-18,2023-01-18-01,125,I4,85,2,2,0.0,1.0,0.5,M1
