fold,seed,uid,source_path,node_index,identity,medoid_uid,medoid_candidate_present,full_rank,medoid_rank,full_top1,medoid_top1,full_top5,medoid_top5,full_rr,medoid_rr,full_hungarian_correct,medoid_hungarian_correct
4,42,20240902-16-53-12,/home/ubuntu/klb/nuclr/nuclr/Data/Dunn_001623/cv5_grouped_v1/fold_4/test/test__20240902-16-53-12__d37b2c72.npz,3,RMED,20230909-16-14-25,1,1,1,1,1,1,1,1.0,1.0,1,1
4,42,20240902-16-53-12,/home/ubuntu/klb/nuclr/nuclr/Data/Dunn_001623/cv5_grouped_v1/fold_4/test/test__20240902-16-53-12__d37b2c72.npz,7,RMEV,20230909-16-14-25,1,1,1,1,1,1,1,1.0,1.0,1,1
4,42,20240902-16-53-12,/home/ubuntu/klb/nuclr/nuclr/Data/Dunn_001623/cv5_grouped_v1/fold_4/test/test__20240902-16-53-12__d37b2c72.npz,8,RID,20230909-16-14-25,0,1,-1,1,0,1,0,1.0,0.0,1,0
4,42,20240902-16-53-12,/home/ubuntu/klb/nuclr/nuclr/Data/Dunn_001623/cv5_grouped_v1/fold_4/test/test__20240902-16-53-12__d37b2c72.npz,10,SMDVL,20230909-16-14-25,0,1,-1,1,0,1,0,1.0,0.0,1,0
4,42,20240902-16-53-12,/home/ubuntu/klb/nuclr/nuclr/Data/Dunn_001623/cv5_grouped_v1/fold_4/test/test__20240902-16-53-12__d37b2c72.npz,11,RMDVL,20230909-16-14-25,0,1,-1,1,0,1,0,1.0,0.0,1,0
4,42,20240902-16-53-12,/home/ubuntu/klb/nuclr/nuclr/Data/Dunn_001623/cv5_grouped_v1/fold_4/test/test__20240902-16-53-12__d37b2c72.npz,26,AVEL,20230909-16-14-25,0,1,-1,1,0,1,0,1.0,0.0,1,0
4,42,20240902-16-53-12,/home/ubuntu/klb/nuclr/nuclr/Data/Dunn_001623/cv5_grouped_v1/fold_4/test/test__20240902-16-53-12__d37b2c72.npz,27,SMDVR,20230909-16-14-25,1,1,1,1,1,1,1,1.0,1.0,1,1
4,42,20240902-16-53-12,/home/ubuntu/klb/nuclr/nuclr/Data/Dunn_001623/cv5_grouped_v1/fold_4/test/test__20240902-16-53-12__d37b2c72.npz,30,AVAR,20230909-16-14-25,1,1,1,1,1,1,1,1.0,1.0,1,1
4,42,20240902-16-53-12,/home/ubuntu/klb/nuclr/nuclr/Data/Dunn_001623/cv5_grouped_v1/fold_4/test/test__20240902-16-53-12__d37b2c72.npz,39,CEPDL,20230909-16-14-25,0,1,-1,1,0,1,0,1.0,0.0,1,0
4,42,20240902-16-53-12,/home/ubuntu/klb/nuclr/nuclr/Data/Dunn_001623/cv5_grouped_v1/fold_4/test/test__20240902-16-53-12__d37b2c72.npz,45,AFDR,20230909-16-14-25,0,1,-1,1,0,1,0,1.0,0.0,1,0
4,42,20240902-16-53-12,/home/ubuntu/klb/nuclr/nuclr/Data/Dunn_001623/cv5_grouped_v1/fold_4/test/test__20240902-16-53-12__d37b2c72.npz,53,RMDR,20230909-16-14-25,0,1,-1,1,0,1,0,1.0,0.0,1,0
4,42,20240902-16-53-12,/home/ubuntu/klb/nuclr/nuclr/Data/Dunn_001623/cv5_grouped_v1/fold_4/test/test__20240902-16-53-12__d37b2c72.npz,57,RMDVR,20230909-16-14-25,0,1,-1,1,0,1,0,1.0,0.0,1,0
4,42,20240902-16-53-12,/home/ubuntu/klb/nuclr/nuclr/Data/Dunn_001623/cv5_grouped_v1/fold_4/test/test__20240902-16-53-12__d37b2c72.npz,68,ALA,20230909-16-14-25,0,1,-1,1,0,1,0,1.0,0.0,1,0
4,42,20240902-16-53-12,/home/ubuntu/klb/nuclr/nuclr/Data/Dunn_001623/cv5_grouped_v1/fold_4/test/test__20240902-16-53-12__d37b2c72.npz,72,RIVL,20230909-16-14-25,0,1,-1,1,0,1,0,1.0,0.0,1,0
4,42,20240902-16-53-12,/home/ubuntu/klb/nuclr/nuclr/Data/Dunn_001623/cv5_grouped_v1/fold_4/test/test__20240902-16-53-12__d37b2c72.npz,83,AVAL,20230909-16-14-25,0,1,-1,1,0,1,0,1.0,0.0,1,0
4,42,20240902-16-53-12,/home/ubuntu/klb/nuclr/nuclr/Data/Dunn_001623/cv5_grouped_v1/fold_4/test/test__20240902-16-53-12__d37b2c72.npz,104,AFDL,20230909-16-14-25,0,4,-1,0,0,1,0,0.25,0.0,0,0
4,42,20240902-16-53-12,/home/ubuntu/klb/nuclr/nuclr/Data/Dunn_001623/cv5_grouped_v1/fold_4/test/test__20240902-16-53-12__d37b2c72.npz,105,AWAL,20230909-16-14-25,0,1,-1,1,0,1,0,1.0,0.0,1,0
4,42,20240902-16-53-12,/home/ubuntu/klb/nuclr/nuclr/Data/Dunn_001623/cv5_grouped_v1/fold_4/test/test__20240902-16-53-12__d37b2c72.npz,106,RMDL,20230909-16-14-25,0,1,-1,1,0,1,0,1.0,0.0,1,0
4,42,20240902-16-53-12,/home/ubuntu/klb/nuclr/nuclr/Data/Dunn_001623/cv5_grouped_v1/fold_4/test/test__20240902-16-53-12__d37b2c72.npz,108,RIAR,20230909-16-14-25,0,1,-1,1,0,1,0,1.0,0.0,1,0
4,42,20240904-14-55-14,/home/ubuntu/klb/nuclr/nuclr/Data/Dunn_001623/cv5_grouped_v1/fold_4/test/test__20240904-14-55-14__9a84acb1.npz,5,RMED,20230909-16-14-25,1,1,1,1,1,1,1,1.0,1.0,1,1
4,42,20240904-14-55-14,/home/ubuntu/klb/nuclr/nuclr/Data/Dunn_001623/cv5_grouped_v1/fold_4/test/test__20240904-14-55-14__9a84acb1.npz,6,SMDVR,20230909-16-14-25,1,1,1,1,1,1,1,1.0,1.0,1,1
4,42,20240904-14-55-14,/home/ubuntu/klb/nuclr/nuclr/Data/Dunn_001623/cv5_grouped_v1/fold_4/test/test__20240904-14-55-14__9a84acb1.npz,7,RID,20230909-16-14-25,0,1,-1,1,0,1,0,1.0,0.0,1,0
4,42,20240904-14-55-14,/home/ubuntu/klb/nuclr/nuclr/Data/Dunn_001623/cv5_grouped_v1/fold_4/test/test__20240904-14-55-14__9a84acb1.npz,10,RMEV,20230909-16-14-25,1,1,1,1,1,1,1,1.0,1.0,1,1
4,42,20240904-14-55-14,/home/ubuntu/klb/nuclr/nuclr/Data/Dunn_001623/cv5_grouped_v1/fold_4/test/test__20240904-14-55-14__9a84acb1.npz,13,SMDVL,20230909-16-14-25,0,1,-1,1,0,1,0,1.0,0.0,1,0
4,42,20240904-14-55-14,/home/ubuntu/klb/nuclr/nuclr/Data/Dunn_001623/cv5_grouped_v1/fold_4/test/test__20240904-14-55-14__9a84acb1.npz,21,ALA,20230909-16-14-25,0,1,-1,1,0,1,0,1.0,0.0,1,0
4,42,20240904-14-55-14,/home/ubuntu/klb/nuclr/nuclr/Data/Dunn_001623/cv5_grouped_v1/fold_4/test/test__20240904-14-55-14__9a84acb1.npz,25,SMDDL,20230909-16-14-25,0,1,-1,1,0,1,0,1.0,0.0,1,0
4,42,20240904-14-55-14,/home/ubuntu/klb/nuclr/nuclr/Data/Dunn_001623/cv5_grouped_v1/fold_4/test/test__20240904-14-55-14__9a84acb1.npz,27,RMDR,20230909-16-14-25,0,4,-1,0,0,1,0,0.25,0.0,0,0
4,42,20240904-14-55-14,/home/ubuntu/klb/nuclr/nuclr/Data/Dunn_001623/cv5_grouped_v1/fold_4/test/test__20240904-14-55-14__9a84acb1.npz,31,AFDL,20230909-16-14-25,0,3,-1,0,0,1,0,0.3333333333333333,0.0,0,0
4,42,20240904-14-55-14,/home/ubuntu/klb/nuclr/nuclr/Data/Dunn_001623/cv5_grouped_v1/fold_4/test/test__20240904-14-55-14__9a84acb1.npz,32,RIVR,20230909-16-14-25,1,1,1,1,1,1,1,1.0,1.0,1,1
4,42,20240904-14-55-14,/home/ubuntu/klb/nuclr/nuclr/Data/Dunn_001623/cv5_grouped_v1/fold_4/test/test__20240904-14-55-14__9a84acb1.npz,34,ADFR,20230909-16-14-25,0,2,-1,0,0,1,0,0.5,0.0,0,0
4,42,20240904-14-55-14,/home/ubuntu/klb/nuclr/nuclr/Data/Dunn_001623/cv5_grouped_v1/fold_4/test/test__20240904-14-55-14__9a84acb1.npz,45,AVEL,20230909-16-14-25,0,2,-1,0,0,1,0,0.5,0.0,0,0
4,42,20240904-14-55-14,/home/ubuntu/klb/nuclr/nuclr/Data/Dunn_001623/cv5_grouped_v1/fold_4/test/test__20240904-14-55-14__9a84acb1.npz,47,RMDDL,20230909-16-14-25,0,66,-1,0,0,0,0,0.015151515151515152,0.0,0,0
4,42,20240904-14-55-14,/home/ubuntu/klb/nuclr/nuclr/Data/Dunn_001623/cv5_grouped_v1/fold_4/test/test__20240904-14-55-14__9a84acb1.npz,52,ADFL,20230909-16-14-25,0,4,-1,0,0,1,0,0.25,0.0,0,0
4,42,20240904-14-55-14,/home/ubuntu/klb/nuclr/nuclr/Data/Dunn_001623/cv5_grouped_v1/fold_4/test/test__20240904-14-55-14__9a84acb1.npz,58,AVAL,20230909-16-14-25,0,1,-1,1,0,1,0,1.0,0.0,1,0
4,42,20240904-14-55-14,/home/ubuntu/klb/nuclr/nuclr/Data/Dunn_001623/cv5_grouped_v1/fold_4/test/test__20240904-14-55-14__9a84acb1.npz,62,SMDDR,20230909-16-14-25,1,1,1,1,1,1,1,1.0,1.0,1,1
4,42,20240904-14-55-14,/home/ubuntu/klb/nuclr/nuclr/Data/Dunn_001623/cv5_grouped_v1/fold_4/test/test__20240904-14-55-14__9a84acb1.npz,63,URXL,20230909-16-14-25,0,7,-1,0,0,0,0,0.14285714285714285,0.0,0,0
4,42,20240904-14-55-14,/home/ubuntu/klb/nuclr/nuclr/Data/Dunn_001623/cv5_grouped_v1/fold_4/test/test__20240904-14-55-14__9a84acb1.npz,66,AVAR,20230909-16-14-25,1,1,1,1,1,1,1,1.0,1.0,1,1
4,42,20240904-14-55-14,/home/ubuntu/klb/nuclr/nuclr/Data/Dunn_001623/cv5_grouped_v1/fold_4/test/test__20240904-14-55-14__9a84acb1.npz,69,RMDVL,20230909-16-14-25,0,1,-1,1,0,1,0,1.0,0.0,1,0
4,42,20240904-14-55-14,/home/ubuntu/klb/nuclr/nuclr/Data/Dunn_001623/cv5_grouped_v1/fold_4/test/test__20240904-14-55-14__9a84acb1.npz,77,RIVL,20230909-16-14-25,0,1,-1,1,0,1,0,1.0,0.0,1,0
4,42,20240904-14-55-14,/home/ubuntu/klb/nuclr/nuclr/Data/Dunn_001623/cv5_grouped_v1/fold_4/test/test__20240904-14-55-14__9a84acb1.npz,87,AWAR,20230909-16-14-25,0,2,-1,0,0,1,0,0.5,0.0,1,0
4,42,20240904-14-55-14,/home/ubuntu/klb/nuclr/nuclr/Data/Dunn_001623/cv5_grouped_v1/fold_4/test/test__20240904-14-55-14__9a84acb1.npz,94,RIAR,20230909-16-14-25,0,1,-1,1,0,1,0,1.0,0.0,1,0
4,42,20240904-14-55-14,/home/ubuntu/klb/nuclr/nuclr/Data/Dunn_001623/cv5_grouped_v1/fold_4/test/test__20240904-14-55-14__9a84acb1.npz,95,SAAVR,20230909-16-14-25,0,2,-1,0,0,1,0,0.5,0.0,0,0
4,42,20240904-14-55-14,/home/ubuntu/klb/nuclr/nuclr/Data/Dunn_001623/cv5_grouped_v1/fold_4/test/test__20240904-14-55-14__9a84acb1.npz,96,RMDVR,20230909-16-14-25,0,1,-1,1,0,1,0,1.0,0.0,0,0
4,42,20240904-14-55-14,/home/ubuntu/klb/nuclr/nuclr/Data/Dunn_001623/cv5_grouped_v1/fold_4/test/test__20240904-14-55-14__9a84acb1.npz,97,AVER,20230909-16-14-25,0,2,-1,0,0,1,0,0.5,0.0,0,0
4,42,20240904-14-55-14,/home/ubuntu/klb/nuclr/nuclr/Data/Dunn_001623/cv5_grouped_v1/fold_4/test/test__20240904-14-55-14__9a84acb1.npz,98,AFDR,20230909-16-14-25,0,1,-1,1,0,1,0,1.0,0.0,0,0
4,42,20240904-15-32-57,/home/ubuntu/klb/nuclr/nuclr/Data/Dunn_001623/cv5_grouped_v1/fold_4/test/test__20240904-15-32-57__de09412e.npz,0,RMED,20230909-16-14-25,1,1,1,1,1,1,1,1.0,1.0,1,1
4,42,20240904-15-32-57,/home/ubuntu/klb/nuclr/nuclr/Data/Dunn_001623/cv5_grouped_v1/fold_4/test/test__20240904-15-32-57__de09412e.npz,6,AVAR,20230909-16-14-25,1,1,1,1,1,1,1,1.0,1.0,1,1
4,42,20240904-15-32-57,/home/ubuntu/klb/nuclr/nuclr/Data/Dunn_001623/cv5_grouped_v1/fold_4/test/test__20240904-15-32-57__de09412e.npz,19,RIAL,20230909-16-14-25,0,1,-1,1,0,1,0,1.0,0.0,1,0
4,42,20240904-15-32-57,/home/ubuntu/klb/nuclr/nuclr/Data/Dunn_001623/cv5_grouped_v1/fold_4/test/test__20240904-15-32-57__de09412e.npz,21,SMDVR,20230909-16-14-25,1,116,5,0,0,0,1,0.008620689655172414,0.2,0,0
4,42,20240904-15-32-57,/home/ubuntu/klb/nuclr/nuclr/Data/Dunn_001623/cv5_grouped_v1/fold_4/test/test__20240904-15-32-57__de09412e.npz,25,RID,20230909-16-14-25,0,6,-1,0,0,0,0,0.16666666666666666,0.0,0,0
4,42,20240904-15-32-57,/home/ubuntu/klb/nuclr/nuclr/Data/Dunn_001623/cv5_grouped_v1/fold_4/test/test__20240904-15-32-57__de09412e.npz,26,ALA,20230909-16-14-25,0,1,-1,1,0,1,0,1.0,0.0,1,0
4,42,20240904-15-32-57,/home/ubuntu/klb/nuclr/nuclr/Data/Dunn_001623/cv5_grouped_v1/fold_4/test/test__20240904-15-32-57__de09412e.npz,29,RMDL,20230909-16-14-25,0,1,-1,1,0,1,0,1.0,0.0,1,0
4,42,20240904-15-32-57,/home/ubuntu/klb/nuclr/nuclr/Data/Dunn_001623/cv5_grouped_v1/fold_4/test/test__20240904-15-32-57__de09412e.npz,54,SMDVL,20230909-16-14-25,0,1,-1,1,0,1,0,1.0,0.0,1,0
4,42,20240904-15-32-57,/home/ubuntu/klb/nuclr/nuclr/Data/Dunn_001623/cv5_grouped_v1/fold_4/test/test__20240904-15-32-57__de09412e.npz,56,RIVL,20230909-16-14-25,0,2,-1,0,0,1,0,0.5,0.0,0,0
4,42,20240904-15-32-57,/home/ubuntu/klb/nuclr/nuclr/Data/Dunn_001623/cv5_grouped_v1/fold_4/test/test__20240904-15-32-57__de09412e.npz,58,RMEV,20230909-16-14-25,1,1,1,1,1,1,1,1.0,1.0,1,1
4,42,20240904-15-32-57,/home/ubuntu/klb/nuclr/nuclr/Data/Dunn_001623/cv5_grouped_v1/fold_4/test/test__20240904-15-32-57__de09412e.npz,70,RMDVL,20230909-16-14-25,0,1,-1,1,0,1,0,1.0,0.0,1,0
4,42,20240904-15-32-57,/home/ubuntu/klb/nuclr/nuclr/Data/Dunn_001623/cv5_grouped_v1/fold_4/test/test__20240904-15-32-57__de09412e.npz,72,AVAL,20230909-16-14-25,0,1,-1,1,0,1,0,1.0,0.0,1,0
4,42,20240904-15-32-57,/home/ubuntu/klb/nuclr/nuclr/Data/Dunn_001623/cv5_grouped_v1/fold_4/test/test__20240904-15-32-57__de09412e.npz,83,ADFL,20230909-16-14-25,0,7,-1,0,0,0,0,0.14285714285714285,0.0,0,0
4,42,20240904-15-32-57,/home/ubuntu/klb/nuclr/nuclr/Data/Dunn_001623/cv5_grouped_v1/fold_4/test/test__20240904-15-32-57__de09412e.npz,87,SAAVR,20230909-16-14-25,0,22,-1,0,0,0,0,0.045454545454545456,0.0,0,0
4,42,20240904-15-32-57,/home/ubuntu/klb/nuclr/nuclr/Data/Dunn_001623/cv5_grouped_v1/fold_4/test/test__20240904-15-32-57__de09412e.npz,88,RMDVR,20230909-16-14-25,0,1,-1,1,0,1,0,1.0,0.0,1,0
4,42,20240904-15-32-57,/home/ubuntu/klb/nuclr/nuclr/Data/Dunn_001623/cv5_grouped_v1/fold_4/test/test__20240904-15-32-57__de09412e.npz,96,SAAVL,20230909-16-14-25,0,2,-1,0,0,1,0,0.5,0.0,0,0
4,42,20240904-15-32-57,/home/ubuntu/klb/nuclr/nuclr/Data/Dunn_001623/cv5_grouped_v1/fold_4/test/test__20240904-15-32-57__de09412e.npz,97,AWAL,20230909-16-14-25,0,1,-1,1,0,1,0,1.0,0.0,1,0
4,42,20240904-16-51-21,/home/ubuntu/klb/nuclr/nuclr/Data/Dunn_001623/cv5_grouped_v1/fold_4/test/test__20240904-16-51-21__8823f6ed.npz,0,AVAL,20230909-16-14-25,0,1,-1,1,0,1,0,1.0,0.0,1,0
4,42,20240904-16-51-21,/home/ubuntu/klb/nuclr/nuclr/Data/Dunn_001623/cv5_grouped_v1/fold_4/test/test__20240904-16-51-21__8823f6ed.npz,3,RMEV,20230909-16-14-25,1,1,1,1,1,1,1,1.0,1.0,1,1
4,42,20240904-16-51-21,/home/ubuntu/klb/nuclr/nuclr/Data/Dunn_001623/cv5_grouped_v1/fold_4/test/test__20240904-16-51-21__8823f6ed.npz,6,SMDVL,20230909-16-14-25,0,1,-1,1,0,1,0,1.0,0.0,1,0
4,42,20240904-16-51-21,/home/ubuntu/klb/nuclr/nuclr/Data/Dunn_001623/cv5_grouped_v1/fold_4/test/test__20240904-16-51-21__8823f6ed.npz,7,RIVL,20230909-16-14-25,0,1,-1,1,0,1,0,1.0,0.0,1,0
4,42,20240904-16-51-21,/home/ubuntu/klb/nuclr/nuclr/Data/Dunn_001623/cv5_grouped_v1/fold_4/test/test__20240904-16-51-21__8823f6ed.npz,11,AVEL,20230909-16-14-25,0,1,-1,1,0,1,0,1.0,0.0,1,0
4,42,20240904-16-51-21,/home/ubuntu/klb/nuclr/nuclr/Data/Dunn_001623/cv5_grouped_v1/fold_4/test/test__20240904-16-51-21__8823f6ed.npz,21,RID,20230909-16-14-25,0,1,-1,1,0,1,0,1.0,0.0,1,0
4,42,20240904-16-51-21,/home/ubuntu/klb/nuclr/nuclr/Data/Dunn_001623/cv5_grouped_v1/fold_4/test/test__20240904-16-51-21__8823f6ed.npz,27,URXL,20230909-16-14-25,0,1,-1,1,0,1,0,1.0,0.0,1,0
4,42,20240904-16-51-21,/home/ubuntu/klb/nuclr/nuclr/Data/Dunn_001623/cv5_grouped_v1/fold_4/test/test__20240904-16-51-21__8823f6ed.npz,29,ADFL,20230909-16-14-25,0,1,-1,1,0,1,0,1.0,0.0,1,0
4,42,20240904-16-51-21,/home/ubuntu/klb/nuclr/nuclr/Data/Dunn_001623/cv5_grouped_v1/fold_4/test/test__20240904-16-51-21__8823f6ed.npz,31,ALA,20230909-16-14-25,0,1,-1,1,0,1,0,1.0,0.0,1,0
4,42,20240904-16-51-21,/home/ubuntu/klb/nuclr/nuclr/Data/Dunn_001623/cv5_grouped_v1/fold_4/test/test__20240904-16-51-21__8823f6ed.npz,37,AVAR,20230909-16-14-25,1,1,1,1,1,1,1,1.0,1.0,1,1
4,42,20240904-16-51-21,/home/ubuntu/klb/nuclr/nuclr/Data/Dunn_001623/cv5_grouped_v1/fold_4/test/test__20240904-16-51-21__8823f6ed.npz,38,RMDVL,20230909-16-14-25,0,1,-1,1,0,1,0,1.0,0.0,1,0
4,42,20240904-16-51-21,/home/ubuntu/klb/nuclr/nuclr/Data/Dunn_001623/cv5_grouped_v1/fold_4/test/test__20240904-16-51-21__8823f6ed.npz,45,RMDR,20230909-16-14-25,0,1,-1,1,0,1,0,1.0,0.0,1,0
4,42,20240904-16-51-21,/home/ubuntu/klb/nuclr/nuclr/Data/Dunn_001623/cv5_grouped_v1/fold_4/test/test__20240904-16-51-21__8823f6ed.npz,65,RMED,20230909-16-14-25,1,1,1,1,1,1,1,1.0,1.0,1,1
4,42,20240904-16-51-21,/home/ubuntu/klb/nuclr/nuclr/Data/Dunn_001623/cv5_grouped_v1/fold_4/test/test__20240904-16-51-21__8823f6ed.npz,67,SMDDL,20230909-16-14-25,0,3,-1,0,0,1,0,0.3333333333333333,0.0,0,0
4,42,20240904-16-51-21,/home/ubuntu/klb/nuclr/nuclr/Data/Dunn_001623/cv5_grouped_v1/fold_4/test/test__20240904-16-51-21__8823f6ed.npz,70,RMDDL,20230909-16-14-25,0,6,-1,0,0,0,0,0.16666666666666666,0.0,0,0
4,42,20240904-16-51-21,/home/ubuntu/klb/nuclr/nuclr/Data/Dunn_001623/cv5_grouped_v1/fold_4/test/test__20240904-16-51-21__8823f6ed.npz,73,AVER,20230909-16-14-25,0,1,-1,1,0,1,0,1.0,0.0,1,0
4,42,20240904-16-51-21,/home/ubuntu/klb/nuclr/nuclr/Data/Dunn_001623/cv5_grouped_v1/fold_4/test/test__20240904-16-51-21__8823f6ed.npz,79,RMDVR,20230909-16-14-25,0,1,-1,1,0,1,0,1.0,0.0,1,0
4,42,20240904-16-51-21,/home/ubuntu/klb/nuclr/nuclr/Data/Dunn_001623/cv5_grouped_v1/fold_4/test/test__20240904-16-51-21__8823f6ed.npz,82,RIAL,20230909-16-14-25,0,1,-1,1,0,1,0,1.0,0.0,1,0
4,42,20240904-16-51-21,/home/ubuntu/klb/nuclr/nuclr/Data/Dunn_001623/cv5_grouped_v1/fold_4/test/test__20240904-16-51-21__8823f6ed.npz,95,SMDDR,20230909-16-14-25,1,46,2,0,0,0,1,0.021739130434782608,0.5,0,0
4,42,20240904-16-51-21,/home/ubuntu/klb/nuclr/nuclr/Data/Dunn_001623/cv5_grouped_v1/fold_4/test/test__20240904-16-51-21__8823f6ed.npz,101,SMDVR,20230909-16-14-25,1,1,1,1,1,1,1,1.0,1.0,1,1
4,42,20240904-16-51-21,/home/ubuntu/klb/nuclr/nuclr/Data/Dunn_001623/cv5_grouped_v1/fold_4/test/test__20240904-16-51-21__8823f6ed.npz,104,AFDL,20230909-16-14-25,0,1,-1,1,0,1,0,1.0,0.0,1,0
4,42,20240904-16-51-21,/home/ubuntu/klb/nuclr/nuclr/Data/Dunn_001623/cv5_grouped_v1/fold_4/test/test__20240904-16-51-21__8823f6ed.npz,106,RIAR,20230909-16-14-25,0,2,-1,0,0,1,0,0.5,0.0,0,0
4,42,20240904-16-51-21,/home/ubuntu/klb/nuclr/nuclr/Data/Dunn_001623/cv5_grouped_v1/fold_4/test/test__20240904-16-51-21__8823f6ed.npz,107,AWAL,20230909-16-14-25,0,2,-1,0,0,1,0,0.5,0.0,0,0
4,42,20240917-20-52-20,/home/ubuntu/klb/nuclr/nuclr/Data/Dunn_001623/cv5_grouped_v1/fold_4/test/test__20240917-20-52-20__675c5b3a.npz,3,RMEV,20230909-16-14-25,1,1,1,1,1,1,1,1.0,1.0,1,1
4,42,20240917-20-52-20,/home/ubuntu/klb/nuclr/nuclr/Data/Dunn_001623/cv5_grouped_v1/fold_4/test/test__20240917-20-52-20__675c5b3a.npz,5,SMDDL,20230909-16-14-25,0,2,-1,0,0,1,0,0.5,0.0,0,0
4,42,20240917-20-52-20,/home/ubuntu/klb/nuclr/nuclr/Data/Dunn_001623/cv5_grouped_v1/fold_4/test/test__20240917-20-52-20__675c5b3a.npz,6,AVAR,20230909-16-14-25,1,1,1,1,1,1,1,1.0,1.0,1,1
4,42,20240917-20-52-20,/home/ubuntu/klb/nuclr/nuclr/Data/Dunn_001623/cv5_grouped_v1/fold_4/test/test__20240917-20-52-20__675c5b3a.npz,10,URXR,20230909-16-14-25,0,3,-1,0,0,1,0,0.3333333333333333,0.0,0,0
4,42,20240917-20-52-20,/home/ubuntu/klb/nuclr/nuclr/Data/Dunn_001623/cv5_grouped_v1/fold_4/test/test__20240917-20-52-20__675c5b3a.npz,15,RMDDL,20230909-16-14-25,0,2,-1,0,0,1,0,0.5,0.0,0,0
4,42,20240917-20-52-20,/home/ubuntu/klb/nuclr/nuclr/Data/Dunn_001623/cv5_grouped_v1/fold_4/test/test__20240917-20-52-20__675c5b3a.npz,16,SMDVL,20230909-16-14-25,0,1,-1,1,0,1,0,1.0,0.0,1,0
4,42,20240917-20-52-20,/home/ubuntu/klb/nuclr/nuclr/Data/Dunn_001623/cv5_grouped_v1/fold_4/test/test__20240917-20-52-20__675c5b3a.npz,17,ALA,20230909-16-14-25,0,1,-1,1,0,1,0,1.0,0.0,1,0
4,42,20240917-20-52-20,/home/ubuntu/klb/nuclr/nuclr/Data/Dunn_001623/cv5_grouped_v1/fold_4/test/test__20240917-20-52-20__675c5b3a.npz,21,SMDVR,20230909-16-14-25,1,1,1,1,1,1,1,1.0,1.0,1,1
4,42,20240917-20-52-20,/home/ubuntu/klb/nuclr/nuclr/Data/Dunn_001623/cv5_grouped_v1/fold_4/test/test__20240917-20-52-20__675c5b3a.npz,23,AVER,20230909-16-14-25,0,2,-1,0,0,1,0,0.5,0.0,0,0
4,42,20240917-20-52-20,/home/ubuntu/klb/nuclr/nuclr/Data/Dunn_001623/cv5_grouped_v1/fold_4/test/test__20240917-20-52-20__675c5b3a.npz,32,RMDVL,20230909-16-14-25,0,1,-1,1,0,1,0,1.0,0.0,1,0
4,42,20240917-20-52-20,/home/ubuntu/klb/nuclr/nuclr/Data/Dunn_001623/cv5_grouped_v1/fold_4/test/test__20240917-20-52-20__675c5b3a.npz,33,AVAL,20230909-16-14-25,0,1,-1,1,0,1,0,1.0,0.0,1,0
4,42,20240917-20-52-20,/home/ubuntu/klb/nuclr/nuclr/Data/Dunn_001623/cv5_grouped_v1/fold_4/test/test__20240917-20-52-20__675c5b3a.npz,35,RIVL,20230909-16-14-25,0,1,-1,1,0,1,0,1.0,0.0,1,0
4,42,20240917-20-52-20,/home/ubuntu/klb/nuclr/nuclr/Data/Dunn_001623/cv5_grouped_v1/fold_4/test/test__20240917-20-52-20__675c5b3a.npz,38,AWAL,20230909-16-14-25,0,1,-1,1,0,1,0,1.0,0.0,1,0
4,42,20240917-20-52-20,/home/ubuntu/klb/nuclr/nuclr/Data/Dunn_001623/cv5_grouped_v1/fold_4/test/test__20240917-20-52-20__675c5b3a.npz,45,AFDR,20230909-16-14-25,0,3,-1,0,0,1,0,0.3333333333333333,0.0,0,0
4,42,20240917-20-52-20,/home/ubuntu/klb/nuclr/nuclr/Data/Dunn_001623/cv5_grouped_v1/fold_4/test/test__20240917-20-52-20__675c5b3a.npz,47,RMED,20230909-16-14-25,1,1,1,1,1,1,1,1.0,1.0,1,1
4,42,20240917-20-52-20,/home/ubuntu/klb/nuclr/nuclr/Data/Dunn_001623/cv5_grouped_v1/fold_4/test/test__20240917-20-52-20__675c5b3a.npz,49,RIAL,20230909-16-14-25,0,1,-1,1,0,1,0,1.0,0.0,1,0
4,42,20240917-20-52-20,/home/ubuntu/klb/nuclr/nuclr/Data/Dunn_001623/cv5_grouped_v1/fold_4/test/test__20240917-20-52-20__675c5b3a.npz,50,RID,20230909-16-14-25,0,1,-1,1,0,1,0,1.0,0.0,1,0
4,42,20240917-20-52-20,/home/ubuntu/klb/nuclr/nuclr/Data/Dunn_001623/cv5_grouped_v1/fold_4/test/test__20240917-20-52-20__675c5b3a.npz,56,RMDL,20230909-16-14-25,0,1,-1,1,0,1,0,1.0,0.0,1,0
4,42,20240917-20-52-20,/home/ubuntu/klb/nuclr/nuclr/Data/Dunn_001623/cv5_grouped_v1/fold_4/test/test__20240917-20-52-20__675c5b3a.npz,57,RMDR,20230909-16-14-25,0,52,-1,0,0,0,0,0.019230769230769232,0.0,0,0
4,42,20240917-20-52-20,/home/ubuntu/klb/nuclr/nuclr/Data/Dunn_001623/cv5_grouped_v1/fold_4/test/test__20240917-20-52-20__675c5b3a.npz,71,AVEL,20230909-16-14-25,0,1,-1,1,0,1,0,1.0,0.0,1,0
4,42,20230322-20-16-50,/home/ubuntu/klb/nuclr/nuclr/Data/Dunn_001623/cv5_grouped_v1/fold_4/test/train__20230322-20-16-50__ca407999.npz,0,SMDDL,20230909-16-14-25,0,6,-1,0,0,0,0,0.16666666666666666,0.0,0,0
4,42,20230322-20-16-50,/home/ubuntu/klb/nuclr/nuclr/Data/Dunn_001623/cv5_grouped_v1/fold_4/test/train__20230322-20-16-50__ca407999.npz,3,RMED,20230909-16-14-25,1,1,1,1,1,1,1,1.0,1.0,1,1
4,42,20230322-20-16-50,/home/ubuntu/klb/nuclr/nuclr/Data/Dunn_001623/cv5_grouped_v1/fold_4/test/train__20230322-20-16-50__ca407999.npz,5,SMDVL,20230909-16-14-25,0,1,-1,1,0,1,0,1.0,0.0,1,0
4,42,20230322-20-16-50,/home/ubuntu/klb/nuclr/nuclr/Data/Dunn_001623/cv5_grouped_v1/fold_4/test/train__20230322-20-16-50__ca407999.npz,7,RMEL,20230909-16-14-25,0,1,-1,1,0,1,0,1.0,0.0,1,0
4,42,20230322-20-16-50,/home/ubuntu/klb/nuclr/nuclr/Data/Dunn_001623/cv5_grouped_v1/fold_4/test/train__20230322-20-16-50__ca407999.npz,8,AVEL,20230909-16-14-25,0,5,-1,0,0,1,0,0.2,0.0,0,0
4,42,20230322-20-16-50,/home/ubuntu/klb/nuclr/nuclr/Data/Dunn_001623/cv5_grouped_v1/fold_4/test/train__20230322-20-16-50__ca407999.npz,10,OLLL,20230909-16-14-25,0,1,-1,1,0,1,0,1.0,0.0,1,0
4,42,20230322-20-16-50,/home/ubuntu/klb/nuclr/nuclr/Data/Dunn_001623/cv5_grouped_v1/fold_4/test/train__20230322-20-16-50__ca407999.npz,12,RMER,20230909-16-14-25,0,1,-1,1,0,1,0,1.0,0.0,1,0
4,42,20230322-20-16-50,/home/ubuntu/klb/nuclr/nuclr/Data/Dunn_001623/cv5_grouped_v1/fold_4/test/train__20230322-20-16-50__ca407999.npz,24,FLPL,20230909-16-14-25,0,1,-1,1,0,1,0,1.0,0.0,0,0
4,42,20230322-20-16-50,/home/ubuntu/klb/nuclr/nuclr/Data/Dunn_001623/cv5_grouped_v1/fold_4/test/train__20230322-20-16-50__ca407999.npz,26,RMDDR,20230909-16-14-25,0,9,-1,0,0,0,0,0.1111111111111111,0.0,0,0
4,42,20230322-20-16-50,/home/ubuntu/klb/nuclr/nuclr/Data/Dunn_001623/cv5_grouped_v1/fold_4/test/train__20230322-20-16-50__ca407999.npz,31,ASGL,20230909-16-14-25,0,9,-1,0,0,0,0,0.1111111111111111,0.0,0,0
4,42,20230322-20-16-50,/home/ubuntu/klb/nuclr/nuclr/Data/Dunn_001623/cv5_grouped_v1/fold_4/test/train__20230322-20-16-50__ca407999.npz,33,RMDL,20230909-16-14-25,0,9,-1,0,0,0,0,0.1111111111111111,0.0,0,0
4,42,20230322-20-16-50,/home/ubuntu/klb/nuclr/nuclr/Data/Dunn_001623/cv5_grouped_v1/fold_4/test/train__20230322-20-16-50__ca407999.npz,37,ADEL,20230909-16-14-25,0,47,-1,0,0,0,0,0.02127659574468085,0.0,0,0
4,42,20230322-20-16-50,/home/ubuntu/klb/nuclr/nuclr/Data/Dunn_001623/cv5_grouped_v1/fold_4/test/train__20230322-20-16-50__ca407999.npz,40,AVAL,20230909-16-14-25,0,1,-1,1,0,1,0,1.0,0.0,1,0
4,42,20230322-20-16-50,/home/ubuntu/klb/nuclr/nuclr/Data/Dunn_001623/cv5_grouped_v1/fold_4/test/train__20230322-20-16-50__ca407999.npz,43,IL1L,20230909-16-14-25,0,1,-1,1,0,1,0,1.0,0.0,1,0
4,42,20230322-20-16-50,/home/ubuntu/klb/nuclr/nuclr/Data/Dunn_001623/cv5_grouped_v1/fold_4/test/train__20230322-20-16-50__ca407999.npz,45,RMDVL,20230909-16-14-25,0,1,-1,1,0,1,0,1.0,0.0,1,0
4,42,20230322-20-16-50,/home/ubuntu/klb/nuclr/nuclr/Data/Dunn_001623/cv5_grouped_v1/fold_4/test/train__20230322-20-16-50__ca407999.npz,48,URXL,20230909-16-14-25,0,2,-1,0,0,1,0,0.5,0.0,0,0
4,42,20230322-20-16-50,/home/ubuntu/klb/nuclr/nuclr/Data/Dunn_001623/cv5_grouped_v1/fold_4/test/train__20230322-20-16-50__ca407999.npz,49,AVDL,20230909-16-14-25,0,16,-1,0,0,0,0,0.0625,0.0,0,0
4,42,20230322-20-16-50,/home/ubuntu/klb/nuclr/nuclr/Data/Dunn_001623/cv5_grouped_v1/fold_4/test/train__20230322-20-16-50__ca407999.npz,55,ALA,20230909-16-14-25,0,1,-1,1,0,1,0,1.0,0.0,1,0
4,42,20230322-20-16-50,/home/ubuntu/klb/nuclr/nuclr/Data/Dunn_001623/cv5_grouped_v1/fold_4/test/train__20230322-20-16-50__ca407999.npz,57,AIYR,20230909-16-14-25,0,11,-1,0,0,0,0,0.09090909090909091,0.0,0,0
4,42,20230322-20-16-50,/home/ubuntu/klb/nuclr/nuclr/Data/Dunn_001623/cv5_grouped_v1/fold_4/test/train__20230322-20-16-50__ca407999.npz,58,OLQDL,20230909-16-14-25,0,1,-1,1,0,1,0,1.0,0.0,1,0
4,42,20230322-20-16-50,/home/ubuntu/klb/nuclr/nuclr/Data/Dunn_001623/cv5_grouped_v1/fold_4/test/train__20230322-20-16-50__ca407999.npz,62,RMEV,20230909-16-14-25,1,1,1,1,1,1,1,1.0,1.0,1,1
4,42,20230322-20-16-50,/home/ubuntu/klb/nuclr/nuclr/Data/Dunn_001623/cv5_grouped_v1/fold_4/test/train__20230322-20-16-50__ca407999.npz,63,URXR,20230909-16-14-25,0,2,-1,0,0,1,0,0.5,0.0,0,0
4,42,20230322-20-16-50,/home/ubuntu/klb/nuclr/nuclr/Data/Dunn_001623/cv5_grouped_v1/fold_4/test/train__20230322-20-16-50__ca407999.npz,70,ADAL,20230909-16-14-25,0,8,-1,0,0,0,0,0.125,0.0,0,0
4,42,20230322-20-16-50,/home/ubuntu/klb/nuclr/nuclr/Data/Dunn_001623/cv5_grouped_v1/fold_4/test/train__20230322-20-16-50__ca407999.npz,77,M1,20230909-16-14-25,0,1,-1,1,0,1,0,1.0,0.0,0,0
4,42,20230322-20-16-50,/home/ubuntu/klb/nuclr/nuclr/Data/Dunn_001623/cv5_grouped_v1/fold_4/test/train__20230322-20-16-50__ca407999.npz,78,AQR,20230909-16-14-25,0,1,-1,1,0,1,0,1.0,0.0,1,0
4,42,20230322-20-16-50,/home/ubuntu/klb/nuclr/nuclr/Data/Dunn_001623/cv5_grouped_v1/fold_4/test/train__20230322-20-16-50__ca407999.npz,102,AINL,20230909-16-14-25,0,7,-1,0,0,0,0,0.14285714285714285,0.0,0,0
4,42,20230322-20-16-50,/home/ubuntu/klb/nuclr/nuclr/Data/Dunn_001623/cv5_grouped_v1/fold_4/test/train__20230322-20-16-50__ca407999.npz,113,RIAL,20230909-16-14-25,0,1,-1,1,0,1,0,1.0,0.0,1,0
4,42,20230322-20-16-50,/home/ubuntu/klb/nuclr/nuclr/Data/Dunn_001623/cv5_grouped_v1/fold_4/test/train__20230322-20-16-50__ca407999.npz,114,ASKL,20230909-16-14-25,0,2,-1,0,0,1,0,0.5,0.0,0,0
4,42,20230322-21-09-13,/home/ubuntu/klb/nuclr/nuclr/Data/Dunn_001623/cv5_grouped_v1/fold_4/test/train__20230322-21-09-13__96dcc1e2.npz,1,AVAL,20230909-16-14-25,0,1,-1,1,0,1,0,1.0,0.0,1,0
4,42,20230322-21-09-13,/home/ubuntu/klb/nuclr/nuclr/Data/Dunn_001623/cv5_grouped_v1/fold_4/test/train__20230322-21-09-13__96dcc1e2.npz,13,SMDVL,20230909-16-14-25,0,1,-1,1,0,1,0,1.0,0.0,1,0
4,42,20230322-21-09-13,/home/ubuntu/klb/nuclr/nuclr/Data/Dunn_001623/cv5_grouped_v1/fold_4/test/train__20230322-21-09-13__96dcc1e2.npz,36,RMDVL,20230909-16-14-25,0,1,-1,1,0,1,0,1.0,0.0,1,0
4,42,20230322-21-09-13,/home/ubuntu/klb/nuclr/nuclr/Data/Dunn_001623/cv5_grouped_v1/fold_4/test/train__20230322-21-09-13__96dcc1e2.npz,64,RIAL,20230909-16-14-25,0,1,-1,1,0,1,0,1.0,0.0,1,0
4,42,20230506-13-32-08,/home/ubuntu/klb/nuclr/nuclr/Data/Dunn_001623/cv5_grouped_v1/fold_4/test/train__20230506-13-32-08__24b0f96a.npz,7,AFDR,20230909-16-14-25,0,1,-1,1,0,1,0,1.0,0.0,1,0
4,42,20230506-13-32-08,/home/ubuntu/klb/nuclr/nuclr/Data/Dunn_001623/cv5_grouped_v1/fold_4/test/train__20230506-13-32-08__24b0f96a.npz,12,RMDVR,20230909-16-14-25,0,1,-1,1,0,1,0,1.0,0.0,1,0
4,42,20230506-13-32-08,/home/ubuntu/klb/nuclr/nuclr/Data/Dunn_001623/cv5_grouped_v1/fold_4/test/train__20230506-13-32-08__24b0f96a.npz,13,ALA,20230909-16-14-25,0,1,-1,1,0,1,0,1.0,0.0,1,0
4,42,20230506-13-32-08,/home/ubuntu/klb/nuclr/nuclr/Data/Dunn_001623/cv5_grouped_v1/fold_4/test/train__20230506-13-32-08__24b0f96a.npz,14,RMEV,20230909-16-14-25,1,57,1,0,1,0,1,0.017543859649122806,1.0,0,0
4,42,20230506-13-32-08,/home/ubuntu/klb/nuclr/nuclr/Data/Dunn_001623/cv5_grouped_v1/fold_4/test/train__20230506-13-32-08__24b0f96a.npz,21,OLQVR,20230909-16-14-25,0,1,-1,1,0,1,0,1.0,0.0,1,0
4,42,20230506-13-32-08,/home/ubuntu/klb/nuclr/nuclr/Data/Dunn_001623/cv5_grouped_v1/fold_4/test/train__20230506-13-32-08__24b0f96a.npz,25,SMDVR,20230909-16-14-25,1,2,2,0,0,1,1,0.5,0.5,0,0
4,42,20230506-13-32-08,/home/ubuntu/klb/nuclr/nuclr/Data/Dunn_001623/cv5_grouped_v1/fold_4/test/train__20230506-13-32-08__24b0f96a.npz,27,RMED,20230909-16-14-25,1,7,1,0,1,0,1,0.14285714285714285,1.0,0,0
4,42,20230506-13-32-08,/home/ubuntu/klb/nuclr/nuclr/Data/Dunn_001623/cv5_grouped_v1/fold_4/test/train__20230506-13-32-08__24b0f96a.npz,45,RMER,20230909-16-14-25,0,1,-1,1,0,1,0,1.0,0.0,1,0
4,42,20230506-13-32-08,/home/ubuntu/klb/nuclr/nuclr/Data/Dunn_001623/cv5_grouped_v1/fold_4/test/train__20230506-13-32-08__24b0f96a.npz,48,AVER,20230909-16-14-25,0,1,-1,1,0,1,0,1.0,0.0,1,0
4,42,20230506-13-32-08,/home/ubuntu/klb/nuclr/nuclr/Data/Dunn_001623/cv5_grouped_v1/fold_4/test/train__20230506-13-32-08__24b0f96a.npz,50,SMBVR,20230909-16-14-25,0,4,-1,0,0,1,0,0.25,0.0,0,0
4,42,20230506-13-32-08,/home/ubuntu/klb/nuclr/nuclr/Data/Dunn_001623/cv5_grouped_v1/fold_4/test/train__20230506-13-32-08__24b0f96a.npz,51,CEPVR,20230909-16-14-25,0,1,-1,1,0,1,0,1.0,0.0,1,0
4,42,20230506-13-32-08,/home/ubuntu/klb/nuclr/nuclr/Data/Dunn_001623/cv5_grouped_v1/fold_4/test/train__20230506-13-32-08__24b0f96a.npz,53,SMDVL,20230909-16-14-25,0,5,-1,0,0,1,0,0.2,0.0,0,0
4,42,20230506-13-32-08,/home/ubuntu/klb/nuclr/nuclr/Data/Dunn_001623/cv5_grouped_v1/fold_4/test/train__20230506-13-32-08__24b0f96a.npz,61,AVAR,20230909-16-14-25,1,1,1,1,1,1,1,1.0,1.0,1,1
4,42,20230506-13-32-08,/home/ubuntu/klb/nuclr/nuclr/Data/Dunn_001623/cv5_grouped_v1/fold_4/test/train__20230506-13-32-08__24b0f96a.npz,64,SMDDR,20230909-16-14-25,1,92,2,0,0,0,1,0.010869565217391304,0.5,0,0
4,42,20230506-13-32-08,/home/ubuntu/klb/nuclr/nuclr/Data/Dunn_001623/cv5_grouped_v1/fold_4/test/train__20230506-13-32-08__24b0f96a.npz,69,AVAL,20230909-16-14-25,0,1,-1,1,0,1,0,1.0,0.0,1,0
4,42,20230506-13-32-08,/home/ubuntu/klb/nuclr/nuclr/Data/Dunn_001623/cv5_grouped_v1/fold_4/test/train__20230506-13-32-08__24b0f96a.npz,74,RIVR,20230909-16-14-25,1,94,6,0,0,0,0,0.010638297872340425,0.16666666666666666,0,0
4,42,20230506-14-24-57,/home/ubuntu/klb/nuclr/nuclr/Data/Dunn_001623/cv5_grouped_v1/fold_4/test/train__20230506-14-24-57__cf346a72.npz,3,AVAL,20230909-16-14-25,0,1,-1,1,0,1,0,1.0,0.0,1,0
4,42,20230506-14-24-57,/home/ubuntu/klb/nuclr/nuclr/Data/Dunn_001623/cv5_grouped_v1/fold_4/test/train__20230506-14-24-57__cf346a72.npz,4,ADAL,20230909-16-14-25,0,10,-1,0,0,0,0,0.1,0.0,0,0
4,42,20230506-14-24-57,/home/ubuntu/klb/nuclr/nuclr/Data/Dunn_001623/cv5_grouped_v1/fold_4/test/train__20230506-14-24-57__cf346a72.npz,5,OLQDL,20230909-16-14-25,0,1,-1,1,0,1,0,1.0,0.0,1,0
4,42,20230506-14-24-57,/home/ubuntu/klb/nuclr/nuclr/Data/Dunn_001623/cv5_grouped_v1/fold_4/test/train__20230506-14-24-57__cf346a72.npz,6,RIVL,20230909-16-14-25,0,1,-1,1,0,1,0,1.0,0.0,1,0
4,42,20230506-14-24-57,/home/ubuntu/klb/nuclr/nuclr/Data/Dunn_001623/cv5_grouped_v1/fold_4/test/train__20230506-14-24-57__cf346a72.npz,8,OLLL,20230909-16-14-25,0,1,-1,1,0,1,0,1.0,0.0,1,0
4,42,20230506-14-24-57,/home/ubuntu/klb/nuclr/nuclr/Data/Dunn_001623/cv5_grouped_v1/fold_4/test/train__20230506-14-24-57__cf346a72.npz,12,OLQVL,20230909-16-14-25,0,1,-1,1,0,1,0,1.0,0.0,1,0
4,42,20230506-14-24-57,/home/ubuntu/klb/nuclr/nuclr/Data/Dunn_001623/cv5_grouped_v1/fold_4/test/train__20230506-14-24-57__cf346a72.npz,16,AFDL,20230909-16-14-25,0,20,-1,0,0,0,0,0.05,0.0,0,0
4,42,20230506-14-24-57,/home/ubuntu/klb/nuclr/nuclr/Data/Dunn_001623/cv5_grouped_v1/fold_4/test/train__20230506-14-24-57__cf346a72.npz,17,RIML,20230909-16-14-25,0,5,-1,0,0,1,0,0.2,0.0,0,0
4,42,20230506-14-24-57,/home/ubuntu/klb/nuclr/nuclr/Data/Dunn_001623/cv5_grouped_v1/fold_4/test/train__20230506-14-24-57__cf346a72.npz,18,RMEV,20230909-16-14-25,1,1,1,1,1,1,1,1.0,1.0,1,0
4,42,20230506-14-24-57,/home/ubuntu/klb/nuclr/nuclr/Data/Dunn_001623/cv5_grouped_v1/fold_4/test/train__20230506-14-24-57__cf346a72.npz,21,RMDDR,20230909-16-14-25,0,17,-1,0,0,0,0,0.058823529411764705,0.0,0,0
4,42,20230506-14-24-57,/home/ubuntu/klb/nuclr/nuclr/Data/Dunn_001623/cv5_grouped_v1/fold_4/test/train__20230506-14-24-57__cf346a72.npz,22,RMED,20230909-16-14-25,1,1,1,1,1,1,1,1.0,1.0,1,1
4,42,20230506-14-24-57,/home/ubuntu/klb/nuclr/nuclr/Data/Dunn_001623/cv5_grouped_v1/fold_4/test/train__20230506-14-24-57__cf346a72.npz,24,SIAVL,20230909-16-14-25,0,31,-1,0,0,0,0,0.03225806451612903,0.0,0,0
4,42,20230506-14-24-57,/home/ubuntu/klb/nuclr/nuclr/Data/Dunn_001623/cv5_grouped_v1/fold_4/test/train__20230506-14-24-57__cf346a72.npz,26,SMDDR,20230909-16-14-25,1,41,1,0,1,0,1,0.024390243902439025,1.0,0,0
4,42,20230506-14-24-57,/home/ubuntu/klb/nuclr/nuclr/Data/Dunn_001623/cv5_grouped_v1/fold_4/test/train__20230506-14-24-57__cf346a72.npz,27,AIBL,20230909-16-14-25,0,2,-1,0,0,1,0,0.5,0.0,0,0
4,42,20230506-14-24-57,/home/ubuntu/klb/nuclr/nuclr/Data/Dunn_001623/cv5_grouped_v1/fold_4/test/train__20230506-14-24-57__cf346a72.npz,28,RMER,20230909-16-14-25,0,1,-1,1,0,1,0,1.0,0.0,1,0
4,42,20230506-14-24-57,/home/ubuntu/klb/nuclr/nuclr/Data/Dunn_001623/cv5_grouped_v1/fold_4/test/train__20230506-14-24-57__cf346a72.npz,29,URYVL,20230909-16-14-25,0,2,-1,0,0,1,0,0.5,0.0,0,0
4,42,20230506-14-24-57,/home/ubuntu/klb/nuclr/nuclr/Data/Dunn_001623/cv5_grouped_v1/fold_4/test/train__20230506-14-24-57__cf346a72.npz,32,ALA,20230909-16-14-25,0,1,-1,1,0,1,0,1.0,0.0,1,0
4,42,20230506-14-24-57,/home/ubuntu/klb/nuclr/nuclr/Data/Dunn_001623/cv5_grouped_v1/fold_4/test/train__20230506-14-24-57__cf346a72.npz,33,SMDVL,20230909-16-14-25,0,1,-1,1,0,1,0,1.0,0.0,1,0
4,42,20230506-14-24-57,/home/ubuntu/klb/nuclr/nuclr/Data/Dunn_001623/cv5_grouped_v1/fold_4/test/train__20230506-14-24-57__cf346a72.npz,34,RMDL,20230909-16-14-25,0,2,-1,0,0,1,0,0.5,0.0,0,0
4,42,20230506-14-24-57,/home/ubuntu/klb/nuclr/nuclr/Data/Dunn_001623/cv5_grouped_v1/fold_4/test/train__20230506-14-24-57__cf346a72.npz,38,AFDR,20230909-16-14-25,0,66,-1,0,0,0,0,0.015151515151515152,0.0,0,0
4,42,20230506-14-24-57,/home/ubuntu/klb/nuclr/nuclr/Data/Dunn_001623/cv5_grouped_v1/fold_4/test/train__20230506-14-24-57__cf346a72.npz,41,RMDVL,20230909-16-14-25,0,1,-1,1,0,1,0,1.0,0.0,1,0
4,42,20230506-14-24-57,/home/ubuntu/klb/nuclr/nuclr/Data/Dunn_001623/cv5_grouped_v1/fold_4/test/train__20230506-14-24-57__cf346a72.npz,43,OLLR,20230909-16-14-25,0,1,-1,1,0,1,0,1.0,0.0,1,0
4,42,20230506-14-24-57,/home/ubuntu/klb/nuclr/nuclr/Data/Dunn_001623/cv5_grouped_v1/fold_4/test/train__20230506-14-24-57__cf346a72.npz,45,M1,20230909-16-14-25,0,1,-1,1,0,1,0,1.0,0.0,0,0
4,42,20230506-14-24-57,/home/ubuntu/klb/nuclr/nuclr/Data/Dunn_001623/cv5_grouped_v1/fold_4/test/train__20230506-14-24-57__cf346a72.npz,46,FLPL,20230909-16-14-25,0,1,-1,1,0,1,0,1.0,0.0,1,0
4,42,20230506-14-24-57,/home/ubuntu/klb/nuclr/nuclr/Data/Dunn_001623/cv5_grouped_v1/fold_4/test/train__20230506-14-24-57__cf346a72.npz,51,OLQVR,20230909-16-14-25,0,3,-1,0,0,1,0,0.3333333333333333,0.0,0,0
4,42,20230506-14-24-57,/home/ubuntu/klb/nuclr/nuclr/Data/Dunn_001623/cv5_grouped_v1/fold_4/test/train__20230506-14-24-57__cf346a72.npz,52,SMBDR,20230909-16-14-25,0,12,-1,0,0,0,0,0.08333333333333333,0.0,0,0
4,42,20230506-14-24-57,/home/ubuntu/klb/nuclr/nuclr/Data/Dunn_001623/cv5_grouped_v1/fold_4/test/train__20230506-14-24-57__cf346a72.npz,55,URYDL,20230909-16-14-25,0,1,-1,1,0,1,0,1.0,0.0,1,0
4,42,20230506-14-24-57,/home/ubuntu/klb/nuclr/nuclr/Data/Dunn_001623/cv5_grouped_v1/fold_4/test/train__20230506-14-24-57__cf346a72.npz,56,AVAR,20230909-16-14-25,1,1,1,1,1,1,1,1.0,1.0,1,1
4,42,20230506-14-24-57,/home/ubuntu/klb/nuclr/nuclr/Data/Dunn_001623/cv5_grouped_v1/fold_4/test/train__20230506-14-24-57__cf346a72.npz,66,URADL,20230909-16-14-25,0,3,-1,0,0,1,0,0.3333333333333333,0.0,0,0
4,42,20230506-14-24-57,/home/ubuntu/klb/nuclr/nuclr/Data/Dunn_001623/cv5_grouped_v1/fold_4/test/train__20230506-14-24-57__cf346a72.npz,67,RMEL,20230909-16-14-25,0,1,-1,1,0,1,0,1.0,0.0,1,0
4,42,20230506-14-24-57,/home/ubuntu/klb/nuclr/nuclr/Data/Dunn_001623/cv5_grouped_v1/fold_4/test/train__20230506-14-24-57__cf346a72.npz,84,URYDR,20230909-16-14-25,0,1,-1,1,0,1,0,1.0,0.0,0,0
4,42,20230506-14-24-57,/home/ubuntu/klb/nuclr/nuclr/Data/Dunn_001623/cv5_grouped_v1/fold_4/test/train__20230506-14-24-57__cf346a72.npz,90,RMDVR,20230909-16-14-25,0,1,-1,1,0,1,0,1.0,0.0,1,0
4,42,20230506-14-24-57,/home/ubuntu/klb/nuclr/nuclr/Data/Dunn_001623/cv5_grouped_v1/fold_4/test/train__20230506-14-24-57__cf346a72.npz,97,RMDDL,20230909-16-14-25,0,1,-1,1,0,1,0,1.0,0.0,0,0
4,42,20230506-14-24-57,/home/ubuntu/klb/nuclr/nuclr/Data/Dunn_001623/cv5_grouped_v1/fold_4/test/train__20230506-14-24-57__cf346a72.npz,106,IL1L,20230909-16-14-25,0,2,-1,0,0,1,0,0.5,0.0,0,0
4,42,20230506-14-24-57,/home/ubuntu/klb/nuclr/nuclr/Data/Dunn_001623/cv5_grouped_v1/fold_4/test/train__20230506-14-24-57__cf346a72.npz,108,SIADR,20230909-16-14-25,0,4,-1,0,0,1,0,0.25,0.0,0,0
4,42,20230506-14-24-57,/home/ubuntu/klb/nuclr/nuclr/Data/Dunn_001623/cv5_grouped_v1/fold_4/test/train__20230506-14-24-57__cf346a72.npz,109,SMDVR,20230909-16-14-25,1,118,5,0,0,0,1,0.00847457627118644,0.2,0,0
4,42,20230904-15-59-40,/home/ubuntu/klb/nuclr/nuclr/Data/Dunn_001623/cv5_grouped_v1/fold_4/test/train__20230904-15-59-40__ee901581.npz,0,AVAL,20230909-16-14-25,0,1,-1,1,0,1,0,1.0,0.0,1,0
4,42,20230904-15-59-40,/home/ubuntu/klb/nuclr/nuclr/Data/Dunn_001623/cv5_grouped_v1/fold_4/test/train__20230904-15-59-40__ee901581.npz,2,AIZL,20230909-16-14-25,0,2,-1,0,0,1,0,0.5,0.0,0,0
4,42,20230904-15-59-40,/home/ubuntu/klb/nuclr/nuclr/Data/Dunn_001623/cv5_grouped_v1/fold_4/test/train__20230904-15-59-40__ee901581.npz,4,RMEL,20230909-16-14-25,0,1,-1,1,0,1,0,1.0,0.0,1,0
4,42,20230904-15-59-40,/home/ubuntu/klb/nuclr/nuclr/Data/Dunn_001623/cv5_grouped_v1/fold_4/test/train__20230904-15-59-40__ee901581.npz,6,URYVL,20230909-16-14-25,0,2,-1,0,0,1,0,0.5,0.0,1,0
4,42,20230904-15-59-40,/home/ubuntu/klb/nuclr/nuclr/Data/Dunn_001623/cv5_grouped_v1/fold_4/test/train__20230904-15-59-40__ee901581.npz,8,AIYR,20230909-16-14-25,0,6,-1,0,0,0,0,0.16666666666666666,0.0,0,0
4,42,20230904-15-59-40,/home/ubuntu/klb/nuclr/nuclr/Data/Dunn_001623/cv5_grouped_v1/fold_4/test/train__20230904-15-59-40__ee901581.npz,9,OLQVR,20230909-16-14-25,0,1,-1,1,0,1,0,1.0,0.0,1,0
4,42,20230904-15-59-40,/home/ubuntu/klb/nuclr/nuclr/Data/Dunn_001623/cv5_grouped_v1/fold_4/test/train__20230904-15-59-40__ee901581.npz,17,SMDVR,20230909-16-14-25,1,49,2,0,0,0,1,0.02040816326530612,0.5,0,0
4,42,20230904-15-59-40,/home/ubuntu/klb/nuclr/nuclr/Data/Dunn_001623/cv5_grouped_v1/fold_4/test/train__20230904-15-59-40__ee901581.npz,19,OLQDL,20230909-16-14-25,0,1,-1,1,0,1,0,1.0,0.0,1,0
4,42,20230904-15-59-40,/home/ubuntu/klb/nuclr/nuclr/Data/Dunn_001623/cv5_grouped_v1/fold_4/test/train__20230904-15-59-40__ee901581.npz,22,RIAL,20230909-16-14-25,0,1,-1,1,0,1,0,1.0,0.0,1,0
4,42,20230904-15-59-40,/home/ubuntu/klb/nuclr/nuclr/Data/Dunn_001623/cv5_grouped_v1/fold_4/test/train__20230904-15-59-40__ee901581.npz,25,SMDVL,20230909-16-14-25,0,1,-1,1,0,1,0,1.0,0.0,1,0
4,42,20230904-15-59-40,/home/ubuntu/klb/nuclr/nuclr/Data/Dunn_001623/cv5_grouped_v1/fold_4/test/train__20230904-15-59-40__ee901581.npz,32,AVDL,20230909-16-14-25,0,1,-1,1,0,1,0,1.0,0.0,0,0
4,42,20230904-15-59-40,/home/ubuntu/klb/nuclr/nuclr/Data/Dunn_001623/cv5_grouped_v1/fold_4/test/train__20230904-15-59-40__ee901581.npz,38,AVJL,20230909-16-14-25,0,22,-1,0,0,0,0,0.045454545454545456,0.0,0,0
4,42,20230904-15-59-40,/home/ubuntu/klb/nuclr/nuclr/Data/Dunn_001623/cv5_grouped_v1/fold_4/test/train__20230904-15-59-40__ee901581.npz,42,RIVL,20230909-16-14-25,0,1,-1,1,0,1,0,1.0,0.0,1,0
4,42,20230904-15-59-40,/home/ubuntu/klb/nuclr/nuclr/Data/Dunn_001623/cv5_grouped_v1/fold_4/test/train__20230904-15-59-40__ee901581.npz,44,OLLR,20230909-16-14-25,0,1,-1,1,0,1,0,1.0,0.0,1,0
4,42,20230904-15-59-40,/home/ubuntu/klb/nuclr/nuclr/Data/Dunn_001623/cv5_grouped_v1/fold_4/test/train__20230904-15-59-40__ee901581.npz,50,RMDL,20230909-16-14-25,0,29,-1,0,0,0,0,0.034482758620689655,0.0,0,0
4,42,20230904-15-59-40,/home/ubuntu/klb/nuclr/nuclr/Data/Dunn_001623/cv5_grouped_v1/fold_4/test/train__20230904-15-59-40__ee901581.npz,57,URYVR,20230909-16-14-25,0,1,-1,1,0,1,0,1.0,0.0,1,0
4,42,20230904-15-59-40,/home/ubuntu/klb/nuclr/nuclr/Data/Dunn_001623/cv5_grouped_v1/fold_4/test/train__20230904-15-59-40__ee901581.npz,58,SMBVL,20230909-16-14-25,0,2,-1,0,0,1,0,0.5,0.0,0,0
4,42,20230904-15-59-40,/home/ubuntu/klb/nuclr/nuclr/Data/Dunn_001623/cv5_grouped_v1/fold_4/test/train__20230904-15-59-40__ee901581.npz,63,FLPL,20230909-16-14-25,0,1,-1,1,0,1,0,1.0,0.0,1,0
4,42,20230904-15-59-40,/home/ubuntu/klb/nuclr/nuclr/Data/Dunn_001623/cv5_grouped_v1/fold_4/test/train__20230904-15-59-40__ee901581.npz,69,URXL,20230909-16-14-25,0,1,-1,1,0,1,0,1.0,0.0,1,0
4,42,20230904-15-59-40,/home/ubuntu/klb/nuclr/nuclr/Data/Dunn_001623/cv5_grouped_v1/fold_4/test/train__20230904-15-59-40__ee901581.npz,70,ALA,20230909-16-14-25,0,3,-1,0,0,1,0,0.3333333333333333,0.0,0,0
4,42,20230904-15-59-40,/home/ubuntu/klb/nuclr/nuclr/Data/Dunn_001623/cv5_grouped_v1/fold_4/test/train__20230904-15-59-40__ee901581.npz,72,RMER,20230909-16-14-25,0,1,-1,1,0,1,0,1.0,0.0,1,0
4,42,20230904-15-59-40,/home/ubuntu/klb/nuclr/nuclr/Data/Dunn_001623/cv5_grouped_v1/fold_4/test/train__20230904-15-59-40__ee901581.npz,75,AFDR,20230909-16-14-25,0,28,-1,0,0,0,0,0.03571428571428571,0.0,0,0
4,42,20230904-15-59-40,/home/ubuntu/klb/nuclr/nuclr/Data/Dunn_001623/cv5_grouped_v1/fold_4/test/train__20230904-15-59-40__ee901581.npz,85,RMED,20230909-16-14-25,1,1,1,1,1,1,1,1.0,1.0,1,1
4,42,20230904-15-59-40,/home/ubuntu/klb/nuclr/nuclr/Data/Dunn_001623/cv5_grouped_v1/fold_4/test/train__20230904-15-59-40__ee901581.npz,89,AVKR,20230909-16-14-25,0,4,-1,0,0,1,0,0.25,0.0,0,0
4,42,20230904-15-59-40,/home/ubuntu/klb/nuclr/nuclr/Data/Dunn_001623/cv5_grouped_v1/fold_4/test/train__20230904-15-59-40__ee901581.npz,93,AQR,20230909-16-14-25,0,1,-1,1,0,1,0,1.0,0.0,1,0
4,42,20230904-15-59-40,/home/ubuntu/klb/nuclr/nuclr/Data/Dunn_001623/cv5_grouped_v1/fold_4/test/train__20230904-15-59-40__ee901581.npz,94,RMEV,20230909-16-14-25,1,1,1,1,1,1,1,1.0,1.0,1,1
4,42,20230904-15-59-40,/home/ubuntu/klb/nuclr/nuclr/Data/Dunn_001623/cv5_grouped_v1/fold_4/test/train__20230904-15-59-40__ee901581.npz,95,AIMR,20230909-16-14-25,0,19,-1,0,0,0,0,0.05263157894736842,0.0,0,0
4,42,20230904-15-59-40,/home/ubuntu/klb/nuclr/nuclr/Data/Dunn_001623/cv5_grouped_v1/fold_4/test/train__20230904-15-59-40__ee901581.npz,97,OLQDR,20230909-16-14-25,0,1,-1,1,0,1,0,1.0,0.0,1,0
4,42,20230904-15-59-40,/home/ubuntu/klb/nuclr/nuclr/Data/Dunn_001623/cv5_grouped_v1/fold_4/test/train__20230904-15-59-40__ee901581.npz,100,URYDR,20230909-16-14-25,0,1,-1,1,0,1,0,1.0,0.0,1,0
4,42,20230904-15-59-40,/home/ubuntu/klb/nuclr/nuclr/Data/Dunn_001623/cv5_grouped_v1/fold_4/test/train__20230904-15-59-40__ee901581.npz,102,RIAR,20230909-16-14-25,0,1,-1,1,0,1,0,1.0,0.0,1,0
4,42,20230904-15-59-40,/home/ubuntu/klb/nuclr/nuclr/Data/Dunn_001623/cv5_grouped_v1/fold_4/test/train__20230904-15-59-40__ee901581.npz,104,SIBVL,20230909-16-14-25,0,8,-1,0,0,0,0,0.125,0.0,0,0
4,42,20230904-15-59-40,/home/ubuntu/klb/nuclr/nuclr/Data/Dunn_001623/cv5_grouped_v1/fold_4/test/train__20230904-15-59-40__ee901581.npz,112,AIBL,20230909-16-14-25,0,2,-1,0,0,1,0,0.5,0.0,0,0
4,42,20230904-15-59-40,/home/ubuntu/klb/nuclr/nuclr/Data/Dunn_001623/cv5_grouped_v1/fold_4/test/train__20230904-15-59-40__ee901581.npz,113,OLLL,20230909-16-14-25,0,14,-1,0,0,0,0,0.07142857142857142,0.0,0,0
4,42,20240526-19-51-22,/home/ubuntu/klb/nuclr/nuclr/Data/Dunn_001623/cv5_grouped_v1/fold_4/test/train__20240526-19-51-22__48ee49a1.npz,5,AVAL,20230909-16-14-25,0,1,-1,1,0,1,0,1.0,0.0,1,0
4,42,20240526-19-51-22,/home/ubuntu/klb/nuclr/nuclr/Data/Dunn_001623/cv5_grouped_v1/fold_4/test/train__20240526-19-51-22__48ee49a1.npz,9,SMDVL,20230909-16-14-25,0,1,-1,1,0,1,0,1.0,0.0,1,0
4,42,20240526-19-51-22,/home/ubuntu/klb/nuclr/nuclr/Data/Dunn_001623/cv5_grouped_v1/fold_4/test/train__20240526-19-51-22__48ee49a1.npz,20,RMEV,20230909-16-14-25,1,1,1,1,1,1,1,1.0,1.0,1,1
4,42,20240526-19-51-22,/home/ubuntu/klb/nuclr/nuclr/Data/Dunn_001623/cv5_grouped_v1/fold_4/test/train__20240526-19-51-22__48ee49a1.npz,35,SMDDL,20230909-16-14-25,0,54,-1,0,0,0,0,0.018518518518518517,0.0,0,0
4,42,20240626-15-08-33,/home/ubuntu/klb/nuclr/nuclr/Data/Dunn_001623/cv5_grouped_v1/fold_4/test/train__20240626-15-08-33__4751906d.npz,0,AVAL,20230909-16-14-25,0,1,-1,1,0,1,0,1.0,0.0,1,0
4,42,20240626-15-08-33,/home/ubuntu/klb/nuclr/nuclr/Data/Dunn_001623/cv5_grouped_v1/fold_4/test/train__20240626-15-08-33__4751906d.npz,14,RMED,20230909-16-14-25,1,3,1,0,1,1,1,0.3333333333333333,1.0,0,0
4,42,20240626-15-08-33,/home/ubuntu/klb/nuclr/nuclr/Data/Dunn_001623/cv5_grouped_v1/fold_4/test/train__20240626-15-08-33__4751906d.npz,15,SMBDL,20230909-16-14-25,0,4,-1,0,0,1,0,0.25,0.0,0,0
4,42,20240626-15-08-33,/home/ubuntu/klb/nuclr/nuclr/Data/Dunn_001623/cv5_grouped_v1/fold_4/test/train__20240626-15-08-33__4751906d.npz,23,SMDDL,20230909-16-14-25,0,1,-1,1,0,1,0,1.0,0.0,1,0
4,42,20240626-15-08-33,/home/ubuntu/klb/nuclr/nuclr/Data/Dunn_001623/cv5_grouped_v1/fold_4/test/train__20240626-15-08-33__4751906d.npz,31,RIVL,20230909-16-14-25,0,1,-1,1,0,1,0,1.0,0.0,1,0
4,42,20240626-15-08-33,/home/ubuntu/klb/nuclr/nuclr/Data/Dunn_001623/cv5_grouped_v1/fold_4/test/train__20240626-15-08-33__4751906d.npz,36,RMDL,20230909-16-14-25,0,1,-1,1,0,1,0,1.0,0.0,1,0
4,42,20240626-15-08-33,/home/ubuntu/klb/nuclr/nuclr/Data/Dunn_001623/cv5_grouped_v1/fold_4/test/train__20240626-15-08-33__4751906d.npz,57,SMDVL,20230909-16-14-25,0,1,-1,1,0,1,0,1.0,0.0,1,0
4,42,20240629-14-48-32,/home/ubuntu/klb/nuclr/nuclr/Data/Dunn_001623/cv5_grouped_v1/fold_4/test/train__20240629-14-48-32__2b74813e.npz,7,AVAR,20230909-16-14-25,1,1,1,1,1,1,1,1.0,1.0,1,1
4,42,20240629-14-48-32,/home/ubuntu/klb/nuclr/nuclr/Data/Dunn_001623/cv5_grouped_v1/fold_4/test/train__20240629-14-48-32__2b74813e.npz,32,RIAR,20230909-16-14-25,0,1,-1,1,0,1,0,1.0,0.0,1,0
4,42,20240629-14-48-32,/home/ubuntu/klb/nuclr/nuclr/Data/Dunn_001623/cv5_grouped_v1/fold_4/test/train__20240629-14-48-32__2b74813e.npz,33,RIVR,20230909-16-14-25,1,1,1,1,1,1,1,1.0,1.0,1,1
4,42,20240629-14-48-32,/home/ubuntu/klb/nuclr/nuclr/Data/Dunn_001623/cv5_grouped_v1/fold_4/test/train__20240629-14-48-32__2b74813e.npz,36,RMDVR,20230909-16-14-25,0,1,-1,1,0,1,0,1.0,0.0,1,0
4,42,20240629-14-48-32,/home/ubuntu/klb/nuclr/nuclr/Data/Dunn_001623/cv5_grouped_v1/fold_4/test/train__20240629-14-48-32__2b74813e.npz,42,AWAR,20230909-16-14-25,0,2,-1,0,0,1,0,0.5,0.0,0,0
4,42,20240629-14-48-32,/home/ubuntu/klb/nuclr/nuclr/Data/Dunn_001623/cv5_grouped_v1/fold_4/test/train__20240629-14-48-32__2b74813e.npz,44,SAAVR,20230909-16-14-25,0,1,-1,1,0,1,0,1.0,0.0,1,0
4,42,20240629-14-48-32,/home/ubuntu/klb/nuclr/nuclr/Data/Dunn_001623/cv5_grouped_v1/fold_4/test/train__20240629-14-48-32__2b74813e.npz,50,SMDVR,20230909-16-14-25,1,1,1,1,1,1,1,1.0,1.0,1,1
4,42,20240629-14-48-32,/home/ubuntu/klb/nuclr/nuclr/Data/Dunn_001623/cv5_grouped_v1/fold_4/test/train__20240629-14-48-32__2b74813e.npz,61,RMDR,20230909-16-14-25,0,1,-1,1,0,1,0,1.0,0.0,1,0
4,42,20240629-20-59-45,/home/ubuntu/klb/nuclr/nuclr/Data/Dunn_001623/cv5_grouped_v1/fold_4/test/train__20240629-20-59-45__37ae4b86.npz,11,AVAR,20230909-16-14-25,1,1,1,1,1,1,1,1.0,1.0,1,1
4,42,20240629-20-59-45,/home/ubuntu/klb/nuclr/nuclr/Data/Dunn_001623/cv5_grouped_v1/fold_4/test/train__20240629-20-59-45__37ae4b86.npz,16,SMDDR,20230909-16-14-25,1,1,1,1,1,1,1,1.0,1.0,1,1
4,42,20240629-20-59-45,/home/ubuntu/klb/nuclr/nuclr/Data/Dunn_001623/cv5_grouped_v1/fold_4/test/train__20240629-20-59-45__37ae4b86.npz,35,RMDVR,20230909-16-14-25,0,1,-1,1,0,1,0,1.0,0.0,1,0
4,42,20240629-20-59-45,/home/ubuntu/klb/nuclr/nuclr/Data/Dunn_001623/cv5_grouped_v1/fold_4/test/train__20240629-20-59-45__37ae4b86.npz,36,SAAVR,20230909-16-14-25,0,2,-1,0,0,1,0,0.5,0.0,0,0
4,42,20240629-20-59-45,/home/ubuntu/klb/nuclr/nuclr/Data/Dunn_001623/cv5_grouped_v1/fold_4/test/train__20240629-20-59-45__37ae4b86.npz,43,SMDVR,20230909-16-14-25,1,1,1,1,1,1,1,1.0,1.0,1,1
4,42,20240629-20-59-45,/home/ubuntu/klb/nuclr/nuclr/Data/Dunn_001623/cv5_grouped_v1/fold_4/test/train__20240629-20-59-45__37ae4b86.npz,49,AWAR,20230909-16-14-25,0,1,-1,1,0,1,0,1.0,0.0,1,0
4,42,20240714-15-24-26,/home/ubuntu/klb/nuclr/nuclr/Data/Dunn_001623/cv5_grouped_v1/fold_4/test/train__20240714-15-24-26__8e813fbd.npz,0,AVAL,20230909-16-14-25,0,1,-1,1,0,1,0,1.0,0.0,1,0
4,42,20240714-15-24-26,/home/ubuntu/klb/nuclr/nuclr/Data/Dunn_001623/cv5_grouped_v1/fold_4/test/train__20240714-15-24-26__8e813fbd.npz,11,URXL,20230909-16-14-25,0,5,-1,0,0,1,0,0.2,0.0,0,0
4,42,20240714-15-24-26,/home/ubuntu/klb/nuclr/nuclr/Data/Dunn_001623/cv5_grouped_v1/fold_4/test/train__20240714-15-24-26__8e813fbd.npz,18,AWAL,20230909-16-14-25,0,1,-1,1,0,1,0,1.0,0.0,0,0
4,42,20240714-15-24-26,/home/ubuntu/klb/nuclr/nuclr/Data/Dunn_001623/cv5_grouped_v1/fold_4/test/train__20240714-15-24-26__8e813fbd.npz,23,SMDDL,20230909-16-14-25,0,1,-1,1,0,1,0,1.0,0.0,1,0
4,42,20240714-15-24-26,/home/ubuntu/klb/nuclr/nuclr/Data/Dunn_001623/cv5_grouped_v1/fold_4/test/train__20240714-15-24-26__8e813fbd.npz,32,RMDVL,20230909-16-14-25,0,1,-1,1,0,1,0,1.0,0.0,1,0
4,42,20240714-15-24-26,/home/ubuntu/klb/nuclr/nuclr/Data/Dunn_001623/cv5_grouped_v1/fold_4/test/train__20240714-15-24-26__8e813fbd.npz,55,SAAVL,20230909-16-14-25,0,1,-1,1,0,1,0,1.0,0.0,1,0
4,42,20240714-15-24-26,/home/ubuntu/klb/nuclr/nuclr/Data/Dunn_001623/cv5_grouped_v1/fold_4/test/train__20240714-15-24-26__8e813fbd.npz,56,RIAL,20230909-16-14-25,0,1,-1,1,0,1,0,1.0,0.0,1,0
4,42,20240714-15-24-26,/home/ubuntu/klb/nuclr/nuclr/Data/Dunn_001623/cv5_grouped_v1/fold_4/test/train__20240714-15-24-26__8e813fbd.npz,57,SMDVL,20230909-16-14-25,0,1,-1,1,0,1,0,1.0,0.0,1,0
4,42,20240714-15-24-26,/home/ubuntu/klb/nuclr/nuclr/Data/Dunn_001623/cv5_grouped_v1/fold_4/test/train__20240714-15-24-26__8e813fbd.npz,58,RMDL,20230909-16-14-25,0,1,-1,1,0,1,0,1.0,0.0,1,0
4,42,20240714-17-28-58,/home/ubuntu/klb/nuclr/nuclr/Data/Dunn_001623/cv5_grouped_v1/fold_4/test/train__20240714-17-28-58__6d7f3bea.npz,3,AVAR,20230909-16-14-25,1,1,1,1,1,1,1,1.0,1.0,1,1
4,42,20240714-17-28-58,/home/ubuntu/klb/nuclr/nuclr/Data/Dunn_001623/cv5_grouped_v1/fold_4/test/train__20240714-17-28-58__6d7f3bea.npz,11,SMDDR,20230909-16-14-25,1,1,1,1,1,1,1,1.0,1.0,1,1
4,42,20240714-17-28-58,/home/ubuntu/klb/nuclr/nuclr/Data/Dunn_001623/cv5_grouped_v1/fold_4/test/train__20240714-17-28-58__6d7f3bea.npz,18,SMDVR,20230909-16-14-25,1,1,1,1,1,1,1,1.0,1.0,1,1
4,42,20240714-17-28-58,/home/ubuntu/klb/nuclr/nuclr/Data/Dunn_001623/cv5_grouped_v1/fold_4/test/train__20240714-17-28-58__6d7f3bea.npz,43,RMDVR,20230909-16-14-25,0,1,-1,1,0,1,0,1.0,0.0,1,0
4,42,20240714-17-28-58,/home/ubuntu/klb/nuclr/nuclr/Data/Dunn_001623/cv5_grouped_v1/fold_4/test/train__20240714-17-28-58__6d7f3bea.npz,44,RMDR,20230909-16-14-25,0,1,-1,1,0,1,0,1.0,0.0,1,0
4,42,20240714-17-28-58,/home/ubuntu/klb/nuclr/nuclr/Data/Dunn_001623/cv5_grouped_v1/fold_4/test/train__20240714-17-28-58__6d7f3bea.npz,57,SAAVR,20230909-16-14-25,0,2,-1,0,0,1,0,0.5,0.0,0,0
4,42,20240724-14-26-00,/home/ubuntu/klb/nuclr/nuclr/Data/Dunn_001623/cv5_grouped_v1/fold_4/test/val__20240724-14-26-00__b5d23d7a.npz,1,SMDVL,20230909-16-14-25,0,1,-1,1,0,1,0,1.0,0.0,1,0
4,42,20240724-14-26-00,/home/ubuntu/klb/nuclr/nuclr/Data/Dunn_001623/cv5_grouped_v1/fold_4/test/val__20240724-14-26-00__b5d23d7a.npz,2,AVAL,20230909-16-14-25,0,1,-1,1,0,1,0,1.0,0.0,1,0
4,42,20240724-14-26-00,/home/ubuntu/klb/nuclr/nuclr/Data/Dunn_001623/cv5_grouped_v1/fold_4/test/val__20240724-14-26-00__b5d23d7a.npz,21,RMDL,20230909-16-14-25,0,1,-1,1,0,1,0,1.0,0.0,1,0
4,42,20240724-14-26-00,/home/ubuntu/klb/nuclr/nuclr/Data/Dunn_001623/cv5_grouped_v1/fold_4/test/val__20240724-14-26-00__b5d23d7a.npz,28,RMED,20230909-16-14-25,1,1,1,1,1,1,1,1.0,1.0,1,1
4,42,20240724-14-26-00,/home/ubuntu/klb/nuclr/nuclr/Data/Dunn_001623/cv5_grouped_v1/fold_4/test/val__20240724-14-26-00__b5d23d7a.npz,33,SAAVL,20230909-16-14-25,0,1,-1,1,0,1,0,1.0,0.0,1,0
4,42,20240724-14-26-00,/home/ubuntu/klb/nuclr/nuclr/Data/Dunn_001623/cv5_grouped_v1/fold_4/test/val__20240724-14-26-00__b5d23d7a.npz,45,AWAL,20230909-16-14-25,0,1,-1,1,0,1,0,1.0,0.0,0,0
4,42,20240724-14-26-00,/home/ubuntu/klb/nuclr/nuclr/Data/Dunn_001623/cv5_grouped_v1/fold_4/test/val__20240724-14-26-00__b5d23d7a.npz,49,RMDVL,20230909-16-14-25,0,1,-1,1,0,1,0,1.0,0.0,1,0
4,42,20240724-14-26-00,/home/ubuntu/klb/nuclr/nuclr/Data/Dunn_001623/cv5_grouped_v1/fold_4/test/val__20240724-14-26-00__b5d23d7a.npz,54,RIAL,20230909-16-14-25,0,1,-1,1,0,1,0,1.0,0.0,1,0
4,42,20240828-14-16-29,/home/ubuntu/klb/nuclr/nuclr/Data/Dunn_001623/cv5_grouped_v1/fold_4/test/val__20240828-14-16-29__4c7345fc.npz,1,RMEV,20230909-16-14-25,1,1,1,1,1,1,1,1.0,1.0,1,1
4,42,20240828-14-16-29,/home/ubuntu/klb/nuclr/nuclr/Data/Dunn_001623/cv5_grouped_v1/fold_4/test/val__20240828-14-16-29__4c7345fc.npz,3,RIVL,20230909-16-14-25,0,1,-1,1,0,1,0,1.0,0.0,1,0
4,42,20240828-14-16-29,/home/ubuntu/klb/nuclr/nuclr/Data/Dunn_001623/cv5_grouped_v1/fold_4/test/val__20240828-14-16-29__4c7345fc.npz,17,ALA,20230909-16-14-25,0,1,-1,1,0,1,0,1.0,0.0,1,0
4,42,20240828-14-16-29,/home/ubuntu/klb/nuclr/nuclr/Data/Dunn_001623/cv5_grouped_v1/fold_4/test/val__20240828-14-16-29__4c7345fc.npz,29,SAAVR,20230909-16-14-25,0,8,-1,0,0,0,0,0.125,0.0,0,0
4,42,20240828-14-16-29,/home/ubuntu/klb/nuclr/nuclr/Data/Dunn_001623/cv5_grouped_v1/fold_4/test/val__20240828-14-16-29__4c7345fc.npz,31,AVAR,20230909-16-14-25,1,1,1,1,1,1,1,1.0,1.0,1,1
4,42,20240828-14-16-29,/home/ubuntu/klb/nuclr/nuclr/Data/Dunn_001623/cv5_grouped_v1/fold_4/test/val__20240828-14-16-29__4c7345fc.npz,33,AVER,20230909-16-14-25,0,1,-1,1,0,1,0,1.0,0.0,1,0
4,42,20240828-14-16-29,/home/ubuntu/klb/nuclr/nuclr/Data/Dunn_001623/cv5_grouped_v1/fold_4/test/val__20240828-14-16-29__4c7345fc.npz,36,RID,20230909-16-14-25,0,1,-1,1,0,1,0,1.0,0.0,1,0
4,42,20240828-14-16-29,/home/ubuntu/klb/nuclr/nuclr/Data/Dunn_001623/cv5_grouped_v1/fold_4/test/val__20240828-14-16-29__4c7345fc.npz,41,SMDVR,20230909-16-14-25,1,1,1,1,1,1,1,1.0,1.0,1,1
4,42,20240828-14-16-29,/home/ubuntu/klb/nuclr/nuclr/Data/Dunn_001623/cv5_grouped_v1/fold_4/test/val__20240828-14-16-29__4c7345fc.npz,43,RIAR,20230909-16-14-25,0,2,-1,0,0,1,0,0.5,0.0,1,0
4,42,20240828-14-16-29,/home/ubuntu/klb/nuclr/nuclr/Data/Dunn_001623/cv5_grouped_v1/fold_4/test/val__20240828-14-16-29__4c7345fc.npz,50,AFDR,20230909-16-14-25,0,30,-1,0,0,0,0,0.03333333333333333,0.0,0,0
4,42,20240828-14-16-29,/home/ubuntu/klb/nuclr/nuclr/Data/Dunn_001623/cv5_grouped_v1/fold_4/test/val__20240828-14-16-29__4c7345fc.npz,51,RMDDR,20230909-16-14-25,0,35,-1,0,0,0,0,0.02857142857142857,0.0,0,0
4,42,20240828-14-16-29,/home/ubuntu/klb/nuclr/nuclr/Data/Dunn_001623/cv5_grouped_v1/fold_4/test/val__20240828-14-16-29__4c7345fc.npz,54,RMDVL,20230909-16-14-25,0,1,-1,1,0,1,0,1.0,0.0,1,0
4,42,20240828-14-16-29,/home/ubuntu/klb/nuclr/nuclr/Data/Dunn_001623/cv5_grouped_v1/fold_4/test/val__20240828-14-16-29__4c7345fc.npz,74,AVAL,20230909-16-14-25,0,1,-1,1,0,1,0,1.0,0.0,1,0
4,42,20240828-14-16-29,/home/ubuntu/klb/nuclr/nuclr/Data/Dunn_001623/cv5_grouped_v1/fold_4/test/val__20240828-14-16-29__4c7345fc.npz,77,RMED,20230909-16-14-25,1,1,1,1,1,1,1,1.0,1.0,1,1
4,42,20240828-14-16-29,/home/ubuntu/klb/nuclr/nuclr/Data/Dunn_001623/cv5_grouped_v1/fold_4/test/val__20240828-14-16-29__4c7345fc.npz,79,SMDVL,20230909-16-14-25,0,1,-1,1,0,1,0,1.0,0.0,1,0
4,42,20240828-14-16-29,/home/ubuntu/klb/nuclr/nuclr/Data/Dunn_001623/cv5_grouped_v1/fold_4/test/val__20240828-14-16-29__4c7345fc.npz,82,AVEL,20230909-16-14-25,0,1,-1,1,0,1,0,1.0,0.0,1,0
4,42,20240828-14-16-29,/home/ubuntu/klb/nuclr/nuclr/Data/Dunn_001623/cv5_grouped_v1/fold_4/test/val__20240828-14-16-29__4c7345fc.npz,89,SMDDR,20230909-16-14-25,1,5,3,0,0,1,1,0.2,0.3333333333333333,0,0
4,42,20240828-14-16-29,/home/ubuntu/klb/nuclr/nuclr/Data/Dunn_001623/cv5_grouped_v1/fold_4/test/val__20240828-14-16-29__4c7345fc.npz,93,URXL,20230909-16-14-25,0,26,-1,0,0,0,0,0.038461538461538464,0.0,0,0
4,42,20240828-14-16-29,/home/ubuntu/klb/nuclr/nuclr/Data/Dunn_001623/cv5_grouped_v1/fold_4/test/val__20240828-14-16-29__4c7345fc.npz,95,AFDL,20230909-16-14-25,0,6,-1,0,0,0,0,0.16666666666666666,0.0,0,0
4,42,20240828-14-16-29,/home/ubuntu/klb/nuclr/nuclr/Data/Dunn_001623/cv5_grouped_v1/fold_4/test/val__20240828-14-16-29__4c7345fc.npz,97,AWAL,20230909-16-14-25,0,3,-1,0,0,1,0,0.3333333333333333,0.0,0,0
4,42,20240828-14-16-29,/home/ubuntu/klb/nuclr/nuclr/Data/Dunn_001623/cv5_grouped_v1/fold_4/test/val__20240828-14-16-29__4c7345fc.npz,100,ADFL,20230909-16-14-25,0,4,-1,0,0,1,0,0.25,0.0,0,0
4,42,20240828-14-16-29,/home/ubuntu/klb/nuclr/nuclr/Data/Dunn_001623/cv5_grouped_v1/fold_4/test/val__20240828-14-16-29__4c7345fc.npz,121,RIAL,20230909-16-14-25,0,3,-1,0,0,1,0,0.3333333333333333,0.0,0,0
4,42,20240828-14-16-29,/home/ubuntu/klb/nuclr/nuclr/Data/Dunn_001623/cv5_grouped_v1/fold_4/test/val__20240828-14-16-29__4c7345fc.npz,123,RMDL,20230909-16-14-25,0,16,-1,0,0,0,0,0.0625,0.0,0,0
4,42,20240828-14-16-29,/home/ubuntu/klb/nuclr/nuclr/Data/Dunn_001623/cv5_grouped_v1/fold_4/test/val__20240828-14-16-29__4c7345fc.npz,125,SMDDL,20230909-16-14-25,0,33,-1,0,0,0,0,0.030303030303030304,0.0,0,0
