dataset,fold,seed,method,split,query_uid,query_index,identity,source_path,reference_uid,reference_covered,candidate_count,target_col,predicted_index,predicted_identity,top5_identities,hungarian_prediction_col,hungarian_prediction_identity,alpha_activity,rho,eps,rank,top1,top5,rr,hungarian_correct
rld,1,deterministic,FUGW (G+A; official),test,20240902-18-09-07,3,SMDVR,/home/ubuntu/klb/nuclr/nuclr/Data/Dunn_001623/cv5_grouped_v1/fold_1/test/test__20240902-18-09-07__95b23b60.npz,20240828-17-07-39,1,17,12,77,AVAR,AVAR|SMDVR|RMDR|AVAL|AVEL,-1,,0.75,0.1,0.01,2,0,1,0.5,0
rld,1,deterministic,FUGW (G+A; official),test,20240902-18-09-07,7,RIVR,/home/ubuntu/klb/nuclr/nuclr/Data/Dunn_001623/cv5_grouped_v1/fold_1/test/test__20240902-18-09-07__95b23b60.npz,20240828-17-07-39,0,17,-1,101,RMDR,RMDR|RMEV|AVAL|RMDL|AVEL,-1,,0.75,0.1,0.01,-1,0,0,0.0,0
rld,1,deterministic,FUGW (G+A; official),test,20240902-18-09-07,9,RMEV,/home/ubuntu/klb/nuclr/nuclr/Data/Dunn_001623/cv5_grouped_v1/fold_1/test/test__20240902-18-09-07__95b23b60.npz,20240828-17-07-39,1,17,1,101,RMDR,RMDR|AVEL|AVAL|SMDVL|RMEV,-1,,0.75,0.1,0.01,5,0,1,0.2,0
rld,1,deterministic,FUGW (G+A; official),test,20240902-18-09-07,26,RID,/home/ubuntu/klb/nuclr/nuclr/Data/Dunn_001623/cv5_grouped_v1/fold_1/test/test__20240902-18-09-07__95b23b60.npz,20240828-17-07-39,1,17,3,82,RMDL,RMDL|RMEV|AVEL|AVAL|RMDR,-1,,0.75,0.1,0.01,15,0,0,0.06666666666666667,0
rld,1,deterministic,FUGW (G+A; official),test,20240902-18-09-07,33,AVAL,/home/ubuntu/klb/nuclr/nuclr/Data/Dunn_001623/cv5_grouped_v1/fold_1/test/test__20240902-18-09-07__95b23b60.npz,20240828-17-07-39,1,17,7,32,AVAL,AVAL|SMDVL|AVEL|RID|ADFL,6,SMDVL,0.75,0.1,0.01,1,1,1,1.0,0
rld,1,deterministic,FUGW (G+A; official),test,20240902-18-09-07,44,SMDDR,/home/ubuntu/klb/nuclr/nuclr/Data/Dunn_001623/cv5_grouped_v1/fold_1/test/test__20240902-18-09-07__95b23b60.npz,20240828-17-07-39,0,17,-1,77,AVAR,AVAR|SMDVR|RMDR|AVAL|RID,-1,,0.75,0.1,0.01,-1,0,0,0.0,0
rld,1,deterministic,FUGW (G+A; official),test,20240902-18-09-07,47,RIAL,/home/ubuntu/klb/nuclr/nuclr/Data/Dunn_001623/cv5_grouped_v1/fold_1/test/test__20240902-18-09-07__95b23b60.npz,20240828-17-07-39,0,17,-1,35,ADFL,ADFL|RMDL|SMDVL|ALA|AVEL,-1,,0.75,0.1,0.01,-1,0,0,0.0,0
rld,1,deterministic,FUGW (G+A; official),test,20240902-18-09-07,52,AWAR,/home/ubuntu/klb/nuclr/nuclr/Data/Dunn_001623/cv5_grouped_v1/fold_1/test/test__20240902-18-09-07__95b23b60.npz,20240828-17-07-39,1,17,16,107,AWAR,AWAR|RMEV|RMDVR|RMDR|RMDL,-1,,0.75,0.1,0.01,1,1,1,1.0,0
rld,1,deterministic,FUGW (G+A; official),test,20240902-18-09-07,58,CEPDR,/home/ubuntu/klb/nuclr/nuclr/Data/Dunn_001623/cv5_grouped_v1/fold_1/test/test__20240902-18-09-07__95b23b60.npz,20240828-17-07-39,0,17,-1,21,RMEV,RMEV|RMDL|AWAR|RMDVR|RMDR,-1,,0.75,0.1,0.01,-1,0,0,0.0,0
rld,1,deterministic,FUGW (G+A; official),test,20240902-18-09-07,69,RMDR,/home/ubuntu/klb/nuclr/nuclr/Data/Dunn_001623/cv5_grouped_v1/fold_1/test/test__20240902-18-09-07__95b23b60.npz,20240828-17-07-39,1,17,15,107,AWAR,AWAR|AWBR|RMDVR|RIAR|ADFR,-1,,0.75,0.1,0.01,6,0,0,0.16666666666666666,0
rld,1,deterministic,FUGW (G+A; official),test,20240902-18-09-07,80,AVAR,/home/ubuntu/klb/nuclr/nuclr/Data/Dunn_001623/cv5_grouped_v1/fold_1/test/test__20240902-18-09-07__95b23b60.npz,20240828-17-07-39,1,17,11,77,AVAR,AVAR|SMDVR|RMDR|AVAL|AVEL,11,AVAR,0.75,0.1,0.01,1,1,1,1.0,1
rld,1,deterministic,FUGW (G+A; official),test,20240902-18-09-07,100,RMDVR,/home/ubuntu/klb/nuclr/nuclr/Data/Dunn_001623/cv5_grouped_v1/fold_1/test/test__20240902-18-09-07__95b23b60.npz,20240828-17-07-39,1,17,9,107,AWAR,AWAR|RMDVR|AWBR|RIAR|RMEV,-1,,0.75,0.1,0.01,2,0,1,0.5,0
rld,1,deterministic,FUGW (G+A; official),test,20240902-18-09-07,104,RMDVL,/home/ubuntu/klb/nuclr/nuclr/Data/Dunn_001623/cv5_grouped_v1/fold_1/test/test__20240902-18-09-07__95b23b60.npz,20240828-17-07-39,0,17,-1,35,ADFL,ADFL|SMDVL|RMDL|ALA|AVEL,-1,,0.75,0.1,0.01,-1,0,0,0.0,0
rld,1,deterministic,FUGW (G+A; official),test,20240902-18-09-07,108,SMDVL,/home/ubuntu/klb/nuclr/nuclr/Data/Dunn_001623/cv5_grouped_v1/fold_1/test/test__20240902-18-09-07__95b23b60.npz,20240828-17-07-39,1,17,6,32,AVAL,AVAL|SMDVL|AVEL|RMDL|RMEV,-1,,0.75,0.1,0.01,2,0,1,0.5,0
rld,1,deterministic,FUGW (G+A; official),test,20240902-18-09-07,116,RIAR,/home/ubuntu/klb/nuclr/nuclr/Data/Dunn_001623/cv5_grouped_v1/fold_1/test/test__20240902-18-09-07__95b23b60.npz,20240828-17-07-39,1,17,4,107,AWAR,AWAR|RMEV|RMDR|RMDVR|AWBR,-1,,0.75,0.1,0.01,6,0,0,0.16666666666666666,0
rld,1,deterministic,FUGW (G+A; official),test,20240902-18-09-07,117,SAAVR,/home/ubuntu/klb/nuclr/nuclr/Data/Dunn_001623/cv5_grouped_v1/fold_1/test/test__20240902-18-09-07__95b23b60.npz,20240828-17-07-39,0,17,-1,107,AWAR,AWAR|RMDVR|AWBR|RMDR|RMEV,-1,,0.75,0.1,0.01,-1,0,0,0.0,0
rld,1,deterministic,FUGW (G+A; official),test,20240902-18-09-07,118,AFDR,/home/ubuntu/klb/nuclr/nuclr/Data/Dunn_001623/cv5_grouped_v1/fold_1/test/test__20240902-18-09-07__95b23b60.npz,20240828-17-07-39,0,17,-1,107,AWAR,AWAR|RMDVR|AWBR|RMDR|RIAR,-1,,0.75,0.1,0.01,-1,0,0,0.0,0
rld,1,deterministic,FUGW (G+A; official),test,20240902-18-09-07,121,SMDDL,/home/ubuntu/klb/nuclr/nuclr/Data/Dunn_001623/cv5_grouped_v1/fold_1/test/test__20240902-18-09-07__95b23b60.npz,20240828-17-07-39,0,17,-1,78,SMDVR,SMDVR|AVAR|AVAL|RMDR|RID,12,SMDVR,0.75,0.1,0.01,-1,0,0,0.0,0
rld,1,deterministic,FUGW (G+A; official),test,20240904-16-13-38,5,RMEV,/home/ubuntu/klb/nuclr/nuclr/Data/Dunn_001623/cv5_grouped_v1/fold_1/test/test__20240904-16-13-38__f1471777.npz,20240828-17-07-39,1,17,1,32,AVAL,AVAL|RMDR|SMDVR|AVEL|RID,-1,,0.75,0.1,0.01,8,0,0,0.125,0
rld,1,deterministic,FUGW (G+A; official),test,20240904-16-13-38,7,RMED,/home/ubuntu/klb/nuclr/nuclr/Data/Dunn_001623/cv5_grouped_v1/fold_1/test/test__20240904-16-13-38__f1471777.npz,20240828-17-07-39,1,17,0,32,AVAL,AVAL|AVEL|RMEV|RMDR|RMDL,-1,,0.75,0.1,0.01,10,0,0,0.1,0
rld,1,deterministic,FUGW (G+A; official),test,20240904-16-13-38,9,AVER,/home/ubuntu/klb/nuclr/nuclr/Data/Dunn_001623/cv5_grouped_v1/fold_1/test/test__20240904-16-13-38__f1471777.npz,20240828-17-07-39,0,17,-1,77,AVAR,AVAR|SMDVR|RMDR|AVAL|AVEL,-1,,0.75,0.1,0.01,-1,0,0,0.0,0
rld,1,deterministic,FUGW (G+A; official),test,20240904-16-13-38,26,ADFR,/home/ubuntu/klb/nuclr/nuclr/Data/Dunn_001623/cv5_grouped_v1/fold_1/test/test__20240904-16-13-38__f1471777.npz,20240828-17-07-39,1,17,10,107,AWAR,AWAR|RMEV|RMDVR|RMDR|RMDL,-1,,0.75,0.1,0.01,8,0,0,0.125,0
rld,1,deterministic,FUGW (G+A; official),test,20240904-16-13-38,28,ALA,/home/ubuntu/klb/nuclr/nuclr/Data/Dunn_001623/cv5_grouped_v1/fold_1/test/test__20240904-16-13-38__f1471777.npz,20240828-17-07-39,1,17,5,82,RMDL,RMDL|RMEV|AVEL|SMDVL|AWAR,-1,,0.75,0.1,0.01,14,0,0,0.07142857142857142,0
rld,1,deterministic,FUGW (G+A; official),test,20240904-16-13-38,32,RIVR,/home/ubuntu/klb/nuclr/nuclr/Data/Dunn_001623/cv5_grouped_v1/fold_1/test/test__20240904-16-13-38__f1471777.npz,20240828-17-07-39,0,17,-1,107,AWAR,AWAR|RMEV|RMDVR|RMDR|AWBR,-1,,0.75,0.1,0.01,-1,0,0,0.0,0
rld,1,deterministic,FUGW (G+A; official),test,20240904-16-13-38,36,SMDVL,/home/ubuntu/klb/nuclr/nuclr/Data/Dunn_001623/cv5_grouped_v1/fold_1/test/test__20240904-16-13-38__f1471777.npz,20240828-17-07-39,1,17,6,32,AVAL,AVAL|SMDVL|RMDL|AVEL|RMEV,-1,,0.75,0.1,0.01,2,0,1,0.5,0
rld,1,deterministic,FUGW (G+A; official),test,20240904-16-13-38,37,RMDDR,/home/ubuntu/klb/nuclr/nuclr/Data/Dunn_001623/cv5_grouped_v1/fold_1/test/test__20240904-16-13-38__f1471777.npz,20240828-17-07-39,0,17,-1,28,ALA,ALA|RMED|ADFR|RID|ADFL,-1,,0.75,0.1,0.01,-1,0,0,0.0,0
rld,1,deterministic,FUGW (G+A; official),test,20240904-16-13-38,40,RIAL,/home/ubuntu/klb/nuclr/nuclr/Data/Dunn_001623/cv5_grouped_v1/fold_1/test/test__20240904-16-13-38__f1471777.npz,20240828-17-07-39,0,17,-1,82,RMDL,RMDL|SMDVL|ADFL|RMEV|AVEL,-1,,0.75,0.1,0.01,-1,0,0,0.0,0
rld,1,deterministic,FUGW (G+A; official),test,20240904-16-13-38,43,RMDL,/home/ubuntu/klb/nuclr/nuclr/Data/Dunn_001623/cv5_grouped_v1/fold_1/test/test__20240904-16-13-38__f1471777.npz,20240828-17-07-39,1,17,14,35,ADFL,ADFL|ALA|SMDVL|RMED|RMDL,-1,,0.75,0.1,0.01,5,0,1,0.2,0
rld,1,deterministic,FUGW (G+A; official),test,20240904-16-13-38,52,URXL,/home/ubuntu/klb/nuclr/nuclr/Data/Dunn_001623/cv5_grouped_v1/fold_1/test/test__20240904-16-13-38__f1471777.npz,20240828-17-07-39,0,17,-1,82,RMDL,RMDL|RMEV|AVEL|SMDVL|ADFL,-1,,0.75,0.1,0.01,-1,0,0,0.0,0
rld,1,deterministic,FUGW (G+A; official),test,20240904-16-13-38,57,RIVL,/home/ubuntu/klb/nuclr/nuclr/Data/Dunn_001623/cv5_grouped_v1/fold_1/test/test__20240904-16-13-38__f1471777.npz,20240828-17-07-39,0,17,-1,82,RMDL,RMDL|SMDVL|ADFL|AVEL|RMEV,14,RMDL,0.75,0.1,0.01,-1,0,0,0.0,0
rld,1,deterministic,FUGW (G+A; official),test,20240904-16-13-38,60,SMDVR,/home/ubuntu/klb/nuclr/nuclr/Data/Dunn_001623/cv5_grouped_v1/fold_1/test/test__20240904-16-13-38__f1471777.npz,20240828-17-07-39,1,17,12,77,AVAR,AVAR|SMDVR|RMDR|AVAL|AVEL,-1,,0.75,0.1,0.01,2,0,1,0.5,0
rld,1,deterministic,FUGW (G+A; official),test,20240904-16-13-38,68,AWAR,/home/ubuntu/klb/nuclr/nuclr/Data/Dunn_001623/cv5_grouped_v1/fold_1/test/test__20240904-16-13-38__f1471777.npz,20240828-17-07-39,1,17,16,107,AWAR,AWAR|RMDVR|AWBR|RIAR|ADFR,-1,,0.75,0.1,0.01,1,1,1,1.0,0
rld,1,deterministic,FUGW (G+A; official),test,20240904-16-13-38,75,AVAL,/home/ubuntu/klb/nuclr/nuclr/Data/Dunn_001623/cv5_grouped_v1/fold_1/test/test__20240904-16-13-38__f1471777.npz,20240828-17-07-39,1,17,7,78,SMDVR,SMDVR|AVAR|AVAL|RMDR|AVEL,-1,,0.75,0.1,0.01,3,0,1,0.3333333333333333,0
rld,1,deterministic,FUGW (G+A; official),test,20240904-16-13-38,80,RID,/home/ubuntu/klb/nuclr/nuclr/Data/Dunn_001623/cv5_grouped_v1/fold_1/test/test__20240904-16-13-38__f1471777.npz,20240828-17-07-39,1,17,3,32,AVAL,AVAL|RMEV|RMDL|AVEL|RMDR,1,RMEV,0.75,0.1,0.01,13,0,0,0.07692307692307693,0
rld,1,deterministic,FUGW (G+A; official),test,20240904-16-13-38,85,AVAR,/home/ubuntu/klb/nuclr/nuclr/Data/Dunn_001623/cv5_grouped_v1/fold_1/test/test__20240904-16-13-38__f1471777.npz,20240828-17-07-39,1,17,11,77,AVAR,AVAR|SMDVR|RMDR|AVAL|AVEL,-1,,0.75,0.1,0.01,1,1,1,1.0,0
rld,1,deterministic,FUGW (G+A; official),test,20240904-16-13-38,87,AVEL,/home/ubuntu/klb/nuclr/nuclr/Data/Dunn_001623/cv5_grouped_v1/fold_1/test/test__20240904-16-13-38__f1471777.npz,20240828-17-07-39,1,17,13,32,AVAL,AVAL|RMDR|AVEL|SMDVL|RID,7,AVAL,0.75,0.1,0.01,3,0,1,0.3333333333333333,0
rld,1,deterministic,FUGW (G+A; official),test,20240904-16-13-38,88,URXR,/home/ubuntu/klb/nuclr/nuclr/Data/Dunn_001623/cv5_grouped_v1/fold_1/test/test__20240904-16-13-38__f1471777.npz,20240828-17-07-39,0,17,-1,82,RMDL,RMDL|RMEV|AWAR|RMDVR|AVEL,-1,,0.75,0.1,0.01,-1,0,0,0.0,0
rld,1,deterministic,FUGW (G+A; official),test,20240904-16-13-38,101,SMDDR,/home/ubuntu/klb/nuclr/nuclr/Data/Dunn_001623/cv5_grouped_v1/fold_1/test/test__20240904-16-13-38__f1471777.npz,20240828-17-07-39,0,17,-1,78,SMDVR,SMDVR|AVAL|AVAR|RMDR|RID,-1,,0.75,0.1,0.01,-1,0,0,0.0,0
rld,1,deterministic,FUGW (G+A; official),test,20240904-16-13-38,102,AFDR,/home/ubuntu/klb/nuclr/nuclr/Data/Dunn_001623/cv5_grouped_v1/fold_1/test/test__20240904-16-13-38__f1471777.npz,20240828-17-07-39,0,17,-1,107,AWAR,AWAR|RMDVR|AWBR|RIAR|RMEV,-1,,0.75,0.1,0.01,-1,0,0,0.0,0
rld,1,deterministic,FUGW (G+A; official),test,20240904-16-13-38,103,RIAR,/home/ubuntu/klb/nuclr/nuclr/Data/Dunn_001623/cv5_grouped_v1/fold_1/test/test__20240904-16-13-38__f1471777.npz,20240828-17-07-39,1,17,4,107,AWAR,AWAR|RMEV|RMDR|RMDVR|AWBR,-1,,0.75,0.1,0.01,7,0,0,0.14285714285714285,0
rld,1,deterministic,FUGW (G+A; official),test,20240904-16-13-38,104,SMDDL,/home/ubuntu/klb/nuclr/nuclr/Data/Dunn_001623/cv5_grouped_v1/fold_1/test/test__20240904-16-13-38__f1471777.npz,20240828-17-07-39,0,17,-1,101,RMDR,RMDR|SMDVR|AVAL|AVAR|AVEL,15,RMDR,0.75,0.1,0.01,-1,0,0,0.0,0
rld,1,deterministic,FUGW (G+A; official),test,20240904-16-13-38,105,RMDVR,/home/ubuntu/klb/nuclr/nuclr/Data/Dunn_001623/cv5_grouped_v1/fold_1/test/test__20240904-16-13-38__f1471777.npz,20240828-17-07-39,1,17,9,107,AWAR,AWAR|RMDVR|AWBR|RIAR|RMEV,-1,,0.75,0.1,0.01,2,0,1,0.5,0
rld,1,deterministic,FUGW (G+A; official),test,20240904-17-29-27,1,AVAL,/home/ubuntu/klb/nuclr/nuclr/Data/Dunn_001623/cv5_grouped_v1/fold_1/test/test__20240904-17-29-27__89ba9935.npz,20240828-17-07-39,1,17,7,77,AVAR,AVAR|SMDVR|RMDR|AVAL|AVEL,-1,,0.75,0.1,0.01,4,0,1,0.25,0
rld,1,deterministic,FUGW (G+A; official),test,20240904-17-29-27,6,RID,/home/ubuntu/klb/nuclr/nuclr/Data/Dunn_001623/cv5_grouped_v1/fold_1/test/test__20240904-17-29-27__89ba9935.npz,20240828-17-07-39,1,17,3,101,RMDR,RMDR|RMEV|AVAL|RMDL|AVEL,-1,,0.75,0.1,0.01,16,0,0,0.0625,0
rld,1,deterministic,FUGW (G+A; official),test,20240904-17-29-27,11,AVER,/home/ubuntu/klb/nuclr/nuclr/Data/Dunn_001623/cv5_grouped_v1/fold_1/test/test__20240904-17-29-27__89ba9935.npz,20240828-17-07-39,0,17,-1,32,AVAL,AVAL|AVEL|SMDVL|RMDL|RMEV,13,AVEL,0.75,0.1,0.01,-1,0,0,0.0,0
rld,1,deterministic,FUGW (G+A; official),test,20240904-17-29-27,14,RMED,/home/ubuntu/klb/nuclr/nuclr/Data/Dunn_001623/cv5_grouped_v1/fold_1/test/test__20240904-17-29-27__89ba9935.npz,20240828-17-07-39,1,17,0,21,RMEV,RMEV|RMDR|RMDL|AVAL|AVEL,-1,,0.75,0.1,0.01,11,0,0,0.09090909090909091,0
rld,1,deterministic,FUGW (G+A; official),test,20240904-17-29-27,16,ALA,/home/ubuntu/klb/nuclr/nuclr/Data/Dunn_001623/cv5_grouped_v1/fold_1/test/test__20240904-17-29-27__89ba9935.npz,20240828-17-07-39,1,17,5,21,RMEV,RMEV|RMDL|RMDR|AVEL|AWAR,-1,,0.75,0.1,0.01,14,0,0,0.07142857142857142,0
rld,1,deterministic,FUGW (G+A; official),test,20240904-17-29-27,23,RIAL,/home/ubuntu/klb/nuclr/nuclr/Data/Dunn_001623/cv5_grouped_v1/fold_1/test/test__20240904-17-29-27__89ba9935.npz,20240828-17-07-39,0,17,-1,101,RMDR,RMDR|RMEV|AWAR|RMDVR|RMDL,-1,,0.75,0.1,0.01,-1,0,0,0.0,0
rld,1,deterministic,FUGW (G+A; official),test,20240904-17-29-27,24,ADFR,/home/ubuntu/klb/nuclr/nuclr/Data/Dunn_001623/cv5_grouped_v1/fold_1/test/test__20240904-17-29-27__89ba9935.npz,20240828-17-07-39,1,17,10,82,RMDL,RMDL|RMEV|AVEL|AVAL|SMDVL,-1,,0.75,0.1,0.01,14,0,0,0.07142857142857142,0
rld,1,deterministic,FUGW (G+A; official),test,20240904-17-29-27,34,URXL,/home/ubuntu/klb/nuclr/nuclr/Data/Dunn_001623/cv5_grouped_v1/fold_1/test/test__20240904-17-29-27__89ba9935.npz,20240828-17-07-39,0,17,-1,21,RMEV,RMEV|RMDL|AWAR|RMDVR|RMDR,-1,,0.75,0.1,0.01,-1,0,0,0.0,0
rld,1,deterministic,FUGW (G+A; official),test,20240904-17-29-27,36,RMDDR,/home/ubuntu/klb/nuclr/nuclr/Data/Dunn_001623/cv5_grouped_v1/fold_1/test/test__20240904-17-29-27__89ba9935.npz,20240828-17-07-39,0,17,-1,19,RMED,RMED|ADFL|ALA|RID|RIAR,-1,,0.75,0.1,0.01,-1,0,0,0.0,0
rld,1,deterministic,FUGW (G+A; official),test,20240904-17-29-27,39,SMDDL,/home/ubuntu/klb/nuclr/nuclr/Data/Dunn_001623/cv5_grouped_v1/fold_1/test/test__20240904-17-29-27__89ba9935.npz,20240828-17-07-39,0,17,-1,24,RID,RID|RMDR|RIAR|AWBR|ADFR,-1,,0.75,0.1,0.01,-1,0,0,0.0,0
rld,1,deterministic,FUGW (G+A; official),test,20240904-17-29-27,40,RIVR,/home/ubuntu/klb/nuclr/nuclr/Data/Dunn_001623/cv5_grouped_v1/fold_1/test/test__20240904-17-29-27__89ba9935.npz,20240828-17-07-39,0,17,-1,82,RMDL,RMDL|SMDVL|AVAL|AVEL|RMEV,-1,,0.75,0.1,0.01,-1,0,0,0.0,0
rld,1,deterministic,FUGW (G+A; official),test,20240904-17-29-27,41,RMDDL,/home/ubuntu/klb/nuclr/nuclr/Data/Dunn_001623/cv5_grouped_v1/fold_1/test/test__20240904-17-29-27__89ba9935.npz,20240828-17-07-39,0,17,-1,68,ADFR,ADFR|RIAR|AWBR|RID|RMED,-1,,0.75,0.1,0.01,-1,0,0,0.0,0
rld,1,deterministic,FUGW (G+A; official),test,20240904-17-29-27,52,SMDVL,/home/ubuntu/klb/nuclr/nuclr/Data/Dunn_001623/cv5_grouped_v1/fold_1/test/test__20240904-17-29-27__89ba9935.npz,20240828-17-07-39,1,17,6,77,AVAR,AVAR|SMDVR|RMDR|AVAL|AVEL,-1,,0.75,0.1,0.01,8,0,0,0.125,0
rld,1,deterministic,FUGW (G+A; official),test,20240904-17-29-27,54,RMEV,/home/ubuntu/klb/nuclr/nuclr/Data/Dunn_001623/cv5_grouped_v1/fold_1/test/test__20240904-17-29-27__89ba9935.npz,20240828-17-07-39,1,17,1,78,SMDVR,SMDVR|AVAL|AVAR|RMDR|AVEL,-1,,0.75,0.1,0.01,9,0,0,0.1111111111111111,0
rld,1,deterministic,FUGW (G+A; official),test,20240904-17-29-27,59,AVAR,/home/ubuntu/klb/nuclr/nuclr/Data/Dunn_001623/cv5_grouped_v1/fold_1/test/test__20240904-17-29-27__89ba9935.npz,20240828-17-07-39,1,17,11,77,AVAR,AVAR|AVAL|SMDVR|AVEL|RMDR,-1,,0.75,0.1,0.01,1,1,1,1.0,0
rld,1,deterministic,FUGW (G+A; official),test,20240904-17-29-27,65,AFDL,/home/ubuntu/klb/nuclr/nuclr/Data/Dunn_001623/cv5_grouped_v1/fold_1/test/test__20240904-17-29-27__89ba9935.npz,20240828-17-07-39,0,17,-1,107,AWAR,AWAR|RMDR|RMDVR|AWBR|RMEV,-1,,0.75,0.1,0.01,-1,0,0,0.0,0
rld,1,deterministic,FUGW (G+A; official),test,20240904-17-29-27,67,RMDR,/home/ubuntu/klb/nuclr/nuclr/Data/Dunn_001623/cv5_grouped_v1/fold_1/test/test__20240904-17-29-27__89ba9935.npz,20240828-17-07-39,1,17,15,29,SMDVL,SMDVL|AVEL|AVAL|RMDL|ADFL,-1,,0.75,0.1,0.01,12,0,0,0.08333333333333333,0
rld,1,deterministic,FUGW (G+A; official),test,20240904-17-29-27,68,SMDDR,/home/ubuntu/klb/nuclr/nuclr/Data/Dunn_001623/cv5_grouped_v1/fold_1/test/test__20240904-17-29-27__89ba9935.npz,20240828-17-07-39,0,17,-1,32,AVAL,AVAL|AVEL|SMDVL|RID|RMDR,-1,,0.75,0.1,0.01,-1,0,0,0.0,0
rld,1,deterministic,FUGW (G+A; official),test,20240904-17-29-27,73,RIVL,/home/ubuntu/klb/nuclr/nuclr/Data/Dunn_001623/cv5_grouped_v1/fold_1/test/test__20240904-17-29-27__89ba9935.npz,20240828-17-07-39,0,17,-1,78,SMDVR,SMDVR|AVAR|RMDR|AWAR|RMEV,-1,,0.75,0.1,0.01,-1,0,0,0.0,0
rld,1,deterministic,FUGW (G+A; official),test,20240904-17-29-27,78,RMDVL,/home/ubuntu/klb/nuclr/nuclr/Data/Dunn_001623/cv5_grouped_v1/fold_1/test/test__20240904-17-29-27__89ba9935.npz,20240828-17-07-39,0,17,-1,107,AWAR,AWAR|RMDVR|RMDR|AWBR|RIAR,-1,,0.75,0.1,0.01,-1,0,0,0.0,0
rld,1,deterministic,FUGW (G+A; official),test,20240904-17-29-27,90,ADFL,/home/ubuntu/klb/nuclr/nuclr/Data/Dunn_001623/cv5_grouped_v1/fold_1/test/test__20240904-17-29-27__89ba9935.npz,20240828-17-07-39,1,17,8,21,RMEV,RMEV|RMDR|AWAR|RMDVR|RMDL,-1,,0.75,0.1,0.01,13,0,0,0.07692307692307693,0
rld,1,deterministic,FUGW (G+A; official),test,20240904-17-29-27,92,SMDVR,/home/ubuntu/klb/nuclr/nuclr/Data/Dunn_001623/cv5_grouped_v1/fold_1/test/test__20240904-17-29-27__89ba9935.npz,20240828-17-07-39,1,17,12,32,AVAL,AVAL|AVEL|RMDL|SMDVL|RMEV,-1,,0.75,0.1,0.01,12,0,0,0.08333333333333333,0
rld,1,deterministic,FUGW (G+A; official),test,20240904-17-29-27,94,URXR,/home/ubuntu/klb/nuclr/nuclr/Data/Dunn_001623/cv5_grouped_v1/fold_1/test/test__20240904-17-29-27__89ba9935.npz,20240828-17-07-39,0,17,-1,82,RMDL,RMDL|RMEV|AVEL|AVAL|SMDVL,-1,,0.75,0.1,0.01,-1,0,0,0.0,0
rld,1,deterministic,FUGW (G+A; official),test,20240904-17-29-27,101,RMDL,/home/ubuntu/klb/nuclr/nuclr/Data/Dunn_001623/cv5_grouped_v1/fold_1/test/test__20240904-17-29-27__89ba9935.npz,20240828-17-07-39,1,17,14,57,RMDVR,RMDVR|AWAR|AWBR|RMDR|RIAR,-1,,0.75,0.1,0.01,10,0,0,0.1,0
rld,1,deterministic,FUGW (G+A; official),test,20240904-17-29-27,102,AWAL,/home/ubuntu/klb/nuclr/nuclr/Data/Dunn_001623/cv5_grouped_v1/fold_1/test/test__20240904-17-29-27__89ba9935.npz,20240828-17-07-39,0,17,-1,107,AWAR,AWAR|RMDVR|AWBR|RMDR|RIAR,-1,,0.75,0.1,0.01,-1,0,0,0.0,0
rld,1,deterministic,FUGW (G+A; official),test,20240904-17-29-27,103,RIAR,/home/ubuntu/klb/nuclr/nuclr/Data/Dunn_001623/cv5_grouped_v1/fold_1/test/test__20240904-17-29-27__89ba9935.npz,20240828-17-07-39,1,17,4,82,RMDL,RMDL|RMEV|SMDVL|AVEL|AVAL,-1,,0.75,0.1,0.01,10,0,0,0.1,0
rld,1,deterministic,FUGW (G+A; official),test,20240917-21-32-57,1,AVAR,/home/ubuntu/klb/nuclr/nuclr/Data/Dunn_001623/cv5_grouped_v1/fold_1/test/test__20240917-21-32-57__79d5d848.npz,20240828-17-07-39,1,17,11,77,AVAR,AVAR|SMDVR|RMDR|AVAL|RID,-1,,0.75,0.1,0.01,1,1,1,1.0,0
rld,1,deterministic,FUGW (G+A; official),test,20240917-21-32-57,15,AVER,/home/ubuntu/klb/nuclr/nuclr/Data/Dunn_001623/cv5_grouped_v1/fold_1/test/test__20240917-21-32-57__79d5d848.npz,20240828-17-07-39,0,17,-1,78,SMDVR,SMDVR|RMDR|AVAL|AVAR|AVEL,-1,,0.75,0.1,0.01,-1,0,0,0.0,0
rld,1,deterministic,FUGW (G+A; official),test,20240917-21-32-57,18,SMDDR,/home/ubuntu/klb/nuclr/nuclr/Data/Dunn_001623/cv5_grouped_v1/fold_1/test/test__20240917-21-32-57__79d5d848.npz,20240828-17-07-39,0,17,-1,101,RMDR,RMDR|SMDVR|AVAL|AVAR|RMEV,-1,,0.75,0.1,0.01,-1,0,0,0.0,0
rld,1,deterministic,FUGW (G+A; official),test,20240917-21-32-57,23,ADFR,/home/ubuntu/klb/nuclr/nuclr/Data/Dunn_001623/cv5_grouped_v1/fold_1/test/test__20240917-21-32-57__79d5d848.npz,20240828-17-07-39,1,17,10,68,ADFR,ADFR|AWBR|RIAR|RMDVR|RID,4,RIAR,0.75,0.1,0.01,1,1,1,1.0,0
rld,1,deterministic,FUGW (G+A; official),test,20240917-21-32-57,29,RID,/home/ubuntu/klb/nuclr/nuclr/Data/Dunn_001623/cv5_grouped_v1/fold_1/test/test__20240917-21-32-57__79d5d848.npz,20240828-17-07-39,1,17,3,24,RID,RID|RMED|ALA|ADFR|RIAR,3,RID,0.75,0.1,0.01,1,1,1,1.0,1
rld,1,deterministic,FUGW (G+A; official),test,20240917-21-32-57,30,RMED,/home/ubuntu/klb/nuclr/nuclr/Data/Dunn_001623/cv5_grouped_v1/fold_1/test/test__20240917-21-32-57__79d5d848.npz,20240828-17-07-39,1,17,0,24,RID,RID|RMED|ALA|ADFL|ADFR,0,RMED,0.75,0.1,0.01,2,0,1,0.5,1
rld,1,deterministic,FUGW (G+A; official),test,20240917-21-32-57,31,ALA,/home/ubuntu/klb/nuclr/nuclr/Data/Dunn_001623/cv5_grouped_v1/fold_1/test/test__20240917-21-32-57__79d5d848.npz,20240828-17-07-39,1,17,5,28,ALA,ALA|RID|RMED|ADFL|ADFR,-1,,0.75,0.1,0.01,1,1,1,1.0,0
rld,1,deterministic,FUGW (G+A; official),test,20240917-21-32-57,32,RMEV,/home/ubuntu/klb/nuclr/nuclr/Data/Dunn_001623/cv5_grouped_v1/fold_1/test/test__20240917-21-32-57__79d5d848.npz,20240828-17-07-39,1,17,1,21,RMEV,RMEV|RMDR|AVAL|AVEL|RMDL,-1,,0.75,0.1,0.01,1,1,1,1.0,0
rld,1,deterministic,FUGW (G+A; official),test,20240917-21-32-57,33,SMDVL,/home/ubuntu/klb/nuclr/nuclr/Data/Dunn_001623/cv5_grouped_v1/fold_1/test/test__20240917-21-32-57__79d5d848.npz,20240828-17-07-39,1,17,6,29,SMDVL,SMDVL|AVAL|RID|RMED|ADFL,6,SMDVL,0.75,0.1,0.01,1,1,1,1.0,1
rld,1,deterministic,FUGW (G+A; official),test,20240917-21-32-57,35,SMDVR,/home/ubuntu/klb/nuclr/nuclr/Data/Dunn_001623/cv5_grouped_v1/fold_1/test/test__20240917-21-32-57__79d5d848.npz,20240828-17-07-39,1,17,12,78,SMDVR,SMDVR|AVAR|RMDR|AVAL|RID,12,SMDVR,0.75,0.1,0.01,1,1,1,1.0,1
rld,1,deterministic,FUGW (G+A; official),test,20240917-21-32-57,39,AVAL,/home/ubuntu/klb/nuclr/nuclr/Data/Dunn_001623/cv5_grouped_v1/fold_1/test/test__20240917-21-32-57__79d5d848.npz,20240828-17-07-39,1,17,7,32,AVAL,AVAL|SMDVL|AVEL|RID|RMED,13,AVEL,0.75,0.1,0.01,1,1,1,1.0,0
rld,1,deterministic,FUGW (G+A; official),test,20240917-21-32-57,41,RIVR,/home/ubuntu/klb/nuclr/nuclr/Data/Dunn_001623/cv5_grouped_v1/fold_1/test/test__20240917-21-32-57__79d5d848.npz,20240828-17-07-39,0,17,-1,23,AWBR,AWBR|ADFR|AWAR|RMDR|RIAR,-1,,0.75,0.1,0.01,-1,0,0,0.0,0
rld,1,deterministic,FUGW (G+A; official),test,20240917-21-32-57,46,SMDDL,/home/ubuntu/klb/nuclr/nuclr/Data/Dunn_001623/cv5_grouped_v1/fold_1/test/test__20240917-21-32-57__79d5d848.npz,20240828-17-07-39,0,17,-1,32,AVAL,AVAL|AVEL|RMDL|SMDVL|RMEV,-1,,0.75,0.1,0.01,-1,0,0,0.0,0
rld,1,deterministic,FUGW (G+A; official),test,20240917-21-32-57,50,RMDR,/home/ubuntu/klb/nuclr/nuclr/Data/Dunn_001623/cv5_grouped_v1/fold_1/test/test__20240917-21-32-57__79d5d848.npz,20240828-17-07-39,1,17,15,101,RMDR,RMDR|AWAR|SMDVR|AWBR|RMDVR,-1,,0.75,0.1,0.01,1,1,1,1.0,0
rld,1,deterministic,FUGW (G+A; official),test,20240917-21-32-57,53,RMDDR,/home/ubuntu/klb/nuclr/nuclr/Data/Dunn_001623/cv5_grouped_v1/fold_1/test/test__20240917-21-32-57__79d5d848.npz,20240828-17-07-39,0,17,-1,21,RMEV,RMEV|RMDL|AWAR|RMDVR|RIAR,-1,,0.75,0.1,0.01,-1,0,0,0.0,0
rld,1,deterministic,FUGW (G+A; official),test,20240917-21-32-57,56,ADFL,/home/ubuntu/klb/nuclr/nuclr/Data/Dunn_001623/cv5_grouped_v1/fold_1/test/test__20240917-21-32-57__79d5d848.npz,20240828-17-07-39,1,17,8,35,ADFL,ADFL|ALA|RMED|SMDVL|RID,8,ADFL,0.75,0.1,0.01,1,1,1,1.0,1
rld,1,deterministic,FUGW (G+A; official),test,20240917-21-32-57,73,RIVL,/home/ubuntu/klb/nuclr/nuclr/Data/Dunn_001623/cv5_grouped_v1/fold_1/test/test__20240917-21-32-57__79d5d848.npz,20240828-17-07-39,0,17,-1,35,ADFL,ADFL|SMDVL|ALA|RMED|RMDL,-1,,0.75,0.1,0.01,-1,0,0,0.0,0
rld,1,deterministic,FUGW (G+A; official),test,20240917-21-32-57,93,RMDL,/home/ubuntu/klb/nuclr/nuclr/Data/Dunn_001623/cv5_grouped_v1/fold_1/test/test__20240917-21-32-57__79d5d848.npz,20240828-17-07-39,1,17,14,29,SMDVL,SMDVL|ADFL|RMDL|AVEL|RMED,-1,,0.75,0.1,0.01,3,0,1,0.3333333333333333,0
rld,1,deterministic,FUGW (G+A; official),test,20240917-21-32-57,99,SAAVR,/home/ubuntu/klb/nuclr/nuclr/Data/Dunn_001623/cv5_grouped_v1/fold_1/test/test__20240917-21-32-57__79d5d848.npz,20240828-17-07-39,0,17,-1,57,RMDVR,RMDVR|AWAR|AWBR|RIAR|ADFR,9,RMDVR,0.75,0.1,0.01,-1,0,0,0.0,0
rld,1,deterministic,FUGW (G+A; official),test,20240917-21-32-57,104,AWAR,/home/ubuntu/klb/nuclr/nuclr/Data/Dunn_001623/cv5_grouped_v1/fold_1/test/test__20240917-21-32-57__79d5d848.npz,20240828-17-07-39,1,17,16,107,AWAR,AWAR|RMDVR|AWBR|RIAR|ADFR,-1,,0.75,0.1,0.01,1,1,1,1.0,0
rld,1,deterministic,FUGW (G+A; official),test,20240917-21-32-57,106,RIAR,/home/ubuntu/klb/nuclr/nuclr/Data/Dunn_001623/cv5_grouped_v1/fold_1/test/test__20240917-21-32-57__79d5d848.npz,20240828-17-07-39,1,17,4,23,AWBR,AWBR|ADFR|RMDVR|RIAR|AWAR,-1,,0.75,0.1,0.01,4,0,1,0.25,0
rld,1,deterministic,FUGW (G+A; official),test,20221106-21-00-09,6,SMDVL,/home/ubuntu/klb/nuclr/nuclr/Data/Dunn_001623/cv5_grouped_v1/fold_1/test/train__20221106-21-00-09__09a0b8d2.npz,20240828-17-07-39,1,17,6,107,AWAR,AWAR|RMDR|RMDVR|RMEV|AWBR,-1,,0.75,0.1,0.01,12,0,0,0.08333333333333333,0
rld,1,deterministic,FUGW (G+A; official),test,20221106-21-00-09,7,RMED,/home/ubuntu/klb/nuclr/nuclr/Data/Dunn_001623/cv5_grouped_v1/fold_1/test/train__20221106-21-00-09__09a0b8d2.npz,20240828-17-07-39,1,17,0,21,RMEV,RMEV|RMDR|RMDL|AVAL|AVEL,-1,,0.75,0.1,0.01,13,0,0,0.07692307692307693,0
rld,1,deterministic,FUGW (G+A; official),test,20221106-21-00-09,9,URADR,/home/ubuntu/klb/nuclr/nuclr/Data/Dunn_001623/cv5_grouped_v1/fold_1/test/train__20221106-21-00-09__09a0b8d2.npz,20240828-17-07-39,0,17,-1,82,RMDL,RMDL|AVAL|SMDVL|AVEL|RMEV,-1,,0.75,0.1,0.01,-1,0,0,0.0,0
rld,1,deterministic,FUGW (G+A; official),test,20221106-21-00-09,10,RMDVL,/home/ubuntu/klb/nuclr/nuclr/Data/Dunn_001623/cv5_grouped_v1/fold_1/test/train__20221106-21-00-09__09a0b8d2.npz,20240828-17-07-39,0,17,-1,107,AWAR,AWAR|RMDVR|RMDR|AWBR|RIAR,-1,,0.75,0.1,0.01,-1,0,0,0.0,0
rld,1,deterministic,FUGW (G+A; official),test,20221106-21-00-09,12,URXR,/home/ubuntu/klb/nuclr/nuclr/Data/Dunn_001623/cv5_grouped_v1/fold_1/test/train__20221106-21-00-09__09a0b8d2.npz,20240828-17-07-39,0,17,-1,21,RMEV,RMEV|RMDL|AVAL|AVEL|RMDR,-1,,0.75,0.1,0.01,-1,0,0,0.0,0
rld,1,deterministic,FUGW (G+A; official),test,20221106-21-00-09,16,RMDR,/home/ubuntu/klb/nuclr/nuclr/Data/Dunn_001623/cv5_grouped_v1/fold_1/test/train__20221106-21-00-09__09a0b8d2.npz,20240828-17-07-39,1,17,15,32,AVAL,AVAL|SMDVL|AVEL|RMED|RMDL,-1,,0.75,0.1,0.01,10,0,0,0.1,0
rld,1,deterministic,FUGW (G+A; official),test,20221106-21-00-09,24,RMEL,/home/ubuntu/klb/nuclr/nuclr/Data/Dunn_001623/cv5_grouped_v1/fold_1/test/train__20221106-21-00-09__09a0b8d2.npz,20240828-17-07-39,0,17,-1,78,SMDVR,SMDVR|AVAR|RMDR|AVAL|RMEV,-1,,0.75,0.1,0.01,-1,0,0,0.0,0
rld,1,deterministic,FUGW (G+A; official),test,20221106-21-00-09,32,AVAR,/home/ubuntu/klb/nuclr/nuclr/Data/Dunn_001623/cv5_grouped_v1/fold_1/test/train__20221106-21-00-09__09a0b8d2.npz,20240828-17-07-39,1,17,11,29,SMDVL,SMDVL|AVAL|RMDL|AVEL|ADFL,6,SMDVL,0.75,0.1,0.01,17,0,0,0.058823529411764705,0
rld,1,deterministic,FUGW (G+A; official),test,20221106-21-00-09,33,RIVL,/home/ubuntu/klb/nuclr/nuclr/Data/Dunn_001623/cv5_grouped_v1/fold_1/test/train__20221106-21-00-09__09a0b8d2.npz,20240828-17-07-39,0,17,-1,107,AWAR,AWAR|RMDR|RMEV|RMDVR|AWBR,-1,,0.75,0.1,0.01,-1,0,0,0.0,0
rld,1,deterministic,FUGW (G+A; official),test,20221106-21-00-09,38,AIBR,/home/ubuntu/klb/nuclr/nuclr/Data/Dunn_001623/cv5_grouped_v1/fold_1/test/train__20221106-21-00-09__09a0b8d2.npz,20240828-17-07-39,0,17,-1,32,AVAL,AVAL|SMDVL|AVEL|RMDL|ADFL,-1,,0.75,0.1,0.01,-1,0,0,0.0,0
rld,1,deterministic,FUGW (G+A; official),test,20221106-21-00-09,39,OLQVL,/home/ubuntu/klb/nuclr/nuclr/Data/Dunn_001623/cv5_grouped_v1/fold_1/test/train__20221106-21-00-09__09a0b8d2.npz,20240828-17-07-39,0,17,-1,57,RMDVR,RMDVR|RIAR|AWBR|AWAR|ADFR,-1,,0.75,0.1,0.01,-1,0,0,0.0,0
rld,1,deterministic,FUGW (G+A; official),test,20221106-21-00-09,41,AIBL,/home/ubuntu/klb/nuclr/nuclr/Data/Dunn_001623/cv5_grouped_v1/fold_1/test/train__20221106-21-00-09__09a0b8d2.npz,20240828-17-07-39,0,17,-1,27,RIAR,RIAR|RMDVR|AWBR|ADFR|AWAR,-1,,0.75,0.1,0.01,-1,0,0,0.0,0
rld,1,deterministic,FUGW (G+A; official),test,20221106-21-00-09,43,OLQDR,/home/ubuntu/klb/nuclr/nuclr/Data/Dunn_001623/cv5_grouped_v1/fold_1/test/train__20221106-21-00-09__09a0b8d2.npz,20240828-17-07-39,0,17,-1,21,RMEV,RMEV|RMDL|AVAL|AVEL|SMDVL,1,RMEV,0.75,0.1,0.01,-1,0,0,0.0,0
rld,1,deterministic,FUGW (G+A; official),test,20221106-21-00-09,44,RMEV,/home/ubuntu/klb/nuclr/nuclr/Data/Dunn_001623/cv5_grouped_v1/fold_1/test/train__20221106-21-00-09__09a0b8d2.npz,20240828-17-07-39,1,17,1,19,RMED,RMED|RID|ALA|ADFL|SMDVL,-1,,0.75,0.1,0.01,13,0,0,0.07692307692307693,0
rld,1,deterministic,FUGW (G+A; official),test,20221106-21-00-09,47,RMER,/home/ubuntu/klb/nuclr/nuclr/Data/Dunn_001623/cv5_grouped_v1/fold_1/test/train__20221106-21-00-09__09a0b8d2.npz,20240828-17-07-39,0,17,-1,32,AVAL,AVAL|RMDL|RMEV|AVEL|SMDVL,-1,,0.75,0.1,0.01,-1,0,0,0.0,0
rld,1,deterministic,FUGW (G+A; official),test,20221106-21-00-09,55,AVAL,/home/ubuntu/klb/nuclr/nuclr/Data/Dunn_001623/cv5_grouped_v1/fold_1/test/train__20221106-21-00-09__09a0b8d2.npz,20240828-17-07-39,1,17,7,77,AVAR,AVAR|SMDVR|RMDR|AVAL|RID,-1,,0.75,0.1,0.01,4,0,1,0.25,0
rld,1,deterministic,FUGW (G+A; official),test,20221106-21-00-09,58,OLQDL,/home/ubuntu/klb/nuclr/nuclr/Data/Dunn_001623/cv5_grouped_v1/fold_1/test/train__20221106-21-00-09__09a0b8d2.npz,20240828-17-07-39,0,17,-1,21,RMEV,RMEV|RMDR|RMDL|AWAR|RMDVR,-1,,0.75,0.1,0.01,-1,0,0,0.0,0
rld,1,deterministic,FUGW (G+A; official),test,20221106-21-00-09,60,ALA,/home/ubuntu/klb/nuclr/nuclr/Data/Dunn_001623/cv5_grouped_v1/fold_1/test/train__20221106-21-00-09__09a0b8d2.npz,20240828-17-07-39,1,17,5,21,RMEV,RMEV|RMDL|RMDR|AWAR|AVEL,-1,,0.75,0.1,0.01,14,0,0,0.07142857142857142,0
rld,1,deterministic,FUGW (G+A; official),test,20221106-21-00-09,69,M1,/home/ubuntu/klb/nuclr/nuclr/Data/Dunn_001623/cv5_grouped_v1/fold_1/test/train__20221106-21-00-09__09a0b8d2.npz,20240828-17-07-39,0,17,-1,107,AWAR,AWAR|RMDR|RMEV|RMDVR|RMDL,-1,,0.75,0.1,0.01,-1,0,0,0.0,0
rld,1,deterministic,FUGW (G+A; official),test,20221106-21-00-09,79,RMDL,/home/ubuntu/klb/nuclr/nuclr/Data/Dunn_001623/cv5_grouped_v1/fold_1/test/train__20221106-21-00-09__09a0b8d2.npz,20240828-17-07-39,1,17,14,23,AWBR,AWBR|RIAR|RMDVR|AWAR|RMDR,-1,,0.75,0.1,0.01,16,0,0,0.0625,0
rld,1,deterministic,FUGW (G+A; official),test,20221106-21-00-09,80,SMBVL,/home/ubuntu/klb/nuclr/nuclr/Data/Dunn_001623/cv5_grouped_v1/fold_1/test/train__20221106-21-00-09__09a0b8d2.npz,20240828-17-07-39,0,17,-1,77,AVAR,AVAR|SMDVR|RMDR|RID|AVAL,12,SMDVR,0.75,0.1,0.01,-1,0,0,0.0,0
rld,1,deterministic,FUGW (G+A; official),test,20221106-21-00-09,83,SMDDL,/home/ubuntu/klb/nuclr/nuclr/Data/Dunn_001623/cv5_grouped_v1/fold_1/test/train__20221106-21-00-09__09a0b8d2.npz,20240828-17-07-39,0,17,-1,68,ADFR,ADFR|AWBR|RIAR|RID|RMDVR,2,AWBR,0.75,0.1,0.01,-1,0,0,0.0,0
rld,1,deterministic,FUGW (G+A; official),test,20230322-21-41-10,3,RMED,/home/ubuntu/klb/nuclr/nuclr/Data/Dunn_001623/cv5_grouped_v1/fold_1/test/train__20230322-21-41-10__68e571c7.npz,20240828-17-07-39,1,17,0,78,SMDVR,SMDVR|AVAR|RMDR|RID|AVAL,-1,,0.75,0.1,0.01,8,0,0,0.125,0
rld,1,deterministic,FUGW (G+A; official),test,20230322-21-41-10,4,SMDVL,/home/ubuntu/klb/nuclr/nuclr/Data/Dunn_001623/cv5_grouped_v1/fold_1/test/train__20230322-21-41-10__68e571c7.npz,20240828-17-07-39,1,17,6,77,AVAR,AVAR|SMDVR|RMDR|AVAL|RID,-1,,0.75,0.1,0.01,7,0,0,0.14285714285714285,0
rld,1,deterministic,FUGW (G+A; official),test,20230322-21-41-10,6,OLQVR,/home/ubuntu/klb/nuclr/nuclr/Data/Dunn_001623/cv5_grouped_v1/fold_1/test/train__20230322-21-41-10__68e571c7.npz,20240828-17-07-39,0,17,-1,77,AVAR,AVAR|SMDVR|RMDR|AVAL|AVEL,-1,,0.75,0.1,0.01,-1,0,0,0.0,0
rld,1,deterministic,FUGW (G+A; official),test,20230322-21-41-10,8,AFDL,/home/ubuntu/klb/nuclr/nuclr/Data/Dunn_001623/cv5_grouped_v1/fold_1/test/train__20230322-21-41-10__68e571c7.npz,20240828-17-07-39,0,17,-1,101,RMDR,RMDR|AWAR|AWBR|RMDVR|RIAR,-1,,0.75,0.1,0.01,-1,0,0,0.0,0
rld,1,deterministic,FUGW (G+A; official),test,20230322-21-41-10,13,RMDVL,/home/ubuntu/klb/nuclr/nuclr/Data/Dunn_001623/cv5_grouped_v1/fold_1/test/train__20230322-21-41-10__68e571c7.npz,20240828-17-07-39,0,17,-1,107,AWAR,AWAR|RMDR|RMDVR|AWBR|RIAR,-1,,0.75,0.1,0.01,-1,0,0,0.0,0
rld,1,deterministic,FUGW (G+A; official),test,20230322-21-41-10,14,RMEL,/home/ubuntu/klb/nuclr/nuclr/Data/Dunn_001623/cv5_grouped_v1/fold_1/test/train__20230322-21-41-10__68e571c7.npz,20240828-17-07-39,0,17,-1,101,RMDR,RMDR|AWBR|AWAR|RID|ADFR,-1,,0.75,0.1,0.01,-1,0,0,0.0,0
rld,1,deterministic,FUGW (G+A; official),test,20230322-21-41-10,24,RMDVR,/home/ubuntu/klb/nuclr/nuclr/Data/Dunn_001623/cv5_grouped_v1/fold_1/test/train__20230322-21-41-10__68e571c7.npz,20240828-17-07-39,1,17,9,29,SMDVL,SMDVL|ADFL|ALA|RMED|AVEL,-1,,0.75,0.1,0.01,13,0,0,0.07692307692307693,0
rld,1,deterministic,FUGW (G+A; official),test,20230322-21-41-10,26,SMDDL,/home/ubuntu/klb/nuclr/nuclr/Data/Dunn_001623/cv5_grouped_v1/fold_1/test/train__20230322-21-41-10__68e571c7.npz,20240828-17-07-39,0,17,-1,32,AVAL,AVAL|AVEL|RMEV|SMDVL|RMDL,-1,,0.75,0.1,0.01,-1,0,0,0.0,0
rld,1,deterministic,FUGW (G+A; official),test,20230322-21-41-10,34,AVDL,/home/ubuntu/klb/nuclr/nuclr/Data/Dunn_001623/cv5_grouped_v1/fold_1/test/train__20230322-21-41-10__68e571c7.npz,20240828-17-07-39,0,17,-1,107,AWAR,AWAR|RMDVR|AWBR|RIAR|ADFR,16,AWAR,0.75,0.1,0.01,-1,0,0,0.0,0
rld,1,deterministic,FUGW (G+A; official),test,20230322-21-41-10,38,IL2DL,/home/ubuntu/klb/nuclr/nuclr/Data/Dunn_001623/cv5_grouped_v1/fold_1/test/train__20230322-21-41-10__68e571c7.npz,20240828-17-07-39,0,17,-1,23,AWBR,AWBR|ADFR|AWAR|RIAR|RMDVR,2,AWBR,0.75,0.1,0.01,-1,0,0,0.0,0
rld,1,deterministic,FUGW (G+A; official),test,20230322-21-41-10,47,AIBL,/home/ubuntu/klb/nuclr/nuclr/Data/Dunn_001623/cv5_grouped_v1/fold_1/test/train__20230322-21-41-10__68e571c7.npz,20240828-17-07-39,0,17,-1,77,AVAR,AVAR|SMDVR|RMDR|AVAL|AVEL,-1,,0.75,0.1,0.01,-1,0,0,0.0,0
rld,1,deterministic,FUGW (G+A; official),test,20230322-21-41-10,48,RIVL,/home/ubuntu/klb/nuclr/nuclr/Data/Dunn_001623/cv5_grouped_v1/fold_1/test/train__20230322-21-41-10__68e571c7.npz,20240828-17-07-39,0,17,-1,78,SMDVR,SMDVR|AVAR|RMDR|RID|AVAL,15,RMDR,0.75,0.1,0.01,-1,0,0,0.0,0
rld,1,deterministic,FUGW (G+A; official),test,20230322-21-41-10,49,OLQDL,/home/ubuntu/klb/nuclr/nuclr/Data/Dunn_001623/cv5_grouped_v1/fold_1/test/train__20230322-21-41-10__68e571c7.npz,20240828-17-07-39,0,17,-1,23,AWBR,AWBR|ADFR|RIAR|AWAR|RMDVR,-1,,0.75,0.1,0.01,-1,0,0,0.0,0
rld,1,deterministic,FUGW (G+A; official),test,20230322-21-41-10,50,OLQDR,/home/ubuntu/klb/nuclr/nuclr/Data/Dunn_001623/cv5_grouped_v1/fold_1/test/train__20230322-21-41-10__68e571c7.npz,20240828-17-07-39,0,17,-1,24,RID,RID|ADFR|ALA|RMED|AWBR,-1,,0.75,0.1,0.01,-1,0,0,0.0,0
rld,1,deterministic,FUGW (G+A; official),test,20230322-21-41-10,52,URBL,/home/ubuntu/klb/nuclr/nuclr/Data/Dunn_001623/cv5_grouped_v1/fold_1/test/train__20230322-21-41-10__68e571c7.npz,20240828-17-07-39,0,17,-1,107,AWAR,AWAR|AWBR|RMDVR|ADFR|RIAR,-1,,0.75,0.1,0.01,-1,0,0,0.0,0
rld,1,deterministic,FUGW (G+A; official),test,20230322-21-41-10,53,IL1L,/home/ubuntu/klb/nuclr/nuclr/Data/Dunn_001623/cv5_grouped_v1/fold_1/test/train__20230322-21-41-10__68e571c7.npz,20240828-17-07-39,0,17,-1,107,AWAR,AWAR|RMDR|AWBR|RMDVR|ADFR,-1,,0.75,0.1,0.01,-1,0,0,0.0,0
rld,1,deterministic,FUGW (G+A; official),test,20230322-21-41-10,55,ALA,/home/ubuntu/klb/nuclr/nuclr/Data/Dunn_001623/cv5_grouped_v1/fold_1/test/train__20230322-21-41-10__68e571c7.npz,20240828-17-07-39,1,17,5,68,ADFR,ADFR|ALA|RID|RIAR|AWBR,4,RIAR,0.75,0.1,0.01,2,0,1,0.5,0
rld,1,deterministic,FUGW (G+A; official),test,20230322-21-41-10,56,OLLL,/home/ubuntu/klb/nuclr/nuclr/Data/Dunn_001623/cv5_grouped_v1/fold_1/test/train__20230322-21-41-10__68e571c7.npz,20240828-17-07-39,0,17,-1,101,RMDR,RMDR|AWAR|AWBR|ADFR|RIAR,-1,,0.75,0.1,0.01,-1,0,0,0.0,0
rld,1,deterministic,FUGW (G+A; official),test,20230322-21-41-10,61,IL2L,/home/ubuntu/klb/nuclr/nuclr/Data/Dunn_001623/cv5_grouped_v1/fold_1/test/train__20230322-21-41-10__68e571c7.npz,20240828-17-07-39,0,17,-1,35,ADFL,ADFL|ALA|SMDVL|RMED|RMDL,-1,,0.75,0.1,0.01,-1,0,0,0.0,0
rld,1,deterministic,FUGW (G+A; official),test,20230322-21-41-10,64,RMEV,/home/ubuntu/klb/nuclr/nuclr/Data/Dunn_001623/cv5_grouped_v1/fold_1/test/train__20230322-21-41-10__68e571c7.npz,20240828-17-07-39,1,17,1,32,AVAL,AVAL|RMDR|AVEL|RMEV|SMDVL,-1,,0.75,0.1,0.01,4,0,1,0.25,0
rld,1,deterministic,FUGW (G+A; official),test,20230322-21-41-10,69,AVAR,/home/ubuntu/klb/nuclr/nuclr/Data/Dunn_001623/cv5_grouped_v1/fold_1/test/train__20230322-21-41-10__68e571c7.npz,20240828-17-07-39,1,17,11,32,AVAL,AVAL|SMDVR|AVAR|AVEL|SMDVL,7,AVAL,0.75,0.1,0.01,3,0,1,0.3333333333333333,0
rld,1,deterministic,FUGW (G+A; official),test,20230322-21-41-10,73,AVAL,/home/ubuntu/klb/nuclr/nuclr/Data/Dunn_001623/cv5_grouped_v1/fold_1/test/train__20230322-21-41-10__68e571c7.npz,20240828-17-07-39,1,17,7,77,AVAR,AVAR|SMDVR|RMDR|AVAL|RID,11,AVAR,0.75,0.1,0.01,4,0,1,0.25,0
rld,1,deterministic,FUGW (G+A; official),test,20230322-21-41-10,76,AQR,/home/ubuntu/klb/nuclr/nuclr/Data/Dunn_001623/cv5_grouped_v1/fold_1/test/train__20230322-21-41-10__68e571c7.npz,20240828-17-07-39,0,17,-1,57,RMDVR,RMDVR|AWAR|AWBR|RIAR|RMEV,-1,,0.75,0.1,0.01,-1,0,0,0.0,0
rld,1,deterministic,FUGW (G+A; official),test,20230322-21-41-10,82,IL1VR,/home/ubuntu/klb/nuclr/nuclr/Data/Dunn_001623/cv5_grouped_v1/fold_1/test/train__20230322-21-41-10__68e571c7.npz,20240828-17-07-39,0,17,-1,107,AWAR,AWAR|AWBR|RMDVR|ADFR|RIAR,-1,,0.75,0.1,0.01,-1,0,0,0.0,0
rld,1,deterministic,FUGW (G+A; official),test,20230322-21-41-10,88,FLPL,/home/ubuntu/klb/nuclr/nuclr/Data/Dunn_001623/cv5_grouped_v1/fold_1/test/train__20230322-21-41-10__68e571c7.npz,20240828-17-07-39,0,17,-1,107,AWAR,AWAR|RMDVR|AWBR|RIAR|ADFR,-1,,0.75,0.1,0.01,-1,0,0,0.0,0
rld,1,deterministic,FUGW (G+A; official),test,20230322-21-41-10,92,AVEL,/home/ubuntu/klb/nuclr/nuclr/Data/Dunn_001623/cv5_grouped_v1/fold_1/test/train__20230322-21-41-10__68e571c7.npz,20240828-17-07-39,1,17,13,57,RMDVR,RMDVR|AWAR|AWBR|RIAR|ADFR,-1,,0.75,0.1,0.01,11,0,0,0.09090909090909091,0
rld,1,deterministic,FUGW (G+A; official),test,20230322-21-41-10,100,IL1VL,/home/ubuntu/klb/nuclr/nuclr/Data/Dunn_001623/cv5_grouped_v1/fold_1/test/train__20230322-21-41-10__68e571c7.npz,20240828-17-07-39,0,17,-1,82,RMDL,RMDL|ADFL|SMDVL|AVEL|RMEV,-1,,0.75,0.1,0.01,-1,0,0,0.0,0
rld,1,deterministic,FUGW (G+A; official),test,20230322-21-41-10,111,OLQVL,/home/ubuntu/klb/nuclr/nuclr/Data/Dunn_001623/cv5_grouped_v1/fold_1/test/train__20230322-21-41-10__68e571c7.npz,20240828-17-07-39,0,17,-1,107,AWAR,AWAR|AWBR|RMDVR|RMDR|RIAR,-1,,0.75,0.1,0.01,-1,0,0,0.0,0
rld,1,deterministic,FUGW (G+A; official),test,20230322-21-41-10,118,RMDDL,/home/ubuntu/klb/nuclr/nuclr/Data/Dunn_001623/cv5_grouped_v1/fold_1/test/train__20230322-21-41-10__68e571c7.npz,20240828-17-07-39,0,17,-1,82,RMDL,RMDL|RMEV|RMDVR|AWAR|AVEL,-1,,0.75,0.1,0.01,-1,0,0,0.0,0
rld,1,deterministic,FUGW (G+A; official),test,20230322-22-43-03,3,ADEL,/home/ubuntu/klb/nuclr/nuclr/Data/Dunn_001623/cv5_grouped_v1/fold_1/test/train__20230322-22-43-03__263d116b.npz,20240828-17-07-39,0,17,-1,107,AWAR,AWAR|RMDVR|AWBR|RIAR|ADFR,-1,,0.75,0.1,0.01,-1,0,0,0.0,0
rld,1,deterministic,FUGW (G+A; official),test,20230322-22-43-03,4,OLLL,/home/ubuntu/klb/nuclr/nuclr/Data/Dunn_001623/cv5_grouped_v1/fold_1/test/train__20230322-22-43-03__263d116b.npz,20240828-17-07-39,0,17,-1,101,RMDR,RMDR|RID|AWBR|ADFR|AWAR,-1,,0.75,0.1,0.01,-1,0,0,0.0,0
rld,1,deterministic,FUGW (G+A; official),test,20230322-22-43-03,8,RMEV,/home/ubuntu/klb/nuclr/nuclr/Data/Dunn_001623/cv5_grouped_v1/fold_1/test/train__20230322-22-43-03__263d116b.npz,20240828-17-07-39,1,17,1,78,SMDVR,SMDVR|RMDR|AVAL|AVAR|AVEL,-1,,0.75,0.1,0.01,6,0,0,0.16666666666666666,0
rld,1,deterministic,FUGW (G+A; official),test,20230322-22-43-03,11,RMDVL,/home/ubuntu/klb/nuclr/nuclr/Data/Dunn_001623/cv5_grouped_v1/fold_1/test/train__20230322-22-43-03__263d116b.npz,20240828-17-07-39,0,17,-1,78,SMDVR,SMDVR|RMDR|AVAR|AVAL|RID,-1,,0.75,0.1,0.01,-1,0,0,0.0,0
rld,1,deterministic,FUGW (G+A; official),test,20230322-22-43-03,22,AFDR,/home/ubuntu/klb/nuclr/nuclr/Data/Dunn_001623/cv5_grouped_v1/fold_1/test/train__20230322-22-43-03__263d116b.npz,20240828-17-07-39,0,17,-1,35,ADFL,ADFL|ALA|RMED|SMDVL|RID,-1,,0.75,0.1,0.01,-1,0,0,0.0,0
rld,1,deterministic,FUGW (G+A; official),test,20230322-22-43-03,25,ALA,/home/ubuntu/klb/nuclr/nuclr/Data/Dunn_001623/cv5_grouped_v1/fold_1/test/train__20230322-22-43-03__263d116b.npz,20240828-17-07-39,1,17,5,24,RID,RID|RMED|ALA|ADFR|SMDVL,3,RID,0.75,0.1,0.01,3,0,1,0.3333333333333333,0
rld,1,deterministic,FUGW (G+A; official),test,20230322-22-43-03,29,AIBL,/home/ubuntu/klb/nuclr/nuclr/Data/Dunn_001623/cv5_grouped_v1/fold_1/test/train__20230322-22-43-03__263d116b.npz,20240828-17-07-39,0,17,-1,78,SMDVR,SMDVR|AVAR|RMDR|AVAL|RID,-1,,0.75,0.1,0.01,-1,0,0,0.0,0
rld,1,deterministic,FUGW (G+A; official),test,20230322-22-43-03,31,RMDDL,/home/ubuntu/klb/nuclr/nuclr/Data/Dunn_001623/cv5_grouped_v1/fold_1/test/train__20230322-22-43-03__263d116b.npz,20240828-17-07-39,0,17,-1,32,AVAL,AVAL|AVEL|SMDVL|RMEV|RMDR,13,AVEL,0.75,0.1,0.01,-1,0,0,0.0,0
rld,1,deterministic,FUGW (G+A; official),test,20230322-22-43-03,37,FLPL,/home/ubuntu/klb/nuclr/nuclr/Data/Dunn_001623/cv5_grouped_v1/fold_1/test/train__20230322-22-43-03__263d116b.npz,20240828-17-07-39,0,17,-1,57,RMDVR,RMDVR|AWAR|AWBR|RIAR|ADFR,-1,,0.75,0.1,0.01,-1,0,0,0.0,0
rld,1,deterministic,FUGW (G+A; official),test,20230322-22-43-03,41,AVAL,/home/ubuntu/klb/nuclr/nuclr/Data/Dunn_001623/cv5_grouped_v1/fold_1/test/train__20230322-22-43-03__263d116b.npz,20240828-17-07-39,1,17,7,77,AVAR,AVAR|SMDVR|RMDR|AVAL|RID,-1,,0.75,0.1,0.01,4,0,1,0.25,0
rld,1,deterministic,FUGW (G+A; official),test,20230322-22-43-03,42,OLQDL,/home/ubuntu/klb/nuclr/nuclr/Data/Dunn_001623/cv5_grouped_v1/fold_1/test/train__20230322-22-43-03__263d116b.npz,20240828-17-07-39,0,17,-1,68,ADFR,ADFR|AWBR|RID|RIAR|ALA,-1,,0.75,0.1,0.01,-1,0,0,0.0,0
rld,1,deterministic,FUGW (G+A; official),test,20230322-22-43-03,47,AINL,/home/ubuntu/klb/nuclr/nuclr/Data/Dunn_001623/cv5_grouped_v1/fold_1/test/train__20230322-22-43-03__263d116b.npz,20240828-17-07-39,0,17,-1,107,AWAR,AWAR|AWBR|RMDR|RMDVR|RIAR,-1,,0.75,0.1,0.01,-1,0,0,0.0,0
rld,1,deterministic,FUGW (G+A; official),test,20230322-22-43-03,49,ASKL,/home/ubuntu/klb/nuclr/nuclr/Data/Dunn_001623/cv5_grouped_v1/fold_1/test/train__20230322-22-43-03__263d116b.npz,20240828-17-07-39,0,17,-1,68,ADFR,ADFR|AWBR|RIAR|RID|RMDVR,-1,,0.75,0.1,0.01,-1,0,0,0.0,0
rld,1,deterministic,FUGW (G+A; official),test,20230322-22-43-03,52,OLQVL,/home/ubuntu/klb/nuclr/nuclr/Data/Dunn_001623/cv5_grouped_v1/fold_1/test/train__20230322-22-43-03__263d116b.npz,20240828-17-07-39,0,17,-1,107,AWAR,AWAR|AWBR|RMDR|RMDVR|RIAR,-1,,0.75,0.1,0.01,-1,0,0,0.0,0
rld,1,deterministic,FUGW (G+A; official),test,20230322-22-43-03,54,IL1VR,/home/ubuntu/klb/nuclr/nuclr/Data/Dunn_001623/cv5_grouped_v1/fold_1/test/train__20230322-22-43-03__263d116b.npz,20240828-17-07-39,0,17,-1,82,RMDL,RMDL|AWAR|RMEV|RMDVR|AWBR,-1,,0.75,0.1,0.01,-1,0,0,0.0,0
rld,1,deterministic,FUGW (G+A; official),test,20230322-22-43-03,55,RMED,/home/ubuntu/klb/nuclr/nuclr/Data/Dunn_001623/cv5_grouped_v1/fold_1/test/train__20230322-22-43-03__263d116b.npz,20240828-17-07-39,1,17,0,24,RID,RID|AVAL|SMDVR|RMED|ALA,-1,,0.75,0.1,0.01,4,0,1,0.25,0
rld,1,deterministic,FUGW (G+A; official),test,20230322-22-43-03,56,SMDVL,/home/ubuntu/klb/nuclr/nuclr/Data/Dunn_001623/cv5_grouped_v1/fold_1/test/train__20230322-22-43-03__263d116b.npz,20240828-17-07-39,1,17,6,78,SMDVR,SMDVR|AVAR|RMDR|RID|AVAL,12,SMDVR,0.75,0.1,0.01,9,0,0,0.1111111111111111,0
rld,1,deterministic,FUGW (G+A; official),test,20230322-22-43-03,59,IL2DL,/home/ubuntu/klb/nuclr/nuclr/Data/Dunn_001623/cv5_grouped_v1/fold_1/test/train__20230322-22-43-03__263d116b.npz,20240828-17-07-39,0,17,-1,68,ADFR,ADFR|ALA|AWBR|RIAR|RID,10,ADFR,0.75,0.1,0.01,-1,0,0,0.0,0
rld,1,deterministic,FUGW (G+A; official),test,20230322-22-43-03,60,AVAR,/home/ubuntu/klb/nuclr/nuclr/Data/Dunn_001623/cv5_grouped_v1/fold_1/test/train__20230322-22-43-03__263d116b.npz,20240828-17-07-39,1,17,11,29,SMDVL,SMDVL|ADFL|ALA|RMED|RID,-1,,0.75,0.1,0.01,17,0,0,0.058823529411764705,0
rld,1,deterministic,FUGW (G+A; official),test,20230322-22-43-03,63,IL1R,/home/ubuntu/klb/nuclr/nuclr/Data/Dunn_001623/cv5_grouped_v1/fold_1/test/train__20230322-22-43-03__263d116b.npz,20240828-17-07-39,0,17,-1,35,ADFL,ADFL|ALA|SMDVL|RMED|RMDL,-1,,0.75,0.1,0.01,-1,0,0,0.0,0
rld,1,deterministic,FUGW (G+A; official),test,20230322-22-43-03,65,M3L,/home/ubuntu/klb/nuclr/nuclr/Data/Dunn_001623/cv5_grouped_v1/fold_1/test/train__20230322-22-43-03__263d116b.npz,20240828-17-07-39,0,17,-1,107,AWAR,AWAR|AWBR|ADFR|RMDVR|RIAR,-1,,0.75,0.1,0.01,-1,0,0,0.0,0
rld,1,deterministic,FUGW (G+A; official),test,20230322-22-43-03,66,URXL,/home/ubuntu/klb/nuclr/nuclr/Data/Dunn_001623/cv5_grouped_v1/fold_1/test/train__20230322-22-43-03__263d116b.npz,20240828-17-07-39,0,17,-1,78,SMDVR,SMDVR|RID|RMDR|AVAL|ADFR,-1,,0.75,0.1,0.01,-1,0,0,0.0,0
rld,1,deterministic,FUGW (G+A; official),test,20230322-22-43-03,75,ADAL,/home/ubuntu/klb/nuclr/nuclr/Data/Dunn_001623/cv5_grouped_v1/fold_1/test/train__20230322-22-43-03__263d116b.npz,20240828-17-07-39,0,17,-1,57,RMDVR,RMDVR|AWAR|AWBR|RIAR|ADFR,9,RMDVR,0.75,0.1,0.01,-1,0,0,0.0,0
rld,1,deterministic,FUGW (G+A; official),test,20230322-22-43-03,76,RMDL,/home/ubuntu/klb/nuclr/nuclr/Data/Dunn_001623/cv5_grouped_v1/fold_1/test/train__20230322-22-43-03__263d116b.npz,20240828-17-07-39,1,17,14,78,SMDVR,SMDVR|RMDR|AVAR|AVAL|RID,-1,,0.75,0.1,0.01,15,0,0,0.06666666666666667,0
rld,1,deterministic,FUGW (G+A; official),test,20230322-22-43-03,82,RMEL,/home/ubuntu/klb/nuclr/nuclr/Data/Dunn_001623/cv5_grouped_v1/fold_1/test/train__20230322-22-43-03__263d116b.npz,20240828-17-07-39,0,17,-1,23,AWBR,AWBR|AWAR|ADFR|RIAR|RMDVR,-1,,0.75,0.1,0.01,-1,0,0,0.0,0
rld,1,deterministic,FUGW (G+A; official),test,20230322-22-43-03,84,SMDDL,/home/ubuntu/klb/nuclr/nuclr/Data/Dunn_001623/cv5_grouped_v1/fold_1/test/train__20230322-22-43-03__263d116b.npz,20240828-17-07-39,0,17,-1,29,SMDVL,SMDVL|RMDL|AVAL|AVEL|RMEV,-1,,0.75,0.1,0.01,-1,0,0,0.0,0
rld,1,deterministic,FUGW (G+A; official),test,20230322-22-43-03,100,SMBVL,/home/ubuntu/klb/nuclr/nuclr/Data/Dunn_001623/cv5_grouped_v1/fold_1/test/train__20230322-22-43-03__263d116b.npz,20240828-17-07-39,0,17,-1,82,RMDL,RMDL|SMDVL|ADFL|AVEL|RMEV,-1,,0.75,0.1,0.01,-1,0,0,0.0,0
rld,1,deterministic,FUGW (G+A; official),test,20230322-22-43-03,102,AQR,/home/ubuntu/klb/nuclr/nuclr/Data/Dunn_001623/cv5_grouped_v1/fold_1/test/train__20230322-22-43-03__263d116b.npz,20240828-17-07-39,0,17,-1,57,RMDVR,RMDVR|AWAR|RMDR|AWBR|RIAR,-1,,0.75,0.1,0.01,-1,0,0,0.0,0
rld,1,deterministic,FUGW (G+A; official),test,20230322-22-43-03,105,BAGL,/home/ubuntu/klb/nuclr/nuclr/Data/Dunn_001623/cv5_grouped_v1/fold_1/test/train__20230322-22-43-03__263d116b.npz,20240828-17-07-39,0,17,-1,107,AWAR,AWAR|AWBR|RMDVR|ADFR|RIAR,-1,,0.75,0.1,0.01,-1,0,0,0.0,0
rld,1,deterministic,FUGW (G+A; official),test,20230322-22-43-03,110,IL1L,/home/ubuntu/klb/nuclr/nuclr/Data/Dunn_001623/cv5_grouped_v1/fold_1/test/train__20230322-22-43-03__263d116b.npz,20240828-17-07-39,0,17,-1,101,RMDR,RMDR|AWAR|AWBR|ADFR|RIAR,-1,,0.75,0.1,0.01,-1,0,0,0.0,0
rld,1,deterministic,FUGW (G+A; official),test,20230322-22-43-03,112,RIVL,/home/ubuntu/klb/nuclr/nuclr/Data/Dunn_001623/cv5_grouped_v1/fold_1/test/train__20230322-22-43-03__263d116b.npz,20240828-17-07-39,0,17,-1,78,SMDVR,SMDVR|RMDR|AVAR|RID|AVAL,15,RMDR,0.75,0.1,0.01,-1,0,0,0.0,0
rld,1,deterministic,FUGW (G+A; official),test,20230322-22-43-03,115,RIAL,/home/ubuntu/klb/nuclr/nuclr/Data/Dunn_001623/cv5_grouped_v1/fold_1/test/train__20230322-22-43-03__263d116b.npz,20240828-17-07-39,0,17,-1,23,AWBR,AWBR|ADFR|AWAR|RIAR|RMDVR,-1,,0.75,0.1,0.01,-1,0,0,0.0,0
rld,1,deterministic,FUGW (G+A; official),test,20230502-20-41-23,25,SMDVL,/home/ubuntu/klb/nuclr/nuclr/Data/Dunn_001623/cv5_grouped_v1/fold_1/test/train__20230502-20-41-23__2165ec1f.npz,20240828-17-07-39,1,17,6,23,AWBR,AWBR|ADFR|AWAR|RMDVR|RIAR,2,AWBR,0.75,0.1,0.01,14,0,0,0.07142857142857142,0
rld,1,deterministic,FUGW (G+A; official),test,20230502-20-41-23,38,AVAL,/home/ubuntu/klb/nuclr/nuclr/Data/Dunn_001623/cv5_grouped_v1/fold_1/test/train__20230502-20-41-23__2165ec1f.npz,20240828-17-07-39,1,17,7,77,AVAR,AVAR|SMDVR|RMDR|AVAL|RID,-1,,0.75,0.1,0.01,4,0,1,0.25,0
rld,1,deterministic,FUGW (G+A; official),test,20230604-17-09-01,33,AVAR,/home/ubuntu/klb/nuclr/nuclr/Data/Dunn_001623/cv5_grouped_v1/fold_1/test/train__20230604-17-09-01__463c457e.npz,20240828-17-07-39,1,17,11,77,AVAR,AVAR|SMDVR|RMDR|AVAL|RID,-1,,0.75,0.1,0.01,1,1,1,1.0,0
rld,1,deterministic,FUGW (G+A; official),test,20230604-17-09-01,43,SMDVR,/home/ubuntu/klb/nuclr/nuclr/Data/Dunn_001623/cv5_grouped_v1/fold_1/test/train__20230604-17-09-01__463c457e.npz,20240828-17-07-39,1,17,12,78,SMDVR,SMDVR|AVAR|RMDR|RID|AWBR,12,SMDVR,0.75,0.1,0.01,1,1,1,1.0,1
rld,1,deterministic,FUGW (G+A; official),test,20230903-16-32-28,4,RMEV,/home/ubuntu/klb/nuclr/nuclr/Data/Dunn_001623/cv5_grouped_v1/fold_1/test/train__20230903-16-32-28__f139478f.npz,20240828-17-07-39,1,17,1,32,AVAL,AVAL|RMDR|AVEL|RID|SMDVL,-1,,0.75,0.1,0.01,6,0,0,0.16666666666666666,0
rld,1,deterministic,FUGW (G+A; official),test,20230903-16-32-28,6,RMED,/home/ubuntu/klb/nuclr/nuclr/Data/Dunn_001623/cv5_grouped_v1/fold_1/test/train__20230903-16-32-28__f139478f.npz,20240828-17-07-39,1,17,0,21,RMEV,RMEV|AVAL|RMDL|RMDR|AVEL,-1,,0.75,0.1,0.01,10,0,0,0.1,0
rld,1,deterministic,FUGW (G+A; official),test,20230903-16-32-28,19,SMDVL,/home/ubuntu/klb/nuclr/nuclr/Data/Dunn_001623/cv5_grouped_v1/fold_1/test/train__20230903-16-32-28__f139478f.npz,20240828-17-07-39,1,17,6,77,AVAR,AVAR|SMDVR|RMDR|AVAL|AVEL,-1,,0.75,0.1,0.01,11,0,0,0.09090909090909091,0
rld,1,deterministic,FUGW (G+A; official),test,20230903-16-32-28,36,RMDVL,/home/ubuntu/klb/nuclr/nuclr/Data/Dunn_001623/cv5_grouped_v1/fold_1/test/train__20230903-16-32-28__f139478f.npz,20240828-17-07-39,0,17,-1,101,RMDR,RMDR|AWAR|RMDVR|RMEV|AWBR,-1,,0.75,0.1,0.01,-1,0,0,0.0,0
rld,1,deterministic,FUGW (G+A; official),test,20230903-16-32-28,42,SMDDL,/home/ubuntu/klb/nuclr/nuclr/Data/Dunn_001623/cv5_grouped_v1/fold_1/test/train__20230903-16-32-28__f139478f.npz,20240828-17-07-39,0,17,-1,24,RID,RID|ADFR|AWBR|RIAR|RMED,-1,,0.75,0.1,0.01,-1,0,0,0.0,0
rld,1,deterministic,FUGW (G+A; official),test,20230903-16-32-28,73,RIVL,/home/ubuntu/klb/nuclr/nuclr/Data/Dunn_001623/cv5_grouped_v1/fold_1/test/train__20230903-16-32-28__f139478f.npz,20240828-17-07-39,0,17,-1,77,AVAR,AVAR|SMDVR|RMDR|AVAL|AVEL,-1,,0.75,0.1,0.01,-1,0,0,0.0,0
rld,1,deterministic,FUGW (G+A; official),test,20230903-16-32-28,94,AVAL,/home/ubuntu/klb/nuclr/nuclr/Data/Dunn_001623/cv5_grouped_v1/fold_1/test/train__20230903-16-32-28__f139478f.npz,20240828-17-07-39,1,17,7,78,SMDVR,SMDVR|AVAR|RMDR|AVAL|AVEL,-1,,0.75,0.1,0.01,4,0,1,0.25,0
rld,1,deterministic,FUGW (G+A; official),test,20230903-19-07-30,2,SMDVR,/home/ubuntu/klb/nuclr/nuclr/Data/Dunn_001623/cv5_grouped_v1/fold_1/test/train__20230903-19-07-30__a37ab37d.npz,20240828-17-07-39,1,17,12,77,AVAR,AVAR|SMDVR|RMDR|AVAL|AVEL,-1,,0.75,0.1,0.01,2,0,1,0.5,0
rld,1,deterministic,FUGW (G+A; official),test,20230903-19-07-30,7,RIVR,/home/ubuntu/klb/nuclr/nuclr/Data/Dunn_001623/cv5_grouped_v1/fold_1/test/train__20230903-19-07-30__a37ab37d.npz,20240828-17-07-39,0,17,-1,101,RMDR,RMDR|RMEV|AVEL|AVAL|AWAR,-1,,0.75,0.1,0.01,-1,0,0,0.0,0
rld,1,deterministic,FUGW (G+A; official),test,20230903-19-07-30,22,RMEV,/home/ubuntu/klb/nuclr/nuclr/Data/Dunn_001623/cv5_grouped_v1/fold_1/test/train__20230903-19-07-30__a37ab37d.npz,20240828-17-07-39,1,17,1,80,AVEL,AVEL|RMDR|SMDVL|RID|AVAL,-1,,0.75,0.1,0.01,6,0,0,0.16666666666666666,0
rld,1,deterministic,FUGW (G+A; official),test,20230903-19-07-30,31,AVAR,/home/ubuntu/klb/nuclr/nuclr/Data/Dunn_001623/cv5_grouped_v1/fold_1/test/train__20230903-19-07-30__a37ab37d.npz,20240828-17-07-39,1,17,11,77,AVAR,AVAR|SMDVR|RMDR|AVAL|AVEL,-1,,0.75,0.1,0.01,1,1,1,1.0,0
rld,1,deterministic,FUGW (G+A; official),test,20230903-19-07-30,60,RMED,/home/ubuntu/klb/nuclr/nuclr/Data/Dunn_001623/cv5_grouped_v1/fold_1/test/train__20230903-19-07-30__a37ab37d.npz,20240828-17-07-39,1,17,0,32,AVAL,AVAL|RMDR|AVEL|RMEV|SMDVL,-1,,0.75,0.1,0.01,10,0,0,0.1,0
rld,1,deterministic,FUGW (G+A; official),test,20230903-19-07-30,95,SMDDR,/home/ubuntu/klb/nuclr/nuclr/Data/Dunn_001623/cv5_grouped_v1/fold_1/test/train__20230903-19-07-30__a37ab37d.npz,20240828-17-07-39,0,17,-1,78,SMDVR,SMDVR|AVAR|AVAL|RMDR|RID,-1,,0.75,0.1,0.01,-1,0,0,0.0,0
rld,1,deterministic,FUGW (G+A; official),test,20230904-15-09-05,0,AVAR,/home/ubuntu/klb/nuclr/nuclr/Data/Dunn_001623/cv5_grouped_v1/fold_1/test/train__20230904-15-09-05__8abbb802.npz,20240828-17-07-39,1,17,11,77,AVAR,AVAR|SMDVR|RMDR|AVAL|RID,-1,,0.75,0.1,0.01,1,1,1,1.0,0
rld,1,deterministic,FUGW (G+A; official),test,20230904-15-09-05,2,RMER,/home/ubuntu/klb/nuclr/nuclr/Data/Dunn_001623/cv5_grouped_v1/fold_1/test/train__20230904-15-09-05__8abbb802.npz,20240828-17-07-39,0,17,-1,78,SMDVR,SMDVR|RMDR|AVAR|RID|AWBR,-1,,0.75,0.1,0.01,-1,0,0,0.0,0
rld,1,deterministic,FUGW (G+A; official),test,20230904-15-09-05,4,AIMR,/home/ubuntu/klb/nuclr/nuclr/Data/Dunn_001623/cv5_grouped_v1/fold_1/test/train__20230904-15-09-05__8abbb802.npz,20240828-17-07-39,0,17,-1,77,AVAR,AVAR|SMDVR|RMDR|AVAL|AVEL,-1,,0.75,0.1,0.01,-1,0,0,0.0,0
rld,1,deterministic,FUGW (G+A; official),test,20230904-15-09-05,7,RMEV,/home/ubuntu/klb/nuclr/nuclr/Data/Dunn_001623/cv5_grouped_v1/fold_1/test/train__20230904-15-09-05__8abbb802.npz,20240828-17-07-39,1,17,1,21,RMEV,RMEV|RMDR|RMDL|AVAL|AVEL,1,RMEV,0.75,0.1,0.01,1,1,1,1.0,1
rld,1,deterministic,FUGW (G+A; official),test,20230904-15-09-05,9,AVKR,/home/ubuntu/klb/nuclr/nuclr/Data/Dunn_001623/cv5_grouped_v1/fold_1/test/train__20230904-15-09-05__8abbb802.npz,20240828-17-07-39,0,17,-1,101,RMDR,RMDR|RMEV|AWAR|AVAL|AVEL,-1,,0.75,0.1,0.01,-1,0,0,0.0,0
rld,1,deterministic,FUGW (G+A; official),test,20230904-15-09-05,13,OLQVR,/home/ubuntu/klb/nuclr/nuclr/Data/Dunn_001623/cv5_grouped_v1/fold_1/test/train__20230904-15-09-05__8abbb802.npz,20240828-17-07-39,0,17,-1,57,RMDVR,RMDVR|RIAR|AWBR|AWAR|ADFR,-1,,0.75,0.1,0.01,-1,0,0,0.0,0
rld,1,deterministic,FUGW (G+A; official),test,20230904-15-09-05,17,RMEL,/home/ubuntu/klb/nuclr/nuclr/Data/Dunn_001623/cv5_grouped_v1/fold_1/test/train__20230904-15-09-05__8abbb802.npz,20240828-17-07-39,0,17,-1,35,ADFL,ADFL|RMED|SMDVL|ALA|RID,-1,,0.75,0.1,0.01,-1,0,0,0.0,0
rld,1,deterministic,FUGW (G+A; official),test,20230904-15-09-05,21,AQR,/home/ubuntu/klb/nuclr/nuclr/Data/Dunn_001623/cv5_grouped_v1/fold_1/test/train__20230904-15-09-05__8abbb802.npz,20240828-17-07-39,0,17,-1,82,RMDL,RMDL|RMEV|ADFL|AVEL|SMDVL,-1,,0.75,0.1,0.01,-1,0,0,0.0,0
rld,1,deterministic,FUGW (G+A; official),test,20230904-15-09-05,24,AVEL,/home/ubuntu/klb/nuclr/nuclr/Data/Dunn_001623/cv5_grouped_v1/fold_1/test/train__20230904-15-09-05__8abbb802.npz,20240828-17-07-39,1,17,13,32,AVAL,AVAL|SMDVL|AVEL|RID|RMED,-1,,0.75,0.1,0.01,3,0,1,0.3333333333333333,0
rld,1,deterministic,FUGW (G+A; official),test,20230904-15-09-05,25,AIZL,/home/ubuntu/klb/nuclr/nuclr/Data/Dunn_001623/cv5_grouped_v1/fold_1/test/train__20230904-15-09-05__8abbb802.npz,20240828-17-07-39,0,17,-1,35,ADFL,ADFL|SMDVL|RMDL|ALA|RMED,-1,,0.75,0.1,0.01,-1,0,0,0.0,0
rld,1,deterministic,FUGW (G+A; official),test,20230904-15-09-05,26,SMDVL,/home/ubuntu/klb/nuclr/nuclr/Data/Dunn_001623/cv5_grouped_v1/fold_1/test/train__20230904-15-09-05__8abbb802.npz,20240828-17-07-39,1,17,6,19,RMED,RMED|SMDVL|ADFL|ALA|RID,-1,,0.75,0.1,0.01,2,0,1,0.5,0
rld,1,deterministic,FUGW (G+A; official),test,20230904-15-09-05,29,ALA,/home/ubuntu/klb/nuclr/nuclr/Data/Dunn_001623/cv5_grouped_v1/fold_1/test/train__20230904-15-09-05__8abbb802.npz,20240828-17-07-39,1,17,5,28,ALA,ALA|RID|RMED|ADFR|ADFL,-1,,0.75,0.1,0.01,1,1,1,1.0,0
rld,1,deterministic,FUGW (G+A; official),test,20230904-15-09-05,30,RMDVR,/home/ubuntu/klb/nuclr/nuclr/Data/Dunn_001623/cv5_grouped_v1/fold_1/test/train__20230904-15-09-05__8abbb802.npz,20240828-17-07-39,1,17,9,23,AWBR,AWBR|RMDVR|RIAR|ADFR|AWAR,-1,,0.75,0.1,0.01,2,0,1,0.5,0
rld,1,deterministic,FUGW (G+A; official),test,20230904-15-09-05,37,RMDVL,/home/ubuntu/klb/nuclr/nuclr/Data/Dunn_001623/cv5_grouped_v1/fold_1/test/train__20230904-15-09-05__8abbb802.npz,20240828-17-07-39,0,17,-1,29,SMDVL,SMDVL|ADFL|RMED|ALA|RMDL,-1,,0.75,0.1,0.01,-1,0,0,0.0,0
rld,1,deterministic,FUGW (G+A; official),test,20230904-15-09-05,38,RMDL,/home/ubuntu/klb/nuclr/nuclr/Data/Dunn_001623/cv5_grouped_v1/fold_1/test/train__20230904-15-09-05__8abbb802.npz,20240828-17-07-39,1,17,14,107,AWAR,AWAR|RMDVR|AWBR|RIAR|ADFR,-1,,0.75,0.1,0.01,8,0,0,0.125,0
rld,1,deterministic,FUGW (G+A; official),test,20230904-15-09-05,43,CEPVR,/home/ubuntu/klb/nuclr/nuclr/Data/Dunn_001623/cv5_grouped_v1/fold_1/test/train__20230904-15-09-05__8abbb802.npz,20240828-17-07-39,0,17,-1,57,RMDVR,RMDVR|AWAR|RMEV|AWBR|RIAR,-1,,0.75,0.1,0.01,-1,0,0,0.0,0
rld,1,deterministic,FUGW (G+A; official),test,20230904-15-09-05,45,FLPR,/home/ubuntu/klb/nuclr/nuclr/Data/Dunn_001623/cv5_grouped_v1/fold_1/test/train__20230904-15-09-05__8abbb802.npz,20240828-17-07-39,0,17,-1,107,AWAR,AWAR|RMDVR|AWBR|RIAR|ADFR,-1,,0.75,0.1,0.01,-1,0,0,0.0,0
rld,1,deterministic,FUGW (G+A; official),test,20230904-15-09-05,49,IL2DR,/home/ubuntu/klb/nuclr/nuclr/Data/Dunn_001623/cv5_grouped_v1/fold_1/test/train__20230904-15-09-05__8abbb802.npz,20240828-17-07-39,0,17,-1,28,ALA,ALA|RMED|ADFR|RID|RIAR,-1,,0.75,0.1,0.01,-1,0,0,0.0,0
rld,1,deterministic,FUGW (G+A; official),test,20230904-15-09-05,50,ASGL,/home/ubuntu/klb/nuclr/nuclr/Data/Dunn_001623/cv5_grouped_v1/fold_1/test/train__20230904-15-09-05__8abbb802.npz,20240828-17-07-39,0,17,-1,35,ADFL,ADFL|SMDVL|ALA|RMED|RMDL,-1,,0.75,0.1,0.01,-1,0,0,0.0,0
rld,1,deterministic,FUGW (G+A; official),test,20230904-15-09-05,52,AIYR,/home/ubuntu/klb/nuclr/nuclr/Data/Dunn_001623/cv5_grouped_v1/fold_1/test/train__20230904-15-09-05__8abbb802.npz,20240828-17-07-39,0,17,-1,82,RMDL,RMDL|RMEV|AWAR|RMDVR|AVEL,-1,,0.75,0.1,0.01,-1,0,0,0.0,0
rld,1,deterministic,FUGW (G+A; official),test,20230904-15-09-05,55,SMDVR,/home/ubuntu/klb/nuclr/nuclr/Data/Dunn_001623/cv5_grouped_v1/fold_1/test/train__20230904-15-09-05__8abbb802.npz,20240828-17-07-39,1,17,12,78,SMDVR,SMDVR|AVAR|RMDR|RID|AVAL,12,SMDVR,0.75,0.1,0.01,1,1,1,1.0,1
rld,1,deterministic,FUGW (G+A; official),test,20230904-15-09-05,56,RMDDL,/home/ubuntu/klb/nuclr/nuclr/Data/Dunn_001623/cv5_grouped_v1/fold_1/test/train__20230904-15-09-05__8abbb802.npz,20240828-17-07-39,0,17,-1,101,RMDR,RMDR|SMDVR|AVAL|AVAR|AVEL,-1,,0.75,0.1,0.01,-1,0,0,0.0,0
rld,1,deterministic,FUGW (G+A; official),test,20230904-15-09-05,57,URYVR,/home/ubuntu/klb/nuclr/nuclr/Data/Dunn_001623/cv5_grouped_v1/fold_1/test/train__20230904-15-09-05__8abbb802.npz,20240828-17-07-39,0,17,-1,57,RMDVR,RMDVR|RIAR|AWBR|ADFR|AWAR,-1,,0.75,0.1,0.01,-1,0,0,0.0,0
rld,1,deterministic,FUGW (G+A; official),test,20230904-15-09-05,58,OLQDL,/home/ubuntu/klb/nuclr/nuclr/Data/Dunn_001623/cv5_grouped_v1/fold_1/test/train__20230904-15-09-05__8abbb802.npz,20240828-17-07-39,0,17,-1,19,RMED,RMED|ALA|ADFL|RID|SMDVL,-1,,0.75,0.1,0.01,-1,0,0,0.0,0
rld,1,deterministic,FUGW (G+A; official),test,20230904-15-09-05,61,AVDR,/home/ubuntu/klb/nuclr/nuclr/Data/Dunn_001623/cv5_grouped_v1/fold_1/test/train__20230904-15-09-05__8abbb802.npz,20240828-17-07-39,0,17,-1,107,AWAR,AWAR|RMDVR|AWBR|RIAR|ADFR,9,RMDVR,0.75,0.1,0.01,-1,0,0,0.0,0
rld,1,deterministic,FUGW (G+A; official),test,20230904-15-09-05,64,SIAVL,/home/ubuntu/klb/nuclr/nuclr/Data/Dunn_001623/cv5_grouped_v1/fold_1/test/train__20230904-15-09-05__8abbb802.npz,20240828-17-07-39,0,17,-1,82,RMDL,RMDL|RMEV|AVEL|SMDVL|AVAL,-1,,0.75,0.1,0.01,-1,0,0,0.0,0
rld,1,deterministic,FUGW (G+A; official),test,20230904-15-09-05,65,SMBDR,/home/ubuntu/klb/nuclr/nuclr/Data/Dunn_001623/cv5_grouped_v1/fold_1/test/train__20230904-15-09-05__8abbb802.npz,20240828-17-07-39,0,17,-1,82,RMDL,RMDL|RMEV|SMDVL|ADFL|AVEL,-1,,0.75,0.1,0.01,-1,0,0,0.0,0
rld,1,deterministic,FUGW (G+A; official),test,20230904-15-09-05,72,AVJL,/home/ubuntu/klb/nuclr/nuclr/Data/Dunn_001623/cv5_grouped_v1/fold_1/test/train__20230904-15-09-05__8abbb802.npz,20240828-17-07-39,0,17,-1,29,SMDVL,SMDVL|ADFL|ALA|RMED|RMDL,6,SMDVL,0.75,0.1,0.01,-1,0,0,0.0,0
rld,1,deterministic,FUGW (G+A; official),test,20230904-15-09-05,74,RMED,/home/ubuntu/klb/nuclr/nuclr/Data/Dunn_001623/cv5_grouped_v1/fold_1/test/train__20230904-15-09-05__8abbb802.npz,20240828-17-07-39,1,17,0,24,RID,RID|RMED|SMDVL|ALA|ADFL,3,RID,0.75,0.1,0.01,2,0,1,0.5,0
rld,1,deterministic,FUGW (G+A; official),test,20230904-15-09-05,78,RIVR,/home/ubuntu/klb/nuclr/nuclr/Data/Dunn_001623/cv5_grouped_v1/fold_1/test/train__20230904-15-09-05__8abbb802.npz,20240828-17-07-39,0,17,-1,24,RID,RID|ADFR|AWBR|RIAR|RMDR,2,AWBR,0.75,0.1,0.01,-1,0,0,0.0,0
rld,1,deterministic,FUGW (G+A; official),test,20230904-15-09-05,79,OLQDR,/home/ubuntu/klb/nuclr/nuclr/Data/Dunn_001623/cv5_grouped_v1/fold_1/test/train__20230904-15-09-05__8abbb802.npz,20240828-17-07-39,0,17,-1,28,ALA,ALA|RMED|RID|ADFL|ADFR,-1,,0.75,0.1,0.01,-1,0,0,0.0,0
rld,1,deterministic,FUGW (G+A; official),test,20230904-15-09-05,82,AINR,/home/ubuntu/klb/nuclr/nuclr/Data/Dunn_001623/cv5_grouped_v1/fold_1/test/train__20230904-15-09-05__8abbb802.npz,20240828-17-07-39,0,17,-1,107,AWAR,AWAR|AWBR|RMDVR|ADFR|RIAR,16,AWAR,0.75,0.1,0.01,-1,0,0,0.0,0
rld,1,deterministic,FUGW (G+A; official),test,20230904-15-09-05,86,AVAL,/home/ubuntu/klb/nuclr/nuclr/Data/Dunn_001623/cv5_grouped_v1/fold_1/test/train__20230904-15-09-05__8abbb802.npz,20240828-17-07-39,1,17,7,77,AVAR,AVAR|SMDVR|AVAL|AVEL|SMDVL,7,AVAL,0.75,0.1,0.01,3,0,1,0.3333333333333333,1
rld,1,deterministic,FUGW (G+A; official),test,20230904-15-09-05,87,OLLR,/home/ubuntu/klb/nuclr/nuclr/Data/Dunn_001623/cv5_grouped_v1/fold_1/test/train__20230904-15-09-05__8abbb802.npz,20240828-17-07-39,0,17,-1,19,RMED,RMED|RID|ADFR|RIAR|ALA,-1,,0.75,0.1,0.01,-1,0,0,0.0,0
rld,1,deterministic,FUGW (G+A; official),test,20230904-15-09-05,88,AIBL,/home/ubuntu/klb/nuclr/nuclr/Data/Dunn_001623/cv5_grouped_v1/fold_1/test/train__20230904-15-09-05__8abbb802.npz,20240828-17-07-39,0,17,-1,32,AVAL,AVAL|AVEL|SMDVL|RMDL|RMEV,-1,,0.75,0.1,0.01,-1,0,0,0.0,0
rld,1,deterministic,FUGW (G+A; official),test,20230904-15-09-05,89,VB2,/home/ubuntu/klb/nuclr/nuclr/Data/Dunn_001623/cv5_grouped_v1/fold_1/test/train__20230904-15-09-05__8abbb802.npz,20240828-17-07-39,0,17,-1,82,RMDL,RMDL|RMEV|AWAR|RMDVR|AWBR,-1,,0.75,0.1,0.01,-1,0,0,0.0,0
rld,1,deterministic,FUGW (G+A; official),test,20230904-15-09-05,91,RIAL,/home/ubuntu/klb/nuclr/nuclr/Data/Dunn_001623/cv5_grouped_v1/fold_1/test/train__20230904-15-09-05__8abbb802.npz,20240828-17-07-39,0,17,-1,35,ADFL,ADFL|SMDVL|ALA|RMED|RMDL,-1,,0.75,0.1,0.01,-1,0,0,0.0,0
rld,1,deterministic,FUGW (G+A; official),test,20230904-15-09-05,92,ADER,/home/ubuntu/klb/nuclr/nuclr/Data/Dunn_001623/cv5_grouped_v1/fold_1/test/train__20230904-15-09-05__8abbb802.npz,20240828-17-07-39,0,17,-1,107,AWAR,AWAR|RMDVR|AWBR|RIAR|ADFR,-1,,0.75,0.1,0.01,-1,0,0,0.0,0
rld,1,deterministic,FUGW (G+A; official),test,20230904-15-09-05,96,URXR,/home/ubuntu/klb/nuclr/nuclr/Data/Dunn_001623/cv5_grouped_v1/fold_1/test/train__20230904-15-09-05__8abbb802.npz,20240828-17-07-39,0,17,-1,28,ALA,ALA|ADFR|RID|RIAR|RMED,-1,,0.75,0.1,0.01,-1,0,0,0.0,0
rld,1,deterministic,FUGW (G+A; official),test,20230904-15-09-05,97,SMBVL,/home/ubuntu/klb/nuclr/nuclr/Data/Dunn_001623/cv5_grouped_v1/fold_1/test/train__20230904-15-09-05__8abbb802.npz,20240828-17-07-39,0,17,-1,82,RMDL,RMDL|RMEV|AVEL|AWAR|RMDVR,-1,,0.75,0.1,0.01,-1,0,0,0.0,0
rld,1,deterministic,FUGW (G+A; official),test,20230904-15-09-05,98,RMDDR,/home/ubuntu/klb/nuclr/nuclr/Data/Dunn_001623/cv5_grouped_v1/fold_1/test/train__20230904-15-09-05__8abbb802.npz,20240828-17-07-39,0,17,-1,32,AVAL,AVAL|SMDVR|AVAR|RMDR|AVEL,-1,,0.75,0.1,0.01,-1,0,0,0.0,0
rld,1,deterministic,FUGW (G+A; official),test,20230904-15-09-05,104,SMBVR,/home/ubuntu/klb/nuclr/nuclr/Data/Dunn_001623/cv5_grouped_v1/fold_1/test/train__20230904-15-09-05__8abbb802.npz,20240828-17-07-39,0,17,-1,21,RMEV,RMEV|RMDL|AWAR|RMDVR|AVEL,-1,,0.75,0.1,0.01,-1,0,0,0.0,0
rld,1,deterministic,FUGW (G+A; official),test,20230909-15-40-07,2,RMEV,/home/ubuntu/klb/nuclr/nuclr/Data/Dunn_001623/cv5_grouped_v1/fold_1/test/train__20230909-15-40-07__b05ac7c6.npz,20240828-17-07-39,1,17,1,32,AVAL,AVAL|RMDR|RMEV|AVEL|RMDL,-1,,0.75,0.1,0.01,3,0,1,0.3333333333333333,0
rld,1,deterministic,FUGW (G+A; official),test,20230909-15-40-07,5,RIVR,/home/ubuntu/klb/nuclr/nuclr/Data/Dunn_001623/cv5_grouped_v1/fold_1/test/train__20230909-15-40-07__b05ac7c6.npz,20240828-17-07-39,0,17,-1,78,SMDVR,SMDVR|AVAR|RMDR|RID|AWAR,-1,,0.75,0.1,0.01,-1,0,0,0.0,0
rld,1,deterministic,FUGW (G+A; official),test,20230909-15-40-07,6,RMER,/home/ubuntu/klb/nuclr/nuclr/Data/Dunn_001623/cv5_grouped_v1/fold_1/test/train__20230909-15-40-07__b05ac7c6.npz,20240828-17-07-39,0,17,-1,101,RMDR,RMDR|AWBR|RIAR|RMDVR|AWAR,-1,,0.75,0.1,0.01,-1,0,0,0.0,0
rld,1,deterministic,FUGW (G+A; official),test,20230909-15-40-07,10,RMED,/home/ubuntu/klb/nuclr/nuclr/Data/Dunn_001623/cv5_grouped_v1/fold_1/test/train__20230909-15-40-07__b05ac7c6.npz,20240828-17-07-39,1,17,0,24,RID,RID|RMED|ALA|ADFR|RIAR,-1,,0.75,0.1,0.01,2,0,1,0.5,0
rld,1,deterministic,FUGW (G+A; official),test,20230909-15-40-07,11,OLLR,/home/ubuntu/klb/nuclr/nuclr/Data/Dunn_001623/cv5_grouped_v1/fold_1/test/train__20230909-15-40-07__b05ac7c6.npz,20240828-17-07-39,0,17,-1,101,RMDR,RMDR|RIAR|RID|AWBR|RMDVR,-1,,0.75,0.1,0.01,-1,0,0,0.0,0
rld,1,deterministic,FUGW (G+A; official),test,20230909-15-40-07,32,AVAR,/home/ubuntu/klb/nuclr/nuclr/Data/Dunn_001623/cv5_grouped_v1/fold_1/test/train__20230909-15-40-07__b05ac7c6.npz,20240828-17-07-39,1,17,11,77,AVAR,AVAR|SMDVR|RMDR|AVAL|RID,-1,,0.75,0.1,0.01,1,1,1,1.0,0
rld,1,deterministic,FUGW (G+A; official),test,20230909-15-40-07,35,SMDVR,/home/ubuntu/klb/nuclr/nuclr/Data/Dunn_001623/cv5_grouped_v1/fold_1/test/train__20230909-15-40-07__b05ac7c6.npz,20240828-17-07-39,1,17,12,78,SMDVR,SMDVR|AVAR|RMDR|AVAL|RID,12,SMDVR,0.75,0.1,0.01,1,1,1,1.0,1
rld,1,deterministic,FUGW (G+A; official),test,20230909-15-40-07,37,RMEL,/home/ubuntu/klb/nuclr/nuclr/Data/Dunn_001623/cv5_grouped_v1/fold_1/test/train__20230909-15-40-07__b05ac7c6.npz,20240828-17-07-39,0,17,-1,29,SMDVL,SMDVL|ADFL|RMED|ALA|RMDL,-1,,0.75,0.1,0.01,-1,0,0,0.0,0
rld,1,deterministic,FUGW (G+A; official),test,20230909-15-40-07,40,RMDVR,/home/ubuntu/klb/nuclr/nuclr/Data/Dunn_001623/cv5_grouped_v1/fold_1/test/train__20230909-15-40-07__b05ac7c6.npz,20240828-17-07-39,1,17,9,107,AWAR,AWAR|RMDVR|RMDR|AWBR|RIAR,-1,,0.75,0.1,0.01,2,0,1,0.5,0
rld,1,deterministic,FUGW (G+A; official),test,20230909-15-40-07,51,RMDR,/home/ubuntu/klb/nuclr/nuclr/Data/Dunn_001623/cv5_grouped_v1/fold_1/test/train__20230909-15-40-07__b05ac7c6.npz,20240828-17-07-39,1,17,15,78,SMDVR,SMDVR|AVAR|RMDR|AVAL|AVEL,-1,,0.75,0.1,0.01,3,0,1,0.3333333333333333,0
rld,1,deterministic,FUGW (G+A; official),test,20230909-15-40-07,54,FLPR,/home/ubuntu/klb/nuclr/nuclr/Data/Dunn_001623/cv5_grouped_v1/fold_1/test/train__20230909-15-40-07__b05ac7c6.npz,20240828-17-07-39,0,17,-1,107,AWAR,AWAR|RMDVR|AWBR|RIAR|ADFR,-1,,0.75,0.1,0.01,-1,0,0,0.0,0
rld,1,deterministic,FUGW (G+A; official),test,20230909-15-40-07,59,URYVR,/home/ubuntu/klb/nuclr/nuclr/Data/Dunn_001623/cv5_grouped_v1/fold_1/test/train__20230909-15-40-07__b05ac7c6.npz,20240828-17-07-39,0,17,-1,101,RMDR,RMDR|RMDVR|RMEV|AWAR|RIAR,-1,,0.75,0.1,0.01,-1,0,0,0.0,0
rld,1,deterministic,FUGW (G+A; official),test,20230909-15-40-07,74,AIBR,/home/ubuntu/klb/nuclr/nuclr/Data/Dunn_001623/cv5_grouped_v1/fold_1/test/train__20230909-15-40-07__b05ac7c6.npz,20240828-17-07-39,0,17,-1,78,SMDVR,SMDVR|RMDR|AVAR|AVAL|AVEL,15,RMDR,0.75,0.1,0.01,-1,0,0,0.0,0
rld,1,deterministic,FUGW (G+A; official),test,20230909-15-40-07,82,AVER,/home/ubuntu/klb/nuclr/nuclr/Data/Dunn_001623/cv5_grouped_v1/fold_1/test/train__20230909-15-40-07__b05ac7c6.npz,20240828-17-07-39,0,17,-1,101,RMDR,RMDR|AVEL|RMEV|RID|AVAL,-1,,0.75,0.1,0.01,-1,0,0,0.0,0
rld,1,deterministic,FUGW (G+A; official),test,20230909-15-40-07,84,URYDR,/home/ubuntu/klb/nuclr/nuclr/Data/Dunn_001623/cv5_grouped_v1/fold_1/test/train__20230909-15-40-07__b05ac7c6.npz,20240828-17-07-39,0,17,-1,68,ADFR,ADFR|RIAR|AWBR|RMDVR|AWAR,-1,,0.75,0.1,0.01,-1,0,0,0.0,0
rld,1,deterministic,FUGW (G+A; official),test,20230909-15-40-07,94,URXR,/home/ubuntu/klb/nuclr/nuclr/Data/Dunn_001623/cv5_grouped_v1/fold_1/test/train__20230909-15-40-07__b05ac7c6.npz,20240828-17-07-39,0,17,-1,68,ADFR,ADFR|RIAR|ALA|AWBR|RID,-1,,0.75,0.1,0.01,-1,0,0,0.0,0
rld,1,deterministic,FUGW (G+A; official),test,20230909-16-14-25,15,RMEV,/home/ubuntu/klb/nuclr/nuclr/Data/Dunn_001623/cv5_grouped_v1/fold_1/test/train__20230909-16-14-25__1ce065a5.npz,20240828-17-07-39,1,17,1,82,RMDL,RMDL|RMEV|SMDVL|AVEL|AVAL,-1,,0.75,0.1,0.01,2,0,1,0.5,0
rld,1,deterministic,FUGW (G+A; official),test,20230909-16-14-25,30,AVAR,/home/ubuntu/klb/nuclr/nuclr/Data/Dunn_001623/cv5_grouped_v1/fold_1/test/train__20230909-16-14-25__1ce065a5.npz,20240828-17-07-39,1,17,11,77,AVAR,AVAR|SMDVR|RMDR|AVAL|RID,11,AVAR,0.75,0.1,0.01,1,1,1,1.0,1
rld,1,deterministic,FUGW (G+A; official),test,20230909-16-14-25,43,SMDVR,/home/ubuntu/klb/nuclr/nuclr/Data/Dunn_001623/cv5_grouped_v1/fold_1/test/train__20230909-16-14-25__1ce065a5.npz,20240828-17-07-39,1,17,12,23,AWBR,AWBR|RMDVR|AWAR|ADFR|RIAR,-1,,0.75,0.1,0.01,16,0,0,0.0625,0
rld,1,deterministic,FUGW (G+A; official),test,20230909-16-14-25,58,RMED,/home/ubuntu/klb/nuclr/nuclr/Data/Dunn_001623/cv5_grouped_v1/fold_1/test/train__20230909-16-14-25__1ce065a5.npz,20240828-17-07-39,1,17,0,24,RID,RID|SMDVR|RMED|AVAL|RMDR,-1,,0.75,0.1,0.01,3,0,1,0.3333333333333333,0
rld,1,deterministic,FUGW (G+A; official),test,20230909-16-14-25,88,SMDDR,/home/ubuntu/klb/nuclr/nuclr/Data/Dunn_001623/cv5_grouped_v1/fold_1/test/train__20230909-16-14-25__1ce065a5.npz,20240828-17-07-39,0,17,-1,82,RMDL,RMDL|RMEV|AVEL|SMDVL|ADFL,-1,,0.75,0.1,0.01,-1,0,0,0.0,0
rld,1,deterministic,FUGW (G+A; official),test,20230909-16-14-25,92,RIVR,/home/ubuntu/klb/nuclr/nuclr/Data/Dunn_001623/cv5_grouped_v1/fold_1/test/train__20230909-16-14-25__1ce065a5.npz,20240828-17-07-39,0,17,-1,68,ADFR,ADFR|AWBR|RIAR|RMDVR|AWAR,-1,,0.75,0.1,0.01,-1,0,0,0.0,0
rld,1,deterministic,FUGW (G+A; official),test,20230921-17-15-33,0,RIVL,/home/ubuntu/klb/nuclr/nuclr/Data/Dunn_001623/cv5_grouped_v1/fold_1/test/train__20230921-17-15-33__7e38f7b1.npz,20240828-17-07-39,0,17,-1,107,AWAR,AWAR|RMDR|RMDVR|RMEV|AWBR,-1,,0.75,0.1,0.01,-1,0,0,0.0,0
rld,1,deterministic,FUGW (G+A; official),test,20230921-17-15-33,9,AVAL,/home/ubuntu/klb/nuclr/nuclr/Data/Dunn_001623/cv5_grouped_v1/fold_1/test/train__20230921-17-15-33__7e38f7b1.npz,20240828-17-07-39,1,17,7,77,AVAR,AVAR|SMDVR|RMDR|AVAL|AVEL,-1,,0.75,0.1,0.01,4,0,1,0.25,0
rld,1,deterministic,FUGW (G+A; official),test,20230921-17-15-33,10,RMED,/home/ubuntu/klb/nuclr/nuclr/Data/Dunn_001623/cv5_grouped_v1/fold_1/test/train__20230921-17-15-33__7e38f7b1.npz,20240828-17-07-39,1,17,0,21,RMEV,RMEV|RMDR|RMDL|AWAR|AVEL,-1,,0.75,0.1,0.01,12,0,0,0.08333333333333333,0
rld,1,deterministic,FUGW (G+A; official),test,20230921-17-15-33,98,SMDDL,/home/ubuntu/klb/nuclr/nuclr/Data/Dunn_001623/cv5_grouped_v1/fold_1/test/train__20230921-17-15-33__7e38f7b1.npz,20240828-17-07-39,0,17,-1,68,ADFR,ADFR|RIAR|AWBR|RMDVR|RMED,-1,,0.75,0.1,0.01,-1,0,0,0.0,0
rld,1,deterministic,FUGW (G+A; official),test,20230921-17-15-33,102,SMDVL,/home/ubuntu/klb/nuclr/nuclr/Data/Dunn_001623/cv5_grouped_v1/fold_1/test/train__20230921-17-15-33__7e38f7b1.npz,20240828-17-07-39,1,17,6,107,AWAR,AWAR|RMDVR|RMDR|AWBR|RMEV,-1,,0.75,0.1,0.01,14,0,0,0.07142857142857142,0
rld,1,deterministic,FUGW (G+A; official),test,20240526-19-18-14,14,AVAR,/home/ubuntu/klb/nuclr/nuclr/Data/Dunn_001623/cv5_grouped_v1/fold_1/test/train__20240526-19-18-14__28f19b5b.npz,20240828-17-07-39,1,17,11,77,AVAR,AVAR|SMDVR|RMDR|AVAL|AVEL,-1,,0.75,0.1,0.01,1,1,1,1.0,0
rld,1,deterministic,FUGW (G+A; official),test,20240526-19-18-14,22,RMEV,/home/ubuntu/klb/nuclr/nuclr/Data/Dunn_001623/cv5_grouped_v1/fold_1/test/train__20240526-19-18-14__28f19b5b.npz,20240828-17-07-39,1,17,1,101,RMDR,RMDR|AVAL|AVEL|SMDVL|RID,13,AVEL,0.75,0.1,0.01,6,0,0,0.16666666666666666,0
rld,1,deterministic,FUGW (G+A; official),test,20240526-19-18-14,30,SAAVR,/home/ubuntu/klb/nuclr/nuclr/Data/Dunn_001623/cv5_grouped_v1/fold_1/test/train__20240526-19-18-14__28f19b5b.npz,20240828-17-07-39,0,17,-1,21,RMEV,RMEV|AWAR|RMDL|RMDVR|AWBR,-1,,0.75,0.1,0.01,-1,0,0,0.0,0
rld,1,deterministic,FUGW (G+A; official),test,20240526-19-18-14,31,RIAR,/home/ubuntu/klb/nuclr/nuclr/Data/Dunn_001623/cv5_grouped_v1/fold_1/test/train__20240526-19-18-14__28f19b5b.npz,20240828-17-07-39,1,17,4,21,RMEV,RMEV|RMDL|AWAR|RMDR|AVEL,-1,,0.75,0.1,0.01,10,0,0,0.1,0
rld,1,deterministic,FUGW (G+A; official),test,20240526-19-18-14,45,RMDVR,/home/ubuntu/klb/nuclr/nuclr/Data/Dunn_001623/cv5_grouped_v1/fold_1/test/train__20240526-19-18-14__28f19b5b.npz,20240828-17-07-39,1,17,9,82,RMDL,RMDL|AWAR|RMEV|RMDVR|AWBR,-1,,0.75,0.1,0.01,4,0,1,0.25,0
rld,1,deterministic,FUGW (G+A; official),test,20240526-19-18-14,49,RMDR,/home/ubuntu/klb/nuclr/nuclr/Data/Dunn_001623/cv5_grouped_v1/fold_1/test/train__20240526-19-18-14__28f19b5b.npz,20240828-17-07-39,1,17,15,78,SMDVR,SMDVR|AVAR|RMDR|AVAL|AVEL,-1,,0.75,0.1,0.01,3,0,1,0.3333333333333333,0
rld,1,deterministic,FUGW (G+A; official),test,20240526-19-18-14,51,SMDDR,/home/ubuntu/klb/nuclr/nuclr/Data/Dunn_001623/cv5_grouped_v1/fold_1/test/train__20240526-19-18-14__28f19b5b.npz,20240828-17-07-39,0,17,-1,68,ADFR,ADFR|AWBR|RIAR|ALA|RMDVR,-1,,0.75,0.1,0.01,-1,0,0,0.0,0
rld,1,deterministic,FUGW (G+A; official),test,20240526-19-18-14,56,SMDVR,/home/ubuntu/klb/nuclr/nuclr/Data/Dunn_001623/cv5_grouped_v1/fold_1/test/train__20240526-19-18-14__28f19b5b.npz,20240828-17-07-39,1,17,12,77,AVAR,AVAR|SMDVR|RMDR|AVAL|AVEL,-1,,0.75,0.1,0.01,2,0,1,0.5,0
rld,1,deterministic,FUGW (G+A; official),test,20240526-19-18-14,66,RMED,/home/ubuntu/klb/nuclr/nuclr/Data/Dunn_001623/cv5_grouped_v1/fold_1/test/train__20240526-19-18-14__28f19b5b.npz,20240828-17-07-39,1,17,0,21,RMEV,RMEV|RMDL|RMDR|AWAR|AVEL,-1,,0.75,0.1,0.01,13,0,0,0.07692307692307693,0
rld,1,deterministic,FUGW (G+A; official),test,20240714-16-04-26,1,AVAR,/home/ubuntu/klb/nuclr/nuclr/Data/Dunn_001623/cv5_grouped_v1/fold_1/test/train__20240714-16-04-26__25b86368.npz,20240828-17-07-39,1,17,11,77,AVAR,AVAR|SMDVR|AVAL|RMDR|AVEL,11,AVAR,0.75,0.1,0.01,1,1,1,1.0,1
rld,1,deterministic,FUGW (G+A; official),test,20240714-16-04-26,11,RIAR,/home/ubuntu/klb/nuclr/nuclr/Data/Dunn_001623/cv5_grouped_v1/fold_1/test/train__20240714-16-04-26__25b86368.npz,20240828-17-07-39,1,17,4,101,RMDR,RMDR|RID|AWBR|RIAR|AVEL,-1,,0.75,0.1,0.01,4,0,1,0.25,0
rld,1,deterministic,FUGW (G+A; official),test,20240714-16-04-26,13,SMDVR,/home/ubuntu/klb/nuclr/nuclr/Data/Dunn_001623/cv5_grouped_v1/fold_1/test/train__20240714-16-04-26__25b86368.npz,20240828-17-07-39,1,17,12,78,SMDVR,SMDVR|AVAR|RMDR|AVAL|RID,12,SMDVR,0.75,0.1,0.01,1,1,1,1.0,1
rld,1,deterministic,FUGW (G+A; official),test,20240714-16-04-26,22,SMDDR,/home/ubuntu/klb/nuclr/nuclr/Data/Dunn_001623/cv5_grouped_v1/fold_1/test/train__20240714-16-04-26__25b86368.npz,20240828-17-07-39,0,17,-1,21,RMEV,RMEV|RMDL|AWAR|RMDR|AVEL,-1,,0.75,0.1,0.01,-1,0,0,0.0,0
rld,1,deterministic,FUGW (G+A; official),test,20240714-16-04-26,30,RMDVR,/home/ubuntu/klb/nuclr/nuclr/Data/Dunn_001623/cv5_grouped_v1/fold_1/test/train__20240714-16-04-26__25b86368.npz,20240828-17-07-39,1,17,9,57,RMDVR,RMDVR|AWAR|RIAR|AWBR|ADFR,-1,,0.75,0.1,0.01,1,1,1,1.0,0
rld,1,deterministic,FUGW (G+A; official),test,20240714-16-04-26,31,RIVR,/home/ubuntu/klb/nuclr/nuclr/Data/Dunn_001623/cv5_grouped_v1/fold_1/test/train__20240714-16-04-26__25b86368.npz,20240828-17-07-39,0,17,-1,68,ADFR,ADFR|AWBR|RID|RIAR|AWAR,2,AWBR,0.75,0.1,0.01,-1,0,0,0.0,0
rld,1,deterministic,FUGW (G+A; official),test,20240714-16-04-26,41,AWAR,/home/ubuntu/klb/nuclr/nuclr/Data/Dunn_001623/cv5_grouped_v1/fold_1/test/train__20240714-16-04-26__25b86368.npz,20240828-17-07-39,1,17,16,107,AWAR,AWAR|RMEV|RMDVR|RMDL|AWBR,-1,,0.75,0.1,0.01,1,1,1,1.0,0
rld,1,deterministic,FUGW (G+A; official),test,20240714-16-04-26,46,RMDR,/home/ubuntu/klb/nuclr/nuclr/Data/Dunn_001623/cv5_grouped_v1/fold_1/test/train__20240714-16-04-26__25b86368.npz,20240828-17-07-39,1,17,15,21,RMEV,RMEV|RMDL|AWAR|RMDR|RMDVR,-1,,0.75,0.1,0.01,4,0,1,0.25,0
rld,1,deterministic,FUGW (G+A; official),test,20240724-15-07-00,2,SMDVR,/home/ubuntu/klb/nuclr/nuclr/Data/Dunn_001623/cv5_grouped_v1/fold_1/test/val__20240724-15-07-00__3bfc59cb.npz,20240828-17-07-39,1,17,12,78,SMDVR,SMDVR|AVAR|RMDR|AVAL|RID,12,SMDVR,0.75,0.1,0.01,1,1,1,1.0,1
rld,1,deterministic,FUGW (G+A; official),test,20240724-15-07-00,9,AVAR,/home/ubuntu/klb/nuclr/nuclr/Data/Dunn_001623/cv5_grouped_v1/fold_1/test/val__20240724-15-07-00__3bfc59cb.npz,20240828-17-07-39,1,17,11,77,AVAR,AVAR|SMDVR|AVAL|RMDR|AVEL,-1,,0.75,0.1,0.01,1,1,1,1.0,0
rld,1,deterministic,FUGW (G+A; official),test,20240724-15-07-00,14,RMDDR,/home/ubuntu/klb/nuclr/nuclr/Data/Dunn_001623/cv5_grouped_v1/fold_1/test/val__20240724-15-07-00__3bfc59cb.npz,20240828-17-07-39,0,17,-1,21,RMEV,RMEV|RMDL|AWAR|RMDVR|RMDR,-1,,0.75,0.1,0.01,-1,0,0,0.0,0
rld,1,deterministic,FUGW (G+A; official),test,20240724-15-07-00,15,RIVR,/home/ubuntu/klb/nuclr/nuclr/Data/Dunn_001623/cv5_grouped_v1/fold_1/test/val__20240724-15-07-00__3bfc59cb.npz,20240828-17-07-39,0,17,-1,24,RID,RID|SMDVR|RMDR|ADFR|AWBR,3,RID,0.75,0.1,0.01,-1,0,0,0.0,0
rld,1,deterministic,FUGW (G+A; official),test,20240724-15-07-00,16,RMDVR,/home/ubuntu/klb/nuclr/nuclr/Data/Dunn_001623/cv5_grouped_v1/fold_1/test/val__20240724-15-07-00__3bfc59cb.npz,20240828-17-07-39,1,17,9,101,RMDR,RMDR|AWAR|RMDVR|AWBR|RIAR,-1,,0.75,0.1,0.01,3,0,1,0.3333333333333333,0
rld,1,deterministic,FUGW (G+A; official),test,20240724-15-07-00,27,SMDDR,/home/ubuntu/klb/nuclr/nuclr/Data/Dunn_001623/cv5_grouped_v1/fold_1/test/val__20240724-15-07-00__3bfc59cb.npz,20240828-17-07-39,0,17,-1,101,RMDR,RMDR|AVAL|SMDVR|AVEL|RMEV,15,RMDR,0.75,0.1,0.01,-1,0,0,0.0,0
rld,1,deterministic,FUGW (G+A; official),test,20240724-15-07-00,28,RMDR,/home/ubuntu/klb/nuclr/nuclr/Data/Dunn_001623/cv5_grouped_v1/fold_1/test/val__20240724-15-07-00__3bfc59cb.npz,20240828-17-07-39,1,17,15,101,RMDR,RMDR|RMEV|AVAL|AVEL|RMDL,13,AVEL,0.75,0.1,0.01,1,1,1,1.0,0
rld,1,deterministic,FUGW (G+A; official),test,20240724-15-07-00,42,RIAR,/home/ubuntu/klb/nuclr/nuclr/Data/Dunn_001623/cv5_grouped_v1/fold_1/test/val__20240724-15-07-00__3bfc59cb.npz,20240828-17-07-39,1,17,4,23,AWBR,AWBR|ADFR|RIAR|RID|RMDVR,-1,,0.75,0.1,0.01,3,0,1,0.3333333333333333,0
rld,1,deterministic,FUGW (G+A; official),test,20240829-13-39-15,1,AVAL,/home/ubuntu/klb/nuclr/nuclr/Data/Dunn_001623/cv5_grouped_v1/fold_1/test/val__20240829-13-39-15__269f754b.npz,20240828-17-07-39,1,17,7,77,AVAR,AVAR|SMDVR|RMDR|AVAL|RID,-1,,0.75,0.1,0.01,4,0,1,0.25,0
rld,1,deterministic,FUGW (G+A; official),test,20240829-13-39-15,4,RIVL,/home/ubuntu/klb/nuclr/nuclr/Data/Dunn_001623/cv5_grouped_v1/fold_1/test/val__20240829-13-39-15__269f754b.npz,20240828-17-07-39,0,17,-1,78,SMDVR,SMDVR|AVAR|RMDR|RID|AVAL,-1,,0.75,0.1,0.01,-1,0,0,0.0,0
rld,1,deterministic,FUGW (G+A; official),test,20240829-13-39-15,8,SMDVL,/home/ubuntu/klb/nuclr/nuclr/Data/Dunn_001623/cv5_grouped_v1/fold_1/test/val__20240829-13-39-15__269f754b.npz,20240828-17-07-39,1,17,6,78,SMDVR,SMDVR|AVAR|RMDR|AVAL|RID,12,SMDVR,0.75,0.1,0.01,7,0,0,0.14285714285714285,0
rld,1,deterministic,FUGW (G+A; official),test,20240829-13-39-15,12,RMEV,/home/ubuntu/klb/nuclr/nuclr/Data/Dunn_001623/cv5_grouped_v1/fold_1/test/val__20240829-13-39-15__269f754b.npz,20240828-17-07-39,1,17,1,107,AWAR,AWAR|RMEV|RMDVR|RMDL|RMDR,-1,,0.75,0.1,0.01,2,0,1,0.5,0
rld,1,deterministic,FUGW (G+A; official),test,20240829-13-39-15,25,RMED,/home/ubuntu/klb/nuclr/nuclr/Data/Dunn_001623/cv5_grouped_v1/fold_1/test/val__20240829-13-39-15__269f754b.npz,20240828-17-07-39,1,17,0,28,ALA,ALA|RID|ADFR|RMED|ADFL,-1,,0.75,0.1,0.01,4,0,1,0.25,0
rld,1,deterministic,FUGW (G+A; official),test,20240829-13-39-15,30,RID,/home/ubuntu/klb/nuclr/nuclr/Data/Dunn_001623/cv5_grouped_v1/fold_1/test/val__20240829-13-39-15__269f754b.npz,20240828-17-07-39,1,17,3,24,RID,RID|ALA|RMED|ADFR|RIAR,3,RID,0.75,0.1,0.01,1,1,1,1.0,1
rld,1,deterministic,FUGW (G+A; official),test,20240829-13-39-15,33,SMDVR,/home/ubuntu/klb/nuclr/nuclr/Data/Dunn_001623/cv5_grouped_v1/fold_1/test/val__20240829-13-39-15__269f754b.npz,20240828-17-07-39,1,17,12,28,ALA,ALA|RID|RMED|ADFL|SMDVL,-1,,0.75,0.1,0.01,16,0,0,0.0625,0
rld,1,deterministic,FUGW (G+A; official),test,20240829-13-39-15,42,RIAR,/home/ubuntu/klb/nuclr/nuclr/Data/Dunn_001623/cv5_grouped_v1/fold_1/test/val__20240829-13-39-15__269f754b.npz,20240828-17-07-39,1,17,4,35,ADFL,ADFL|ALA|SMDVL|RMED|RID,-1,,0.75,0.1,0.01,9,0,0,0.1111111111111111,0
rld,1,deterministic,FUGW (G+A; official),test,20240829-13-39-15,78,RIAL,/home/ubuntu/klb/nuclr/nuclr/Data/Dunn_001623/cv5_grouped_v1/fold_1/test/val__20240829-13-39-15__269f754b.npz,20240828-17-07-39,0,17,-1,107,AWAR,AWAR|AWBR|ADFR|RIAR|RMDVR,-1,,0.75,0.1,0.01,-1,0,0,0.0,0
rld,1,deterministic,FUGW (G+A; official),test,20240829-13-39-15,82,RMDL,/home/ubuntu/klb/nuclr/nuclr/Data/Dunn_001623/cv5_grouped_v1/fold_1/test/val__20240829-13-39-15__269f754b.npz,20240828-17-07-39,1,17,14,101,RMDR,RMDR|SMDVR|AVAL|AVAR|AVEL,-1,,0.75,0.1,0.01,14,0,0,0.07142857142857142,0
rld,1,deterministic,FUGW (G+A; official),test,20240829-13-39-15,85,AVAR,/home/ubuntu/klb/nuclr/nuclr/Data/Dunn_001623/cv5_grouped_v1/fold_1/test/val__20240829-13-39-15__269f754b.npz,20240828-17-07-39,1,17,11,32,AVAL,AVAL|SMDVR|AVAR|SMDVL|AVEL,7,AVAL,0.75,0.1,0.01,3,0,1,0.3333333333333333,0
rld,1,deterministic,FUGW (G+A; official),test,20240829-13-39-15,95,AVER,/home/ubuntu/klb/nuclr/nuclr/Data/Dunn_001623/cv5_grouped_v1/fold_1/test/val__20240829-13-39-15__269f754b.npz,20240828-17-07-39,0,17,-1,32,AVAL,AVAL|SMDVL|AVEL|RID|RMDR,13,AVEL,0.75,0.1,0.01,-1,0,0,0.0,0
rld,1,deterministic,FUGW (G+A; official),test,20240829-13-39-15,100,AWAL,/home/ubuntu/klb/nuclr/nuclr/Data/Dunn_001623/cv5_grouped_v1/fold_1/test/val__20240829-13-39-15__269f754b.npz,20240828-17-07-39,0,17,-1,107,AWAR,AWAR|RMDVR|RMDR|RMEV|AWBR,-1,,0.75,0.1,0.01,-1,0,0,0.0,0
rld,1,deterministic,FUGW (G+A; official),test,20240829-13-39-15,101,ADFL,/home/ubuntu/klb/nuclr/nuclr/Data/Dunn_001623/cv5_grouped_v1/fold_1/test/val__20240829-13-39-15__269f754b.npz,20240828-17-07-39,1,17,8,23,AWBR,AWBR|ADFR|AWAR|RIAR|RMDVR,-1,,0.75,0.1,0.01,10,0,0,0.1,0
rld,1,deterministic,FUGW (G+A; official),test,20240829-13-39-15,108,RMDVL,/home/ubuntu/klb/nuclr/nuclr/Data/Dunn_001623/cv5_grouped_v1/fold_1/test/val__20240829-13-39-15__269f754b.npz,20240828-17-07-39,0,17,-1,107,AWAR,AWAR|RMDVR|AWBR|RIAR|ADFR,16,AWAR,0.75,0.1,0.01,-1,0,0,0.0,0
