setting,severity,fold,perturbation_replicates,known_top1_real,reject_aware_top1,known_false_reject_rate,unknown_recall,unknown_precision
neurid_calibrated,0.0,0,1,0.5814814814814815,0.5592592592592592,0.12962962962962962,,
neurid_calibrated,0.0,1,1,0.697986577181208,0.6912751677852349,0.040268456375838924,,
neurid_calibrated,0.0,2,1,0.6120401337792643,0.5953177257525084,0.07023411371237458,,
neurid_calibrated,0.0,3,1,0.6351351351351351,0.6351351351351351,0.04391891891891892,,
neurid_calibrated,0.0,4,1,0.6700680272108843,0.6564625850340136,0.05102040816326531,,
neurid_calibrated,0.1,0,3,0.5555555555555556,0.5358024691358024,0.15308641975308643,0.32275132275132273,0.5954797972009039
neurid_calibrated,0.1,1,3,0.674496644295302,0.6677852348993288,0.0436241610738255,0.42328042328042326,0.8593975468975469
neurid_calibrated,0.1,2,3,0.6020066889632107,0.5863991081382386,0.08918617614269787,0.3060428849902534,0.6609229138640903
neurid_calibrated,0.1,3,3,0.6441441441441441,0.6385135135135135,0.04054054054054054,0.6741996233521657,0.9086273937979975
neurid_calibrated,0.1,4,3,0.6609977324263038,0.6530612244897959,0.054421768707483,0.4590476190476191,0.8331955547429674
neurid_calibrated,0.2,0,3,0.5308641975308642,0.5148148148148147,0.1617283950617284,0.3306808134394342,0.7395713403536689
neurid_calibrated,0.2,1,3,0.6633109619686801,0.6577181208053692,0.05145413870246085,0.4531933508311461,0.9184777887177112
neurid_calibrated,0.2,2,3,0.5897435897435898,0.5741360089186176,0.09364548494983277,0.3440860215053763,0.8074417883429463
neurid_calibrated,0.2,3,3,0.6509009009009009,0.6306306306306307,0.07432432432432433,0.6413857677902622,0.912212734556188
neurid_calibrated,0.2,4,3,0.6485260770975056,0.6428571428571429,0.06235827664399093,0.38984674329501917,0.8808452010694604
neurid_calibrated,0.3,0,3,0.5012345679012346,0.4777777777777778,0.18888888888888888,0.40294985250737464,0.8170112187489597
neurid_calibrated,0.3,1,3,0.6342281879194631,0.6241610738255035,0.06152125279642059,0.4658421672555948,0.9349176780705909
neurid_calibrated,0.3,2,3,0.5652173913043478,0.544035674470457,0.09698996655518394,0.34776902887139105,0.8593314442371046
neurid_calibrated,0.3,3,3,0.6227477477477478,0.606981981981982,0.0867117117117117,0.6354556803995006,0.9296064109665862
neurid_calibrated,0.3,4,3,0.6247165532879819,0.6145124716553289,0.07142857142857144,0.39399744572158363,0.9074350354708635
neurid_calibrated,0.4,0,3,0.5012345679012346,0.4753086419753087,0.19876543209876543,0.4279398762157383,0.8573767223688068
neurid_calibrated,0.4,1,3,0.616331096196868,0.6029082774049217,0.06711409395973154,0.499780412823891,0.9496779218005398
neurid_calibrated,0.4,2,3,0.5696767001114827,0.5473801560758083,0.11594202898550725,0.3735294117647059,0.8801002185018195
neurid_calibrated,0.4,3,3,0.6137387387387387,0.5889639639639639,0.11261261261261261,0.6671361502347418,0.9342569090568548
neurid_calibrated,0.4,4,3,0.6190476190476191,0.5997732426303855,0.08390022675736962,0.386341929321872,0.9166240334060403
neurid_calibrated,0.5,0,3,0.47160493827160493,0.4432098765432099,0.22592592592592595,0.4631988676574664,0.8773565792084757
neurid_calibrated,0.5,1,3,0.5961968680089486,0.5805369127516778,0.07941834451901565,0.5063424947145878,0.9529582748301078
neurid_calibrated,0.5,2,3,0.5518394648829431,0.5261984392419174,0.12597547380156074,0.3652647975077881,0.8924584155099914
neurid_calibrated,0.5,3,3,0.6036036036036035,0.5867117117117117,0.11936936936936937,0.6662912912912914,0.9436554256432111
neurid_calibrated,0.5,4,3,0.6122448979591837,0.5975056689342404,0.07369614512471656,0.4012982054219168,0.9416494472695653
neurid_original,0.0,0,1,0.5814814814814815,0.5074074074074074,0.35555555555555557,,
neurid_original,0.0,1,1,0.697986577181208,0.6375838926174496,0.21476510067114093,,
neurid_original,0.0,2,1,0.6120401337792643,0.5284280936454849,0.30434782608695654,,
neurid_original,0.0,3,1,0.6351351351351351,0.6047297297297297,0.1891891891891892,,
neurid_original,0.0,4,1,0.6700680272108843,0.5952380952380952,0.2619047619047619,,
neurid_original,0.1,0,3,0.5555555555555556,0.48148148148148145,0.36172839506172844,0.8977072310405644,0.6346028154851684
neurid_original,0.1,1,3,0.674496644295302,0.6040268456375839,0.22483221476510065,0.9135802469135802,0.7204374765120433
neurid_original,0.1,2,3,0.6020066889632107,0.5206243032329989,0.34002229654403565,0.8576998050682262,0.5908704403581352
neurid_original,0.1,3,3,0.6441441441441441,0.5844594594594594,0.23986486486486483,0.9340866290018832,0.699531490771316
neurid_original,0.1,4,3,0.6609977324263038,0.5748299319727891,0.29591836734693877,0.9085714285714287,0.6463485390864815
neurid_original,0.2,0,3,0.5308641975308642,0.46049382716049386,0.391358024691358,0.9310344827586207,0.7685889423360143
neurid_original,0.2,1,3,0.6633109619686801,0.5838926174496645,0.2371364653243848,0.9300087489063867,0.8337138308502509
neurid_original,0.2,2,3,0.5897435897435898,0.48940914158305465,0.37792642140468224,0.8973607038123167,0.7303066383668962
neurid_original,0.2,3,3,0.6509009009009009,0.5574324324324325,0.28265765765765766,0.9438202247191012,0.8007341554054909
neurid_original,0.2,4,3,0.6485260770975056,0.5623582766439909,0.3129251700680272,0.9147509578544062,0.7757927450771954
neurid_original,0.3,0,3,0.5012345679012346,0.417283950617284,0.419753086419753,0.9386430678466077,0.8239298580183831
neurid_original,0.3,1,3,0.6342281879194631,0.5514541387024608,0.2863534675615213,0.9346289752650176,0.8611127191712935
neurid_original,0.3,2,3,0.5652173913043478,0.4503901895206243,0.40914158305462656,0.8910761154855642,0.7872713741023746
neurid_original,0.3,3,3,0.6227477477477478,0.5157657657657658,0.34009009009009006,0.9425717852684145,0.8333588331293349
neurid_original,0.3,4,3,0.6247165532879819,0.5476190476190476,0.3299319727891156,0.9189016602809706,0.8317961382960148
neurid_original,0.4,0,3,0.5012345679012346,0.4160493827160494,0.4481481481481482,0.9491600353669319,0.8553962885604417
neurid_original,0.4,1,3,0.616331096196868,0.5190156599552572,0.3187919463087248,0.9411506368028107,0.8826325087870567
neurid_original,0.4,2,3,0.5696767001114827,0.45707915273132665,0.4124860646599777,0.9112745098039216,0.8340175518466356
neurid_original,0.4,3,3,0.6137387387387387,0.490990990990991,0.3738738738738739,0.9511737089201877,0.8592050775958823
neurid_original,0.4,4,3,0.6190476190476191,0.518140589569161,0.3673469387755102,0.9250238777459409,0.8566948075457802
neurid_original,0.5,0,3,0.47160493827160493,0.37777777777777777,0.48395061728395067,0.9451521585279546,0.8720203202570284
neurid_original,0.5,1,3,0.5961968680089486,0.4977628635346756,0.32550335570469796,0.9390415785764623,0.9015591658391457
neurid_original,0.5,2,3,0.5518394648829431,0.4214046822742475,0.45819397993311045,0.9240654205607477,0.852391325704669
neurid_original,0.5,3,3,0.6036036036036035,0.46396396396396394,0.40990990990990994,0.956081081081081,0.874950831087499
neurid_original,0.5,4,3,0.6122448979591837,0.5034013605442177,0.38321995464852604,0.9278350515463917,0.8778848054875833
no_dustbin_confidence,0.0,0,1,0.4888888888888889,0.48518518518518516,0.1111111111111111,,
no_dustbin_confidence,0.0,1,1,0.6543624161073825,0.6476510067114094,0.08389261744966443,,
no_dustbin_confidence,0.0,2,1,0.5785953177257525,0.5752508361204013,0.020066889632107024,,
no_dustbin_confidence,0.0,3,1,0.6148648648648649,0.6148648648648649,0.04391891891891892,,
no_dustbin_confidence,0.0,4,1,0.6326530612244898,0.6156462585034014,0.030612244897959183,,
no_dustbin_confidence,0.1,0,3,0.4654320987654321,0.4617283950617284,0.10864197530864199,0.5608465608465608,0.7839373951675053
no_dustbin_confidence,0.1,1,3,0.656599552572707,0.6487695749440716,0.07941834451901565,0.7001763668430335,0.8481789150295093
no_dustbin_confidence,0.1,2,3,0.564102564102564,0.5629877369007804,0.015607580824972128,0.4327485380116958,0.9412027597569766
no_dustbin_confidence,0.1,3,3,0.6058558558558559,0.6047297297297297,0.03378378378378379,0.5178907721280602,0.9015072846848547
no_dustbin_confidence,0.1,4,3,0.6179138321995464,0.6145124716553289,0.031746031746031744,0.2780952380952381,0.8375
no_dustbin_confidence,0.2,0,3,0.4493827160493827,0.4432098765432099,0.08765432098765431,0.5968169761273209,0.9047248280567799
no_dustbin_confidence,0.2,1,3,0.6286353467561522,0.6230425055928412,0.07829977628635347,0.7025371828521435,0.9196992434317103
no_dustbin_confidence,0.2,2,3,0.5551839464882943,0.5540691192865106,0.0189520624303233,0.4496578690127077,0.9643534002229655
no_dustbin_confidence,0.2,3,3,0.588963963963964,0.5878378378378378,0.028153153153153157,0.5224719101123596,0.9570519410157097
no_dustbin_confidence,0.2,4,3,0.5975056689342404,0.5929705215419502,0.030612244897959186,0.4118773946360153,0.940752957233849
no_dustbin_confidence,0.3,0,3,0.43209876543209874,0.42962962962962964,0.07777777777777778,0.6106194690265486,0.9426386038034482
no_dustbin_confidence,0.3,1,3,0.6185682326621924,0.6118568232662193,0.07941834451901565,0.7102473498233216,0.9443732869959348
no_dustbin_confidence,0.3,2,3,0.5228539576365664,0.5206243032329989,0.0189520624303233,0.4776902887139108,0.977101748901818
no_dustbin_confidence,0.3,3,3,0.5664414414414415,0.563063063063063,0.03265765765765766,0.5393258426966292,0.9675919605612439
no_dustbin_confidence,0.3,4,3,0.582766439909297,0.5782312925170068,0.032879818594104306,0.4252873563218391,0.9583466837294186
no_dustbin_confidence,0.4,0,3,0.43950617283950616,0.4382716049382716,0.08765432098765431,0.6025641025641025,0.9504843576018048
no_dustbin_confidence,0.4,1,3,0.5939597315436241,0.5850111856823267,0.08389261744966443,0.7079490557751428,0.95554236977993
no_dustbin_confidence,0.4,2,3,0.5362318840579711,0.5351170568561873,0.0189520624303233,0.4936274509803922,0.9834275584225755
no_dustbin_confidence,0.4,3,3,0.561936936936937,0.5596846846846848,0.034909909909909914,0.5539906103286385,0.9743890144576293
no_dustbin_confidence,0.4,4,3,0.564625850340136,0.5623582766439909,0.030612244897959186,0.4579751671442216,0.9726259610041463
no_dustbin_confidence,0.5,0,3,0.4197530864197531,0.4185185185185185,0.0925925925925926,0.5859872611464968,0.9566309619223379
no_dustbin_confidence,0.5,1,3,0.5727069351230425,0.5659955257270693,0.0749440715883669,0.6987315010570825,0.967337555099174
no_dustbin_confidence,0.5,2,3,0.5217391304347826,0.5183946488294314,0.020066889632107024,0.4867601246105919,0.9858154968867071
no_dustbin_confidence,0.5,3,3,0.543918918918919,0.5416666666666666,0.024774774774774775,0.5461711711711712,0.9851021631704397
no_dustbin_confidence,0.5,4,3,0.5385487528344671,0.5362811791383221,0.03061224489795918,0.45971744940817105,0.9781531064144294
no_dustbin_forced,0.0,0,1,0.4888888888888889,0.4888888888888889,0.0,,
no_dustbin_forced,0.0,1,1,0.6543624161073825,0.6543624161073825,0.0,,
no_dustbin_forced,0.0,2,1,0.5785953177257525,0.5785953177257525,0.0,,
no_dustbin_forced,0.0,3,1,0.6148648648648649,0.6148648648648649,0.0,,
no_dustbin_forced,0.0,4,1,0.6326530612244898,0.6326530612244898,0.0,,
no_dustbin_forced,0.1,0,3,0.4654320987654321,0.4654320987654321,0.0,0.0,
no_dustbin_forced,0.1,1,3,0.656599552572707,0.656599552572707,0.0,0.0,
no_dustbin_forced,0.1,2,3,0.564102564102564,0.564102564102564,0.0,0.0,
no_dustbin_forced,0.1,3,3,0.6058558558558559,0.6058558558558559,0.0,0.0,
no_dustbin_forced,0.1,4,3,0.6179138321995464,0.6179138321995464,0.0,0.0,
no_dustbin_forced,0.2,0,3,0.4493827160493827,0.4493827160493827,0.0,0.0,
no_dustbin_forced,0.2,1,3,0.6286353467561522,0.6286353467561522,0.0,0.0,
no_dustbin_forced,0.2,2,3,0.5551839464882943,0.5551839464882943,0.0,0.0,
no_dustbin_forced,0.2,3,3,0.588963963963964,0.588963963963964,0.0,0.0,
no_dustbin_forced,0.2,4,3,0.5975056689342404,0.5975056689342404,0.0,0.0,
no_dustbin_forced,0.3,0,3,0.43209876543209874,0.43209876543209874,0.0,0.0,
no_dustbin_forced,0.3,1,3,0.6185682326621924,0.6185682326621924,0.0,0.0,
no_dustbin_forced,0.3,2,3,0.5228539576365664,0.5228539576365664,0.0,0.0,
no_dustbin_forced,0.3,3,3,0.5664414414414415,0.5664414414414415,0.0,0.0,
no_dustbin_forced,0.3,4,3,0.582766439909297,0.582766439909297,0.0,0.0,
no_dustbin_forced,0.4,0,3,0.43950617283950616,0.43950617283950616,0.0,0.0,
no_dustbin_forced,0.4,1,3,0.5939597315436241,0.5939597315436241,0.0,0.0,
no_dustbin_forced,0.4,2,3,0.5362318840579711,0.5362318840579711,0.0,0.0,
no_dustbin_forced,0.4,3,3,0.561936936936937,0.561936936936937,0.0,0.0,
no_dustbin_forced,0.4,4,3,0.564625850340136,0.564625850340136,0.0,0.0,
no_dustbin_forced,0.5,0,3,0.4197530864197531,0.4197530864197531,0.0,0.0,
no_dustbin_forced,0.5,1,3,0.5727069351230425,0.5727069351230425,0.0,0.0,
no_dustbin_forced,0.5,2,3,0.5217391304347826,0.5217391304347826,0.0,0.0,
no_dustbin_forced,0.5,3,3,0.543918918918919,0.543918918918919,0.0,0.0,
no_dustbin_forced,0.5,4,3,0.5385487528344671,0.5385487528344671,0.0,0.0,

