method,kind,severity,fold,perturbation_replicates,top1,top5,hungarian,coverage,effective_top1
CPD,coord_noise,0.0,0,1,0.3246753246753247,0.7532467532467533,0.36363636363636365,1.0,0.3246753246753247
CPD,coord_noise,0.0,1,1,0.19708029197080293,0.44525547445255476,0.21897810218978103,1.0,0.19708029197080293
CPD,coord_noise,0.0,2,1,0.1310344827586207,0.2896551724137931,0.15862068965517243,1.0,0.1310344827586207
CPD,coord_noise,0.0,3,1,0.40476190476190477,0.8928571428571429,0.44047619047619047,1.0,0.40476190476190477
CPD,coord_noise,0.0,4,1,0.26785714285714285,0.875,0.3392857142857143,1.0,0.26785714285714285
CPD,coord_noise,0.02,0,3,0.28138528138528135,0.7445887445887446,0.37229437229437234,1.0,0.28138528138528135
CPD,coord_noise,0.02,1,3,0.20194647201946472,0.4428223844282238,0.21411192214111927,1.0,0.20194647201946472
CPD,coord_noise,0.02,2,3,0.14022988505747128,0.2942528735632184,0.167816091954023,1.0,0.14022988505747128
CPD,coord_noise,0.02,3,3,0.4087301587301588,0.8928571428571429,0.4246031746031746,1.0,0.4087301587301588
CPD,coord_noise,0.02,4,3,0.2738095238095238,0.875,0.36309523809523814,1.0,0.2738095238095238
CPD,coord_noise,0.05,0,3,0.26406926406926406,0.7445887445887447,0.3376623376623377,1.0,0.26406926406926406
CPD,coord_noise,0.05,1,3,0.1970802919708029,0.45985401459854014,0.23357664233576644,1.0,0.1970802919708029
CPD,coord_noise,0.05,2,3,0.12873563218390804,0.2712643678160919,0.13793103448275862,1.0,0.12873563218390804
CPD,coord_noise,0.05,3,3,0.36904761904761907,0.888888888888889,0.46428571428571425,1.0,0.36904761904761907
CPD,coord_noise,0.05,4,3,0.25,0.8809523809523809,0.30357142857142855,1.0,0.25
CPD,coord_noise,0.1,0,3,0.2424242424242424,0.7402597402597403,0.26839826839826836,1.0,0.2424242424242424
CPD,coord_noise,0.1,1,3,0.1411192214111922,0.4330900243309002,0.15328467153284672,1.0,0.1411192214111922
CPD,coord_noise,0.1,2,3,0.1103448275862069,0.26666666666666666,0.1425287356321839,1.0,0.1103448275862069
CPD,coord_noise,0.1,3,3,0.31746031746031744,0.8849206349206349,0.42857142857142855,1.0,0.31746031746031744
CPD,coord_noise,0.1,4,3,0.24404761904761904,0.8809523809523809,0.33928571428571425,1.0,0.24404761904761904
CPD,coord_noise,0.2,0,3,0.1774891774891775,0.7402597402597403,0.21212121212121215,1.0,0.1774891774891775
CPD,coord_noise,0.2,1,3,0.10218978102189781,0.36496350364963503,0.1289537712895377,1.0,0.10218978102189781
CPD,coord_noise,0.2,2,3,0.0528735632183908,0.23448275862068968,0.07126436781609195,1.0,0.0528735632183908
CPD,coord_noise,0.2,3,3,0.2738095238095238,0.8690476190476191,0.32142857142857145,1.0,0.2738095238095238
CPD,coord_noise,0.2,4,3,0.23809523809523805,0.8690476190476191,0.23214285714285712,1.0,0.23809523809523805
CPD,missing,0.0,0,1,0.3246753246753247,0.7532467532467533,0.36363636363636365,1.0,0.3246753246753247
CPD,missing,0.0,1,1,0.19708029197080293,0.44525547445255476,0.21897810218978103,1.0,0.19708029197080293
CPD,missing,0.0,2,1,0.1310344827586207,0.2896551724137931,0.15862068965517243,1.0,0.1310344827586207
CPD,missing,0.0,3,1,0.40476190476190477,0.8928571428571429,0.44047619047619047,1.0,0.40476190476190477
CPD,missing,0.0,4,1,0.26785714285714285,0.875,0.3392857142857143,1.0,0.26785714285714285
CPD,missing,0.1,0,3,0.27351881789046767,0.7500950112028134,0.36310823714039914,0.9177489177489178,0.2510822510822511
CPD,missing,0.1,1,3,0.1880809185347184,0.4425915800984144,0.19938035356296702,0.8905109489051094,0.1678832116788321
CPD,missing,0.1,2,3,0.12470196950572017,0.2780349021257839,0.14307467291779366,0.8850574712643677,0.1103448275862069
CPD,missing,0.1,3,3,0.40563495001851163,0.9008276769920606,0.42377802459994235,0.8809523809523809,0.35714285714285715
CPD,missing,0.1,4,3,0.2687949731427992,0.882882335056248,0.34731427992297553,0.9107142857142856,0.24404761904761904
CPD,missing,0.2,0,3,0.28727991053346774,0.7372915915006795,0.3335904528482898,0.8095238095238096,0.23376623376623376
CPD,missing,0.2,1,3,0.1777038667293125,0.4462915337504225,0.2173093012520916,0.7956204379562043,0.14111922141119218
CPD,missing,0.2,2,3,0.11137650394984594,0.27265371275566685,0.14222517615990551,0.7977011494252874,0.0896551724137931
CPD,missing,0.2,3,3,0.41461735705530317,0.8950435774028409,0.4450235236859183,0.7936507936507936,0.32936507936507936
CPD,missing,0.2,4,3,0.2835016835016835,0.8730639730639731,0.32845117845117844,0.7976190476190478,0.22619047619047616
CPD,missing,0.3,0,3,0.2811657681940701,0.7833183587900568,0.31394129979035634,0.70995670995671,0.19913419913419914
CPD,missing,0.3,1,3,0.18959810874704494,0.47242063492063496,0.18989572779466393,0.7177615571776156,0.13625304136253044
CPD,missing,0.3,2,3,0.1190545925748418,0.26641948682447125,0.14406990263688083,0.7333333333333334,0.08735632183908044
CPD,missing,0.3,3,3,0.43923985618900874,0.8841294298921417,0.4331792501284027,0.6865079365079364,0.3015873015873016
CPD,missing,0.3,4,3,0.3663234663234663,0.8914628914628914,0.4287859287859288,0.6785714285714285,0.25
CPD,missing,0.4,0,3,0.21165458937198067,0.6825828157349897,0.23913043478260868,0.5887445887445887,0.12554112554112554
CPD,missing,0.4,1,3,0.20170471841704718,0.434851598173516,0.19161719939117203,0.5547445255474454,0.1119221411192214
CPD,missing,0.4,2,3,0.107002607002607,0.2828597828597829,0.1112018612018612,0.5724137931034483,0.062068965517241385
CPD,missing,0.4,3,3,0.42681623931623935,0.8996153846153846,0.4465811965811966,0.5952380952380952,0.25396825396825395
CPD,missing,0.4,4,3,0.2957393483709273,0.8879699248120301,0.30451127819548873,0.6011904761904762,0.17857142857142858
CPD,missing,0.5,0,3,0.2888742400937523,0.76427425207913,0.27194822316773537,0.4805194805194805,0.13852813852813853
CPD,missing,0.5,1,3,0.1940427635644543,0.449975281176616,0.1940427635644543,0.4671532846715329,0.09002433090024331
CPD,missing,0.5,2,3,0.14894848543314684,0.2887645507749695,0.15808090552447102,0.4942528735632184,0.0735632183908046
CPD,missing,0.5,3,3,0.40226681531029357,0.910442214790041,0.416759568933482,0.5198412698412699,0.21031746031746032
CPD,missing,0.5,4,3,0.2637931034482759,0.8726874657909139,0.287192118226601,0.5178571428571428,0.1369047619047619
CPD,outlier,0.0,0,1,0.3246753246753247,0.7532467532467533,0.36363636363636365,1.0,0.3246753246753247
CPD,outlier,0.0,1,1,0.19708029197080293,0.44525547445255476,0.21897810218978103,1.0,0.19708029197080293
CPD,outlier,0.0,2,1,0.1310344827586207,0.2896551724137931,0.15862068965517243,1.0,0.1310344827586207
CPD,outlier,0.0,3,1,0.40476190476190477,0.8928571428571429,0.44047619047619047,1.0,0.40476190476190477
CPD,outlier,0.0,4,1,0.26785714285714285,0.875,0.3392857142857143,1.0,0.26785714285714285
CPD,outlier,0.1,0,3,0.329004329004329,0.7402597402597403,0.3636363636363636,1.0,0.329004329004329
CPD,outlier,0.1,1,3,0.20194647201946472,0.4428223844282238,0.2165450121654501,1.0,0.20194647201946472
CPD,outlier,0.1,2,3,0.1264367816091954,0.2942528735632184,0.16091954022988506,1.0,0.1264367816091954
CPD,outlier,0.1,3,3,0.41269841269841273,0.9007936507936508,0.4444444444444444,1.0,0.41269841269841273
CPD,outlier,0.1,4,3,0.2738095238095238,0.875,0.33928571428571425,1.0,0.2738095238095238
CPD,outlier,0.2,0,3,0.30735930735930733,0.7402597402597403,0.38095238095238093,1.0,0.30735930735930733
CPD,outlier,0.2,1,3,0.19221411192214113,0.4476885644768857,0.19708029197080293,1.0,0.19221411192214113
CPD,outlier,0.2,2,3,0.12413793103448277,0.2896551724137931,0.1586206896551724,1.0,0.12413793103448277
CPD,outlier,0.2,3,3,0.40079365079365076,0.8888888888888888,0.44047619047619047,1.0,0.40079365079365076
CPD,outlier,0.2,4,3,0.2738095238095238,0.875,0.3452380952380953,1.0,0.2738095238095238
CPD,outlier,0.3,0,3,0.30735930735930733,0.7532467532467533,0.3636363636363636,1.0,0.30735930735930733
CPD,outlier,0.3,1,3,0.2116788321167883,0.45012165450121655,0.20924574209245742,1.0,0.2116788321167883
CPD,outlier,0.3,2,3,0.12413793103448274,0.2896551724137931,0.16091954022988506,1.0,0.12413793103448274
CPD,outlier,0.3,3,3,0.41269841269841273,0.8928571428571428,0.4444444444444444,1.0,0.41269841269841273
CPD,outlier,0.3,4,3,0.26190476190476186,0.8690476190476191,0.3333333333333333,1.0,0.26190476190476186
CPD,outlier,0.4,0,3,0.30735930735930733,0.7662337662337663,0.3852813852813853,1.0,0.30735930735930733
CPD,outlier,0.4,1,3,0.2165450121654501,0.462287104622871,0.2214111922141119,1.0,0.2165450121654501
CPD,outlier,0.4,2,3,0.12873563218390804,0.2896551724137931,0.167816091954023,1.0,0.12873563218390804
CPD,outlier,0.4,3,3,0.39285714285714285,0.8849206349206349,0.4444444444444444,1.0,0.39285714285714285
CPD,outlier,0.4,4,3,0.2857142857142857,0.8809523809523809,0.35714285714285715,1.0,0.2857142857142857
CPD,outlier,0.5,0,3,0.2727272727272727,0.7532467532467533,0.367965367965368,1.0,0.2727272727272727
CPD,outlier,0.5,1,3,0.20437956204379562,0.44525547445255476,0.2141119221411192,1.0,0.20437956204379562
CPD,outlier,0.5,2,3,0.12873563218390804,0.29425287356321844,0.16091954022988506,1.0,0.12873563218390804
CPD,outlier,0.5,3,3,0.3968253968253968,0.8809523809523809,0.4365079365079365,1.0,0.3968253968253968
CPD,outlier,0.5,4,3,0.2797619047619047,0.8869047619047619,0.3452380952380952,1.0,0.2797619047619047
fDNC,coord_noise,0.0,0,1,0.2857142857142857,0.9090909090909091,0.42857142857142855,1.0,0.2857142857142857
fDNC,coord_noise,0.0,1,1,0.40145985401459855,0.8102189781021898,0.3795620437956204,1.0,0.40145985401459855
fDNC,coord_noise,0.0,2,1,0.32413793103448274,0.7724137931034483,0.33793103448275863,1.0,0.32413793103448274
fDNC,coord_noise,0.0,3,1,0.5476190476190477,0.9761904761904762,0.6785714285714286,1.0,0.5476190476190477
fDNC,coord_noise,0.0,4,1,0.6964285714285714,0.9642857142857143,0.75,1.0,0.6964285714285714
fDNC,coord_noise,0.02,0,3,0.29437229437229434,0.9090909090909092,0.4025974025974026,1.0,0.29437229437229434
fDNC,coord_noise,0.02,1,3,0.38442822384428227,0.8053527980535279,0.3990267639902676,1.0,0.38442822384428227
fDNC,coord_noise,0.02,2,3,0.3149425287356322,0.7563218390804597,0.3494252873563218,1.0,0.3149425287356322
fDNC,coord_noise,0.02,3,3,0.5357142857142857,0.9880952380952381,0.6904761904761904,1.0,0.5357142857142857
fDNC,coord_noise,0.02,4,3,0.6666666666666666,0.9523809523809522,0.7023809523809524,1.0,0.6666666666666666
fDNC,coord_noise,0.05,0,3,0.31601731601731603,0.9047619047619048,0.393939393939394,1.0,0.31601731601731603
fDNC,coord_noise,0.05,1,3,0.36009732360097324,0.7834549878345499,0.3746958637469586,1.0,0.36009732360097324
fDNC,coord_noise,0.05,2,3,0.2942528735632184,0.7494252873563219,0.3195402298850574,1.0,0.2942528735632184
fDNC,coord_noise,0.05,3,3,0.5357142857142857,0.9642857142857143,0.6468253968253967,1.0,0.5357142857142857
fDNC,coord_noise,0.05,4,3,0.6011904761904762,0.9345238095238096,0.5892857142857143,1.0,0.6011904761904762
fDNC,coord_noise,0.1,0,3,0.29004329004329005,0.8831168831168831,0.3463203463203463,1.0,0.29004329004329005
fDNC,coord_noise,0.1,1,3,0.2773722627737226,0.7299270072992701,0.30413625304136255,1.0,0.2773722627737226
fDNC,coord_noise,0.1,2,3,0.22528735632183908,0.6551724137931034,0.23218390804597702,1.0,0.22528735632183908
fDNC,coord_noise,0.1,3,3,0.496031746031746,0.9642857142857143,0.5674603174603176,1.0,0.496031746031746
fDNC,coord_noise,0.1,4,3,0.5119047619047619,0.9285714285714285,0.5238095238095238,1.0,0.5119047619047619
fDNC,coord_noise,0.2,0,3,0.24242424242424243,0.8268398268398268,0.2727272727272727,1.0,0.24242424242424243
fDNC,coord_noise,0.2,1,3,0.1654501216545012,0.5644768856447689,0.1630170316301703,1.0,0.1654501216545012
fDNC,coord_noise,0.2,2,3,0.14022988505747128,0.4988505747126437,0.1563218390804598,1.0,0.14022988505747128
fDNC,coord_noise,0.2,3,3,0.32142857142857145,0.9404761904761904,0.38095238095238093,1.0,0.32142857142857145
fDNC,coord_noise,0.2,4,3,0.33928571428571425,0.9345238095238096,0.3511904761904762,1.0,0.33928571428571425
fDNC,missing,0.0,0,1,0.2857142857142857,0.9090909090909091,0.42857142857142855,1.0,0.2857142857142857
fDNC,missing,0.0,1,1,0.40145985401459855,0.8102189781021898,0.3795620437956204,1.0,0.40145985401459855
fDNC,missing,0.0,2,1,0.32413793103448274,0.7724137931034483,0.33793103448275863,1.0,0.32413793103448274
fDNC,missing,0.0,3,1,0.5476190476190477,0.9761904761904762,0.6785714285714286,1.0,0.5476190476190477
fDNC,missing,0.0,4,1,0.6964285714285714,0.9642857142857143,0.75,1.0,0.6964285714285714
fDNC,missing,0.1,0,3,0.2928424893880522,0.9198767217826181,0.40128383296936004,0.9177489177489178,0.26839826839826836
fDNC,missing,0.1,1,3,0.39835064698377987,0.8246765081100783,0.4124749407690906,0.8905109489051094,0.35523114355231145
fDNC,missing,0.1,2,3,0.3117549237643004,0.7632385646450682,0.30388090801626894,0.8850574712643677,0.27586206896551724
fDNC,missing,0.1,3,3,0.5494919577111358,0.9864848410053889,0.6395302151466535,0.8809523809523809,0.4841269841269842
fDNC,missing,0.1,4,3,0.6648069321982365,0.9492804297152123,0.6784635654200871,0.9107142857142856,0.6071428571428572
fDNC,missing,0.2,0,3,0.34303613911548125,0.9150676182853447,0.4027887790831892,0.8095238095238096,0.27705627705627706
fDNC,missing,0.2,1,3,0.446286897137252,0.8192333926819818,0.4650775447793796,0.7956204379562043,0.35523114355231145
fDNC,missing,0.2,2,3,0.3462662581059302,0.7592864596213089,0.3390006964398488,0.7977011494252874,0.2758620689655172
fDNC,missing,0.2,3,3,0.5892041152930997,0.9749463732064316,0.6543809485182782,0.7936507936507936,0.4682539682539682
fDNC,missing,0.2,4,3,0.6417508417508418,0.9624579124579125,0.6789562289562289,0.7976190476190478,0.5119047619047619
fDNC,missing,0.3,0,3,0.2937755815114306,0.9027403414195866,0.3040144254766896,0.70995670995671,0.20779220779220778
fDNC,missing,0.3,1,3,0.39457109084768655,0.8282822526173589,0.38814800742992234,0.7177615571776156,0.2822384428223844
fDNC,missing,0.3,2,3,0.2979027433856094,0.7396379725040161,0.31033495753121926,0.7333333333333334,0.21839080459770113
fDNC,missing,0.3,3,3,0.5599383667180277,0.9769902413970212,0.652799178222907,0.6865079365079364,0.3849206349206349
fDNC,missing,0.3,4,3,0.64002574002574,0.9375375375375375,0.6479622479622479,0.6785714285714285,0.43452380952380953
fDNC,missing,0.4,0,3,0.3213854382332643,0.919125258799172,0.3461870255348516,0.5887445887445887,0.19047619047619044
fDNC,missing,0.4,1,3,0.389554794520548,0.771697108066971,0.4067770167427702,0.5547445255474454,0.2165450121654501
fDNC,missing,0.4,2,3,0.26507276507276506,0.7514107514107513,0.2487377487377487,0.5724137931034483,0.15172413793103448
fDNC,missing,0.4,3,3,0.5808760683760683,0.9866666666666667,0.6596581196581197,0.5952380952380952,0.3452380952380952
fDNC,missing,0.4,4,3,0.5833333333333334,0.9340852130325814,0.5952380952380952,0.6011904761904762,0.3452380952380952
fDNC,missing,0.5,0,3,0.33325343081440645,0.9193716998595048,0.3947717118448826,0.4805194805194805,0.16017316017316016
fDNC,missing,0.5,1,3,0.40292197091418447,0.80356260042022,0.4394285831994397,0.4671532846715329,0.18491484184914841
fDNC,missing,0.5,2,3,0.27898900250819986,0.7714965592642614,0.2422020708727249,0.4942528735632184,0.1379310344827586
fDNC,missing,0.5,3,3,0.5707915273132665,0.976960237829803,0.6352657004830918,0.5198412698412699,0.29761904761904767
fDNC,missing,0.5,4,3,0.518007662835249,0.9428845101258894,0.551696770662288,0.5178571428571428,0.26785714285714285
fDNC,outlier,0.0,0,1,0.2857142857142857,0.9090909090909091,0.42857142857142855,1.0,0.2857142857142857
fDNC,outlier,0.0,1,1,0.40145985401459855,0.8102189781021898,0.3795620437956204,1.0,0.40145985401459855
fDNC,outlier,0.0,2,1,0.32413793103448274,0.7724137931034483,0.33793103448275863,1.0,0.32413793103448274
fDNC,outlier,0.0,3,1,0.5476190476190477,0.9761904761904762,0.6785714285714286,1.0,0.5476190476190477
fDNC,outlier,0.0,4,1,0.6964285714285714,0.9642857142857143,0.75,1.0,0.6964285714285714
fDNC,outlier,0.1,0,3,0.2597402597402597,0.8744588744588745,0.42424242424242425,1.0,0.2597402597402597
fDNC,outlier,0.1,1,3,0.3625304136253041,0.8637469586374696,0.3722627737226278,1.0,0.3625304136253041
fDNC,outlier,0.1,2,3,0.2873563218390805,0.7172413793103448,0.3080459770114942,1.0,0.2873563218390805
fDNC,outlier,0.1,3,3,0.5317460317460317,0.9761904761904762,0.6150793650793651,1.0,0.5317460317460317
fDNC,outlier,0.1,4,3,0.6309523809523809,0.9583333333333334,0.6666666666666666,1.0,0.6309523809523809
fDNC,outlier,0.2,0,3,0.2510822510822511,0.8528138528138528,0.37662337662337664,1.0,0.2510822510822511
fDNC,outlier,0.2,1,3,0.3284671532846715,0.8004866180048662,0.3576642335766424,1.0,0.3284671532846715
fDNC,outlier,0.2,2,3,0.271264367816092,0.6689655172413792,0.3126436781609196,1.0,0.271264367816092
fDNC,outlier,0.2,3,3,0.44841269841269843,0.9603174603174603,0.5476190476190476,1.0,0.44841269841269843
fDNC,outlier,0.2,4,3,0.6190476190476191,0.9702380952380952,0.6964285714285715,1.0,0.6190476190476191
fDNC,outlier,0.3,0,3,0.20779220779220778,0.8311688311688311,0.3116883116883117,1.0,0.20779220779220778
fDNC,outlier,0.3,1,3,0.31630170316301703,0.781021897810219,0.3527980535279805,1.0,0.31630170316301703
fDNC,outlier,0.3,2,3,0.22758620689655173,0.6367816091954023,0.25057471264367814,1.0,0.22758620689655173
fDNC,outlier,0.3,3,3,0.4444444444444445,0.9563492063492064,0.5476190476190477,1.0,0.4444444444444445
fDNC,outlier,0.3,4,3,0.6011904761904762,0.9642857142857143,0.6904761904761904,1.0,0.6011904761904762
fDNC,outlier,0.4,0,3,0.18614718614718617,0.8095238095238096,0.26406926406926406,1.0,0.18614718614718617
fDNC,outlier,0.4,1,3,0.3017031630170316,0.781021897810219,0.3527980535279805,1.0,0.3017031630170316
fDNC,outlier,0.4,2,3,0.19999999999999998,0.5954022988505746,0.2597701149425287,1.0,0.19999999999999998
fDNC,outlier,0.4,3,3,0.4365079365079365,0.9801587301587302,0.5793650793650794,1.0,0.4365079365079365
fDNC,outlier,0.4,4,3,0.4523809523809524,0.9583333333333334,0.5297619047619048,1.0,0.4523809523809524
fDNC,outlier,0.5,0,3,0.16017316017316016,0.8138528138528138,0.2857142857142857,1.0,0.16017316017316016
fDNC,outlier,0.5,1,3,0.30170316301703165,0.7688564476885644,0.31630170316301703,1.0,0.30170316301703165
fDNC,outlier,0.5,2,3,0.17011494252873563,0.5241379310344828,0.20229885057471264,1.0,0.17011494252873563
fDNC,outlier,0.5,3,3,0.39285714285714285,0.9761904761904763,0.5277777777777778,1.0,0.39285714285714285
fDNC,outlier,0.5,4,3,0.4821428571428572,0.9940476190476191,0.5952380952380952,1.0,0.4821428571428572
