query_worm,source_path,node_index,identity,candidate_covered,prediction_slot,prediction_identity,rank,correct,top5_correct,reciprocal_rank,target_probability,dustbin_top1,top1_with_dustbin_correct,hungarian_prediction_slot,hungarian_correct
20240902-16-53-12,/home/ubuntu/klb/nuclr/nuclr/Data/Dunn_001623/cv5_grouped_v1/fold_4/test/test__20240902-16-53-12__d37b2c72.npz,3,RMED,1,85,RMED,1,1,1,1.0,0.6772406697273254,0,1,85,1
20240902-16-53-12,/home/ubuntu/klb/nuclr/nuclr/Data/Dunn_001623/cv5_grouped_v1/fold_4/test/test__20240902-16-53-12__d37b2c72.npz,7,RMEV,1,88,RMEV,1,1,1,1.0,0.963401198387146,0,1,88,1
20240902-16-53-12,/home/ubuntu/klb/nuclr/nuclr/Data/Dunn_001623/cv5_grouped_v1/fold_4/test/test__20240902-16-53-12__d37b2c72.npz,8,RID,1,74,RID,1,1,1,1.0,0.9579665064811707,0,1,74,1
20240902-16-53-12,/home/ubuntu/klb/nuclr/nuclr/Data/Dunn_001623/cv5_grouped_v1/fold_4/test/test__20240902-16-53-12__d37b2c72.npz,10,SMDVL,1,104,SMDVL,1,1,1,1.0,0.9624585509300232,0,1,104,1
20240902-16-53-12,/home/ubuntu/klb/nuclr/nuclr/Data/Dunn_001623/cv5_grouped_v1/fold_4/test/test__20240902-16-53-12__d37b2c72.npz,11,RMDVL,1,83,RMDVL,1,1,1,1.0,0.95905601978302,0,1,83,1
20240902-16-53-12,/home/ubuntu/klb/nuclr/nuclr/Data/Dunn_001623/cv5_grouped_v1/fold_4/test/test__20240902-16-53-12__d37b2c72.npz,26,AVEL,1,32,AVEL,1,1,1,1.0,0.8400234580039978,0,1,32,1
20240902-16-53-12,/home/ubuntu/klb/nuclr/nuclr/Data/Dunn_001623/cv5_grouped_v1/fold_4/test/test__20240902-16-53-12__d37b2c72.npz,27,SMDVR,1,105,SMDVR,1,1,1,1.0,0.9630438685417175,0,1,105,1
20240902-16-53-12,/home/ubuntu/klb/nuclr/nuclr/Data/Dunn_001623/cv5_grouped_v1/fold_4/test/test__20240902-16-53-12__d37b2c72.npz,30,AVAR,1,28,AVAR,1,1,1,1.0,0.9301697611808777,0,1,28,1
20240902-16-53-12,/home/ubuntu/klb/nuclr/nuclr/Data/Dunn_001623/cv5_grouped_v1/fold_4/test/test__20240902-16-53-12__d37b2c72.npz,39,CEPDL,1,45,CEPDL,1,1,1,1.0,0.7974318265914917,0,1,45,1
20240902-16-53-12,/home/ubuntu/klb/nuclr/nuclr/Data/Dunn_001623/cv5_grouped_v1/fold_4/test/test__20240902-16-53-12__d37b2c72.npz,45,AFDR,1,90,SAAVR,2,0,1,0.5,0.32918480038642883,0,0,90,0
20240902-16-53-12,/home/ubuntu/klb/nuclr/nuclr/Data/Dunn_001623/cv5_grouped_v1/fold_4/test/test__20240902-16-53-12__d37b2c72.npz,53,RMDR,1,82,RMDR,1,1,1,1.0,0.9221015572547913,0,1,82,1
20240902-16-53-12,/home/ubuntu/klb/nuclr/nuclr/Data/Dunn_001623/cv5_grouped_v1/fold_4/test/test__20240902-16-53-12__d37b2c72.npz,57,RMDVR,1,84,RMDVR,1,1,1,1.0,0.9626636505126953,0,1,84,1
20240902-16-53-12,/home/ubuntu/klb/nuclr/nuclr/Data/Dunn_001623/cv5_grouped_v1/fold_4/test/test__20240902-16-53-12__d37b2c72.npz,68,ALA,1,19,ALA,1,1,1,1.0,0.9557717442512512,0,1,19,1
20240902-16-53-12,/home/ubuntu/klb/nuclr/nuclr/Data/Dunn_001623/cv5_grouped_v1/fold_4/test/test__20240902-16-53-12__d37b2c72.npz,72,RIVL,1,77,RIVL,1,1,1,1.0,0.45511388778686523,1,0,77,1
20240902-16-53-12,/home/ubuntu/klb/nuclr/nuclr/Data/Dunn_001623/cv5_grouped_v1/fold_4/test/test__20240902-16-53-12__d37b2c72.npz,83,AVAL,1,27,AVAL,1,1,1,1.0,0.9610932469367981,0,1,27,1
20240902-16-53-12,/home/ubuntu/klb/nuclr/nuclr/Data/Dunn_001623/cv5_grouped_v1/fold_4/test/test__20240902-16-53-12__d37b2c72.npz,104,AFDL,1,70,RIAL,4,0,1,0.25,0.011212189681828022,0,0,70,0
20240902-16-53-12,/home/ubuntu/klb/nuclr/nuclr/Data/Dunn_001623/cv5_grouped_v1/fold_4/test/test__20240902-16-53-12__d37b2c72.npz,105,AWAL,1,40,AWAL,1,1,1,1.0,0.9165460467338562,0,1,40,1
20240902-16-53-12,/home/ubuntu/klb/nuclr/nuclr/Data/Dunn_001623/cv5_grouped_v1/fold_4/test/test__20240902-16-53-12__d37b2c72.npz,106,RMDL,1,81,RMDL,1,1,1,1.0,0.48298516869544983,0,1,81,1
20240902-16-53-12,/home/ubuntu/klb/nuclr/nuclr/Data/Dunn_001623/cv5_grouped_v1/fold_4/test/test__20240902-16-53-12__d37b2c72.npz,108,RIAR,1,71,RIAR,1,1,1,1.0,0.7866940498352051,0,1,71,1
20240902-16-53-12,/home/ubuntu/klb/nuclr/nuclr/Data/Dunn_001623/cv5_grouped_v1/fold_4/test/test__20240902-16-53-12__d37b2c72.npz,110,AWBL,0,34,AVHL,,0,0,0.0,,0,0,34,0
20240904-14-55-14,/home/ubuntu/klb/nuclr/nuclr/Data/Dunn_001623/cv5_grouped_v1/fold_4/test/test__20240904-14-55-14__9a84acb1.npz,5,RMED,1,85,RMED,1,1,1,1.0,0.7438947558403015,0,1,85,1
20240904-14-55-14,/home/ubuntu/klb/nuclr/nuclr/Data/Dunn_001623/cv5_grouped_v1/fold_4/test/test__20240904-14-55-14__9a84acb1.npz,6,SMDVR,1,105,SMDVR,1,1,1,1.0,0.9588190317153931,0,1,105,1
20240904-14-55-14,/home/ubuntu/klb/nuclr/nuclr/Data/Dunn_001623/cv5_grouped_v1/fold_4/test/test__20240904-14-55-14__9a84acb1.npz,7,RID,1,74,RID,1,1,1,1.0,0.9595311880111694,0,1,74,1
20240904-14-55-14,/home/ubuntu/klb/nuclr/nuclr/Data/Dunn_001623/cv5_grouped_v1/fold_4/test/test__20240904-14-55-14__9a84acb1.npz,10,RMEV,1,88,RMEV,1,1,1,1.0,0.9537333846092224,0,1,88,1
20240904-14-55-14,/home/ubuntu/klb/nuclr/nuclr/Data/Dunn_001623/cv5_grouped_v1/fold_4/test/test__20240904-14-55-14__9a84acb1.npz,13,SMDVL,1,104,SMDVL,1,1,1,1.0,0.9620352983474731,0,1,104,1
20240904-14-55-14,/home/ubuntu/klb/nuclr/nuclr/Data/Dunn_001623/cv5_grouped_v1/fold_4/test/test__20240904-14-55-14__9a84acb1.npz,21,ALA,1,19,ALA,1,1,1,1.0,0.9602319002151489,0,1,19,1
20240904-14-55-14,/home/ubuntu/klb/nuclr/nuclr/Data/Dunn_001623/cv5_grouped_v1/fold_4/test/test__20240904-14-55-14__9a84acb1.npz,25,SMDDL,1,102,SMDDL,1,1,1,1.0,0.9561427235603333,0,1,102,1
20240904-14-55-14,/home/ubuntu/klb/nuclr/nuclr/Data/Dunn_001623/cv5_grouped_v1/fold_4/test/test__20240904-14-55-14__9a84acb1.npz,27,RMDR,1,21,ASER,5,0,1,0.2,0.005200011655688286,1,0,82,1
20240904-14-55-14,/home/ubuntu/klb/nuclr/nuclr/Data/Dunn_001623/cv5_grouped_v1/fold_4/test/test__20240904-14-55-14__9a84acb1.npz,31,AFDL,1,34,AVHL,4,0,1,0.25,0.06432352215051651,0,0,34,0
20240904-14-55-14,/home/ubuntu/klb/nuclr/nuclr/Data/Dunn_001623/cv5_grouped_v1/fold_4/test/test__20240904-14-55-14__9a84acb1.npz,32,RIVR,1,78,RIVR,1,1,1,1.0,0.6958042979240417,0,1,78,1
20240904-14-55-14,/home/ubuntu/klb/nuclr/nuclr/Data/Dunn_001623/cv5_grouped_v1/fold_4/test/test__20240904-14-55-14__9a84acb1.npz,34,ADFR,1,7,ADFR,1,1,1,1.0,0.8396888971328735,0,1,7,1
20240904-14-55-14,/home/ubuntu/klb/nuclr/nuclr/Data/Dunn_001623/cv5_grouped_v1/fold_4/test/test__20240904-14-55-14__9a84acb1.npz,45,AVEL,1,11,AIBL,2,0,1,0.5,0.21338343620300293,0,0,11,0
20240904-14-55-14,/home/ubuntu/klb/nuclr/nuclr/Data/Dunn_001623/cv5_grouped_v1/fold_4/test/test__20240904-14-55-14__9a84acb1.npz,47,RMDDL,1,93,SIAR,47,0,0,0.02127659574468085,4.8058765300673656e-11,0,0,93,0
20240904-14-55-14,/home/ubuntu/klb/nuclr/nuclr/Data/Dunn_001623/cv5_grouped_v1/fold_4/test/test__20240904-14-55-14__9a84acb1.npz,52,ADFL,1,110,URXL,3,0,1,0.3333333333333333,0.013557365164160728,0,0,110,0
20240904-14-55-14,/home/ubuntu/klb/nuclr/nuclr/Data/Dunn_001623/cv5_grouped_v1/fold_4/test/test__20240904-14-55-14__9a84acb1.npz,58,AVAL,1,27,AVAL,1,1,1,1.0,0.9621742963790894,0,1,27,1
20240904-14-55-14,/home/ubuntu/klb/nuclr/nuclr/Data/Dunn_001623/cv5_grouped_v1/fold_4/test/test__20240904-14-55-14__9a84acb1.npz,62,SMDDR,1,103,SMDDR,1,1,1,1.0,0.9400433897972107,0,1,103,1
20240904-14-55-14,/home/ubuntu/klb/nuclr/nuclr/Data/Dunn_001623/cv5_grouped_v1/fold_4/test/test__20240904-14-55-14__9a84acb1.npz,63,URXL,1,6,ADFL,4,0,1,0.25,0.006708317436277866,0,0,45,0
20240904-14-55-14,/home/ubuntu/klb/nuclr/nuclr/Data/Dunn_001623/cv5_grouped_v1/fold_4/test/test__20240904-14-55-14__9a84acb1.npz,66,AVAR,1,28,AVAR,1,1,1,1.0,0.961933434009552,0,1,28,1
20240904-14-55-14,/home/ubuntu/klb/nuclr/nuclr/Data/Dunn_001623/cv5_grouped_v1/fold_4/test/test__20240904-14-55-14__9a84acb1.npz,69,RMDVL,1,83,RMDVL,1,1,1,1.0,0.9264296293258667,0,1,83,1
20240904-14-55-14,/home/ubuntu/klb/nuclr/nuclr/Data/Dunn_001623/cv5_grouped_v1/fold_4/test/test__20240904-14-55-14__9a84acb1.npz,77,RIVL,1,77,RIVL,1,1,1,1.0,0.91347736120224,0,1,77,1
20240904-14-55-14,/home/ubuntu/klb/nuclr/nuclr/Data/Dunn_001623/cv5_grouped_v1/fold_4/test/test__20240904-14-55-14__9a84acb1.npz,87,AWAR,1,41,AWAR,1,1,1,1.0,0.8692740201950073,0,1,41,1
20240904-14-55-14,/home/ubuntu/klb/nuclr/nuclr/Data/Dunn_001623/cv5_grouped_v1/fold_4/test/test__20240904-14-55-14__9a84acb1.npz,94,RIAR,1,71,RIAR,1,1,1,1.0,0.9481496810913086,0,1,71,1
20240904-14-55-14,/home/ubuntu/klb/nuclr/nuclr/Data/Dunn_001623/cv5_grouped_v1/fold_4/test/test__20240904-14-55-14__9a84acb1.npz,95,SAAVR,1,84,RMDVR,2,0,1,0.5,0.00011275318684056401,0,0,84,0
20240904-14-55-14,/home/ubuntu/klb/nuclr/nuclr/Data/Dunn_001623/cv5_grouped_v1/fold_4/test/test__20240904-14-55-14__9a84acb1.npz,96,RMDVR,1,90,SAAVR,2,0,1,0.5,0.02554183080792427,1,0,90,0
20240904-14-55-14,/home/ubuntu/klb/nuclr/nuclr/Data/Dunn_001623/cv5_grouped_v1/fold_4/test/test__20240904-14-55-14__9a84acb1.npz,97,AVER,1,12,AIBR,2,0,1,0.5,0.18499495089054108,0,0,12,0
20240904-14-55-14,/home/ubuntu/klb/nuclr/nuclr/Data/Dunn_001623/cv5_grouped_v1/fold_4/test/test__20240904-14-55-14__9a84acb1.npz,98,AFDR,1,10,AFDR,1,1,1,1.0,0.4197505712509155,1,0,23,0
20240904-15-32-57,/home/ubuntu/klb/nuclr/nuclr/Data/Dunn_001623/cv5_grouped_v1/fold_4/test/test__20240904-15-32-57__de09412e.npz,0,RMED,1,85,RMED,1,1,1,1.0,0.7539508938789368,0,1,85,1
20240904-15-32-57,/home/ubuntu/klb/nuclr/nuclr/Data/Dunn_001623/cv5_grouped_v1/fold_4/test/test__20240904-15-32-57__de09412e.npz,6,AVAR,1,28,AVAR,1,1,1,1.0,0.6424511075019836,0,1,28,1
20240904-15-32-57,/home/ubuntu/klb/nuclr/nuclr/Data/Dunn_001623/cv5_grouped_v1/fold_4/test/test__20240904-15-32-57__de09412e.npz,19,RIAL,1,70,RIAL,1,1,1,1.0,0.8790884017944336,0,1,70,1
20240904-15-32-57,/home/ubuntu/klb/nuclr/nuclr/Data/Dunn_001623/cv5_grouped_v1/fold_4/test/test__20240904-15-32-57__de09412e.npz,21,SMDVR,1,21,ASER,117,0,0,0.008547008547008548,1.4357911228608816e-16,1,0,21,0
20240904-15-32-57,/home/ubuntu/klb/nuclr/nuclr/Data/Dunn_001623/cv5_grouped_v1/fold_4/test/test__20240904-15-32-57__de09412e.npz,25,RID,1,78,RIVR,5,0,1,0.2,0.00010319225839339197,1,0,78,0
20240904-15-32-57,/home/ubuntu/klb/nuclr/nuclr/Data/Dunn_001623/cv5_grouped_v1/fold_4/test/test__20240904-15-32-57__de09412e.npz,26,ALA,1,19,ALA,1,1,1,1.0,0.9496396780014038,0,1,19,1
20240904-15-32-57,/home/ubuntu/klb/nuclr/nuclr/Data/Dunn_001623/cv5_grouped_v1/fold_4/test/test__20240904-15-32-57__de09412e.npz,29,RMDL,1,81,RMDL,1,1,1,1.0,0.8070458769798279,0,1,81,1
20240904-15-32-57,/home/ubuntu/klb/nuclr/nuclr/Data/Dunn_001623/cv5_grouped_v1/fold_4/test/test__20240904-15-32-57__de09412e.npz,54,SMDVL,1,104,SMDVL,1,1,1,1.0,0.64393550157547,0,1,104,1
20240904-15-32-57,/home/ubuntu/klb/nuclr/nuclr/Data/Dunn_001623/cv5_grouped_v1/fold_4/test/test__20240904-15-32-57__de09412e.npz,56,RIVL,1,78,RIVR,2,0,1,0.5,0.3785378932952881,0,0,77,1
20240904-15-32-57,/home/ubuntu/klb/nuclr/nuclr/Data/Dunn_001623/cv5_grouped_v1/fold_4/test/test__20240904-15-32-57__de09412e.npz,58,RMEV,1,88,RMEV,1,1,1,1.0,0.9553724527359009,0,1,88,1
20240904-15-32-57,/home/ubuntu/klb/nuclr/nuclr/Data/Dunn_001623/cv5_grouped_v1/fold_4/test/test__20240904-15-32-57__de09412e.npz,70,RMDVL,1,83,RMDVL,1,1,1,1.0,0.8080713152885437,0,1,83,1
20240904-15-32-57,/home/ubuntu/klb/nuclr/nuclr/Data/Dunn_001623/cv5_grouped_v1/fold_4/test/test__20240904-15-32-57__de09412e.npz,72,AVAL,1,27,AVAL,1,1,1,1.0,0.8780080080032349,0,1,27,1
20240904-15-32-57,/home/ubuntu/klb/nuclr/nuclr/Data/Dunn_001623/cv5_grouped_v1/fold_4/test/test__20240904-15-32-57__de09412e.npz,83,ADFL,1,37,AVJR,4,0,1,0.25,0.006882214453071356,1,0,37,0
20240904-15-32-57,/home/ubuntu/klb/nuclr/nuclr/Data/Dunn_001623/cv5_grouped_v1/fold_4/test/test__20240904-15-32-57__de09412e.npz,87,SAAVR,1,37,AVJR,11,0,0,0.09090909090909091,0.00026160242850892246,1,0,15,0
20240904-15-32-57,/home/ubuntu/klb/nuclr/nuclr/Data/Dunn_001623/cv5_grouped_v1/fold_4/test/test__20240904-15-32-57__de09412e.npz,88,RMDVR,1,84,RMDVR,1,1,1,1.0,0.7739365100860596,0,1,84,1
20240904-15-32-57,/home/ubuntu/klb/nuclr/nuclr/Data/Dunn_001623/cv5_grouped_v1/fold_4/test/test__20240904-15-32-57__de09412e.npz,96,SAAVL,1,89,SAAVL,1,1,1,1.0,0.3275471031665802,0,1,89,1
20240904-15-32-57,/home/ubuntu/klb/nuclr/nuclr/Data/Dunn_001623/cv5_grouped_v1/fold_4/test/test__20240904-15-32-57__de09412e.npz,97,AWAL,1,40,AWAL,1,1,1,1.0,0.7932826280593872,0,1,40,1
20240904-16-51-21,/home/ubuntu/klb/nuclr/nuclr/Data/Dunn_001623/cv5_grouped_v1/fold_4/test/test__20240904-16-51-21__8823f6ed.npz,0,AVAL,1,27,AVAL,1,1,1,1.0,0.964114785194397,0,1,27,1
20240904-16-51-21,/home/ubuntu/klb/nuclr/nuclr/Data/Dunn_001623/cv5_grouped_v1/fold_4/test/test__20240904-16-51-21__8823f6ed.npz,3,RMEV,1,88,RMEV,1,1,1,1.0,0.9636115431785583,0,1,88,1
20240904-16-51-21,/home/ubuntu/klb/nuclr/nuclr/Data/Dunn_001623/cv5_grouped_v1/fold_4/test/test__20240904-16-51-21__8823f6ed.npz,6,SMDVL,1,104,SMDVL,1,1,1,1.0,0.9636410474777222,0,1,104,1
20240904-16-51-21,/home/ubuntu/klb/nuclr/nuclr/Data/Dunn_001623/cv5_grouped_v1/fold_4/test/test__20240904-16-51-21__8823f6ed.npz,7,RIVL,1,77,RIVL,1,1,1,1.0,0.9634926319122314,0,1,77,1
20240904-16-51-21,/home/ubuntu/klb/nuclr/nuclr/Data/Dunn_001623/cv5_grouped_v1/fold_4/test/test__20240904-16-51-21__8823f6ed.npz,11,AVEL,1,32,AVEL,1,1,1,1.0,0.6235737800598145,0,1,32,1
20240904-16-51-21,/home/ubuntu/klb/nuclr/nuclr/Data/Dunn_001623/cv5_grouped_v1/fold_4/test/test__20240904-16-51-21__8823f6ed.npz,21,RID,1,74,RID,1,1,1,1.0,0.9603597521781921,0,1,74,1
20240904-16-51-21,/home/ubuntu/klb/nuclr/nuclr/Data/Dunn_001623/cv5_grouped_v1/fold_4/test/test__20240904-16-51-21__8823f6ed.npz,27,URXL,1,45,CEPDL,2,0,1,0.5,0.23292338848114014,0,0,45,0
20240904-16-51-21,/home/ubuntu/klb/nuclr/nuclr/Data/Dunn_001623/cv5_grouped_v1/fold_4/test/test__20240904-16-51-21__8823f6ed.npz,29,ADFL,1,25,ASKL,2,0,1,0.5,0.4062715470790863,0,0,25,0
20240904-16-51-21,/home/ubuntu/klb/nuclr/nuclr/Data/Dunn_001623/cv5_grouped_v1/fold_4/test/test__20240904-16-51-21__8823f6ed.npz,31,ALA,1,19,ALA,1,1,1,1.0,0.9366885423660278,0,1,19,1
20240904-16-51-21,/home/ubuntu/klb/nuclr/nuclr/Data/Dunn_001623/cv5_grouped_v1/fold_4/test/test__20240904-16-51-21__8823f6ed.npz,37,AVAR,1,28,AVAR,1,1,1,1.0,0.9643037915229797,0,1,28,1
20240904-16-51-21,/home/ubuntu/klb/nuclr/nuclr/Data/Dunn_001623/cv5_grouped_v1/fold_4/test/test__20240904-16-51-21__8823f6ed.npz,38,RMDVL,1,83,RMDVL,1,1,1,1.0,0.9368484020233154,0,1,83,1
20240904-16-51-21,/home/ubuntu/klb/nuclr/nuclr/Data/Dunn_001623/cv5_grouped_v1/fold_4/test/test__20240904-16-51-21__8823f6ed.npz,45,RMDR,1,82,RMDR,1,1,1,1.0,0.930446982383728,0,1,82,1
20240904-16-51-21,/home/ubuntu/klb/nuclr/nuclr/Data/Dunn_001623/cv5_grouped_v1/fold_4/test/test__20240904-16-51-21__8823f6ed.npz,65,RMED,1,85,RMED,1,1,1,1.0,0.6370666027069092,0,1,85,1
20240904-16-51-21,/home/ubuntu/klb/nuclr/nuclr/Data/Dunn_001623/cv5_grouped_v1/fold_4/test/test__20240904-16-51-21__8823f6ed.npz,67,SMDDL,1,103,SMDDR,4,0,1,0.25,2.0698415028164163e-05,0,0,103,0
20240904-16-51-21,/home/ubuntu/klb/nuclr/nuclr/Data/Dunn_001623/cv5_grouped_v1/fold_4/test/test__20240904-16-51-21__8823f6ed.npz,70,RMDDL,1,81,RMDL,6,0,0,0.16666666666666666,5.3348965593613684e-05,0,0,81,0
20240904-16-51-21,/home/ubuntu/klb/nuclr/nuclr/Data/Dunn_001623/cv5_grouped_v1/fold_4/test/test__20240904-16-51-21__8823f6ed.npz,73,AVER,1,33,AVER,1,1,1,1.0,0.8889392018318176,0,1,33,1
20240904-16-51-21,/home/ubuntu/klb/nuclr/nuclr/Data/Dunn_001623/cv5_grouped_v1/fold_4/test/test__20240904-16-51-21__8823f6ed.npz,79,RMDVR,1,84,RMDVR,1,1,1,1.0,0.9634507894515991,0,1,84,1
20240904-16-51-21,/home/ubuntu/klb/nuclr/nuclr/Data/Dunn_001623/cv5_grouped_v1/fold_4/test/test__20240904-16-51-21__8823f6ed.npz,82,RIAL,1,70,RIAL,1,1,1,1.0,0.9218459725379944,0,1,70,1
20240904-16-51-21,/home/ubuntu/klb/nuclr/nuclr/Data/Dunn_001623/cv5_grouped_v1/fold_4/test/test__20240904-16-51-21__8823f6ed.npz,95,SMDDR,1,102,SMDDL,28,0,0,0.03571428571428571,8.113774896401083e-08,0,0,91,0
20240904-16-51-21,/home/ubuntu/klb/nuclr/nuclr/Data/Dunn_001623/cv5_grouped_v1/fold_4/test/test__20240904-16-51-21__8823f6ed.npz,101,SMDVR,1,105,SMDVR,1,1,1,1.0,0.9612590670585632,0,1,105,1
20240904-16-51-21,/home/ubuntu/klb/nuclr/nuclr/Data/Dunn_001623/cv5_grouped_v1/fold_4/test/test__20240904-16-51-21__8823f6ed.npz,104,AFDL,1,8,AFDL,1,1,1,1.0,0.5668814778327942,0,1,8,1
20240904-16-51-21,/home/ubuntu/klb/nuclr/nuclr/Data/Dunn_001623/cv5_grouped_v1/fold_4/test/test__20240904-16-51-21__8823f6ed.npz,106,RIAR,1,90,SAAVR,3,0,1,0.3333333333333333,0.012294714339077473,0,0,90,0
20240904-16-51-21,/home/ubuntu/klb/nuclr/nuclr/Data/Dunn_001623/cv5_grouped_v1/fold_4/test/test__20240904-16-51-21__8823f6ed.npz,107,AWAL,1,22,ASGL,4,0,1,0.25,0.03573227673768997,0,0,22,0
20240917-20-52-20,/home/ubuntu/klb/nuclr/nuclr/Data/Dunn_001623/cv5_grouped_v1/fold_4/test/test__20240917-20-52-20__675c5b3a.npz,3,RMEV,1,88,RMEV,1,1,1,1.0,0.8355548977851868,0,1,88,1
20240917-20-52-20,/home/ubuntu/klb/nuclr/nuclr/Data/Dunn_001623/cv5_grouped_v1/fold_4/test/test__20240917-20-52-20__675c5b3a.npz,5,SMDDL,1,103,SMDDR,2,0,1,0.5,0.05208982527256012,0,0,103,0
20240917-20-52-20,/home/ubuntu/klb/nuclr/nuclr/Data/Dunn_001623/cv5_grouped_v1/fold_4/test/test__20240917-20-52-20__675c5b3a.npz,6,AVAR,1,28,AVAR,1,1,1,1.0,0.9591180086135864,0,1,28,1
20240917-20-52-20,/home/ubuntu/klb/nuclr/nuclr/Data/Dunn_001623/cv5_grouped_v1/fold_4/test/test__20240917-20-52-20__675c5b3a.npz,10,URXR,1,112,URXVR,2,0,1,0.5,0.04544837400317192,1,0,112,0
20240917-20-52-20,/home/ubuntu/klb/nuclr/nuclr/Data/Dunn_001623/cv5_grouped_v1/fold_4/test/test__20240917-20-52-20__675c5b3a.npz,15,RMDDL,1,102,SMDDL,3,0,1,0.3333333333333333,0.003480122424662113,0,0,102,0
20240917-20-52-20,/home/ubuntu/klb/nuclr/nuclr/Data/Dunn_001623/cv5_grouped_v1/fold_4/test/test__20240917-20-52-20__675c5b3a.npz,16,SMDVL,1,104,SMDVL,1,1,1,1.0,0.9603933691978455,0,1,104,1
20240917-20-52-20,/home/ubuntu/klb/nuclr/nuclr/Data/Dunn_001623/cv5_grouped_v1/fold_4/test/test__20240917-20-52-20__675c5b3a.npz,17,ALA,1,19,ALA,1,1,1,1.0,0.9573975801467896,0,1,19,1
20240917-20-52-20,/home/ubuntu/klb/nuclr/nuclr/Data/Dunn_001623/cv5_grouped_v1/fold_4/test/test__20240917-20-52-20__675c5b3a.npz,21,SMDVR,1,105,SMDVR,1,1,1,1.0,0.9589121341705322,0,1,105,1
20240917-20-52-20,/home/ubuntu/klb/nuclr/nuclr/Data/Dunn_001623/cv5_grouped_v1/fold_4/test/test__20240917-20-52-20__675c5b3a.npz,23,AVER,1,12,AIBR,2,0,1,0.5,0.09585537016391754,0,0,12,0
20240917-20-52-20,/home/ubuntu/klb/nuclr/nuclr/Data/Dunn_001623/cv5_grouped_v1/fold_4/test/test__20240917-20-52-20__675c5b3a.npz,32,RMDVL,1,83,RMDVL,1,1,1,1.0,0.9403108954429626,0,1,83,1
20240917-20-52-20,/home/ubuntu/klb/nuclr/nuclr/Data/Dunn_001623/cv5_grouped_v1/fold_4/test/test__20240917-20-52-20__675c5b3a.npz,33,AVAL,1,27,AVAL,1,1,1,1.0,0.9607736468315125,0,1,27,1
20240917-20-52-20,/home/ubuntu/klb/nuclr/nuclr/Data/Dunn_001623/cv5_grouped_v1/fold_4/test/test__20240917-20-52-20__675c5b3a.npz,35,RIVL,1,77,RIVL,1,1,1,1.0,0.960697591304779,0,1,77,1
20240917-20-52-20,/home/ubuntu/klb/nuclr/nuclr/Data/Dunn_001623/cv5_grouped_v1/fold_4/test/test__20240917-20-52-20__675c5b3a.npz,38,AWAL,1,40,AWAL,1,1,1,1.0,0.8687240481376648,0,1,40,1
20240917-20-52-20,/home/ubuntu/klb/nuclr/nuclr/Data/Dunn_001623/cv5_grouped_v1/fold_4/test/test__20240917-20-52-20__675c5b3a.npz,44,AWBL,0,34,AVHL,,0,0,0.0,,0,0,34,0
20240917-20-52-20,/home/ubuntu/klb/nuclr/nuclr/Data/Dunn_001623/cv5_grouped_v1/fold_4/test/test__20240917-20-52-20__675c5b3a.npz,45,AFDR,1,15,AINR,3,0,1,0.3333333333333333,0.07079464197158813,0,0,15,0
20240917-20-52-20,/home/ubuntu/klb/nuclr/nuclr/Data/Dunn_001623/cv5_grouped_v1/fold_4/test/test__20240917-20-52-20__675c5b3a.npz,47,RMED,1,85,RMED,1,1,1,1.0,0.6544297337532043,0,1,85,1
20240917-20-52-20,/home/ubuntu/klb/nuclr/nuclr/Data/Dunn_001623/cv5_grouped_v1/fold_4/test/test__20240917-20-52-20__675c5b3a.npz,49,RIAL,1,70,RIAL,1,1,1,1.0,0.919946551322937,0,1,70,1
20240917-20-52-20,/home/ubuntu/klb/nuclr/nuclr/Data/Dunn_001623/cv5_grouped_v1/fold_4/test/test__20240917-20-52-20__675c5b3a.npz,50,RID,1,74,RID,1,1,1,1.0,0.9436833262443542,0,1,74,1
20240917-20-52-20,/home/ubuntu/klb/nuclr/nuclr/Data/Dunn_001623/cv5_grouped_v1/fold_4/test/test__20240917-20-52-20__675c5b3a.npz,56,RMDL,1,81,RMDL,1,1,1,1.0,0.9572132229804993,0,1,81,1
20240917-20-52-20,/home/ubuntu/klb/nuclr/nuclr/Data/Dunn_001623/cv5_grouped_v1/fold_4/test/test__20240917-20-52-20__675c5b3a.npz,57,RMDR,1,21,ASER,36,0,0,0.027777777777777776,3.4531863093434367e-06,0,0,37,0
20240917-20-52-20,/home/ubuntu/klb/nuclr/nuclr/Data/Dunn_001623/cv5_grouped_v1/fold_4/test/test__20240917-20-52-20__675c5b3a.npz,71,AVEL,1,32,AVEL,1,1,1,1.0,0.914966344833374,0,1,32,1
20230322-20-16-50,/home/ubuntu/klb/nuclr/nuclr/Data/Dunn_001623/cv5_grouped_v1/fold_4/test/train__20230322-20-16-50__ca407999.npz,0,SMDDL,1,91,SIADL,8,0,0,0.125,0.004199936520308256,1,0,29,0
20230322-20-16-50,/home/ubuntu/klb/nuclr/nuclr/Data/Dunn_001623/cv5_grouped_v1/fold_4/test/train__20230322-20-16-50__ca407999.npz,3,RMED,1,85,RMED,1,1,1,1.0,0.5727270841598511,0,1,85,1
20230322-20-16-50,/home/ubuntu/klb/nuclr/nuclr/Data/Dunn_001623/cv5_grouped_v1/fold_4/test/train__20230322-20-16-50__ca407999.npz,5,SMDVL,1,104,SMDVL,1,1,1,1.0,0.960935115814209,0,1,104,1
20230322-20-16-50,/home/ubuntu/klb/nuclr/nuclr/Data/Dunn_001623/cv5_grouped_v1/fold_4/test/train__20230322-20-16-50__ca407999.npz,7,RMEL,1,86,RMEL,1,1,1,1.0,0.9042378664016724,0,1,86,1
20230322-20-16-50,/home/ubuntu/klb/nuclr/nuclr/Data/Dunn_001623/cv5_grouped_v1/fold_4/test/train__20230322-20-16-50__ca407999.npz,8,AVEL,1,9,AFDL?,5,0,1,0.2,0.0027625563088804483,0,0,9,0
20230322-20-16-50,/home/ubuntu/klb/nuclr/nuclr/Data/Dunn_001623/cv5_grouped_v1/fold_4/test/train__20230322-20-16-50__ca407999.npz,10,OLLL,1,63,OLLL,1,1,1,1.0,0.928651750087738,0,1,63,1
20230322-20-16-50,/home/ubuntu/klb/nuclr/nuclr/Data/Dunn_001623/cv5_grouped_v1/fold_4/test/train__20230322-20-16-50__ca407999.npz,12,RMER,1,87,RMER,1,1,1,1.0,0.9596891403198242,0,1,87,1
20230322-20-16-50,/home/ubuntu/klb/nuclr/nuclr/Data/Dunn_001623/cv5_grouped_v1/fold_4/test/train__20230322-20-16-50__ca407999.npz,24,FLPL,1,30,AVDL,2,0,1,0.5,0.15772534906864166,1,0,48,1
20230322-20-16-50,/home/ubuntu/klb/nuclr/nuclr/Data/Dunn_001623/cv5_grouped_v1/fold_4/test/train__20230322-20-16-50__ca407999.npz,26,RMDDR,1,101,SMBVR,13,0,0,0.07692307692307693,0.0016593296313658357,1,0,101,0
20230322-20-16-50,/home/ubuntu/klb/nuclr/nuclr/Data/Dunn_001623/cv5_grouped_v1/fold_4/test/train__20230322-20-16-50__ca407999.npz,31,ASGL,1,6,ADFL,8,0,0,0.125,0.0006247978890314698,0,0,6,0
20230322-20-16-50,/home/ubuntu/klb/nuclr/nuclr/Data/Dunn_001623/cv5_grouped_v1/fold_4/test/train__20230322-20-16-50__ca407999.npz,33,RMDL,1,22,ASGL,6,0,0,0.16666666666666666,0.008608871139585972,1,0,22,0
20230322-20-16-50,/home/ubuntu/klb/nuclr/nuclr/Data/Dunn_001623/cv5_grouped_v1/fold_4/test/train__20230322-20-16-50__ca407999.npz,37,ADEL,1,2,ADAL,46,0,0,0.021739130434782608,3.780766064664931e-07,0,0,2,0
20230322-20-16-50,/home/ubuntu/klb/nuclr/nuclr/Data/Dunn_001623/cv5_grouped_v1/fold_4/test/train__20230322-20-16-50__ca407999.npz,40,AVAL,1,27,AVAL,1,1,1,1.0,0.962415337562561,0,1,27,1
20230322-20-16-50,/home/ubuntu/klb/nuclr/nuclr/Data/Dunn_001623/cv5_grouped_v1/fold_4/test/train__20230322-20-16-50__ca407999.npz,43,IL1L,1,52,IL1L,1,1,1,1.0,0.4948553144931793,0,1,52,1
20230322-20-16-50,/home/ubuntu/klb/nuclr/nuclr/Data/Dunn_001623/cv5_grouped_v1/fold_4/test/train__20230322-20-16-50__ca407999.npz,45,RMDVL,1,83,RMDVL,1,1,1,1.0,0.8345297574996948,0,1,83,1
20230322-20-16-50,/home/ubuntu/klb/nuclr/nuclr/Data/Dunn_001623/cv5_grouped_v1/fold_4/test/train__20230322-20-16-50__ca407999.npz,48,URXL,1,45,CEPDL,4,0,1,0.25,0.034808121621608734,0,0,45,0
20230322-20-16-50,/home/ubuntu/klb/nuclr/nuclr/Data/Dunn_001623/cv5_grouped_v1/fold_4/test/train__20230322-20-16-50__ca407999.npz,49,AVDL,1,72,RIBL,18,0,0,0.05555555555555555,2.6990712285623886e-05,0,0,72,0
20230322-20-16-50,/home/ubuntu/klb/nuclr/nuclr/Data/Dunn_001623/cv5_grouped_v1/fold_4/test/train__20230322-20-16-50__ca407999.npz,55,ALA,1,19,ALA,1,1,1,1.0,0.44270068407058716,0,1,110,0
20230322-20-16-50,/home/ubuntu/klb/nuclr/nuclr/Data/Dunn_001623/cv5_grouped_v1/fold_4/test/train__20230322-20-16-50__ca407999.npz,57,AIYR,1,49,FLPR,14,0,0,0.07142857142857142,0.0026263887993991375,0,0,49,0
20230322-20-16-50,/home/ubuntu/klb/nuclr/nuclr/Data/Dunn_001623/cv5_grouped_v1/fold_4/test/train__20230322-20-16-50__ca407999.npz,58,OLQDL,1,65,OLQDL,1,1,1,1.0,0.881511390209198,0,1,65,1
20230322-20-16-50,/home/ubuntu/klb/nuclr/nuclr/Data/Dunn_001623/cv5_grouped_v1/fold_4/test/train__20230322-20-16-50__ca407999.npz,62,RMEV,1,88,RMEV,1,1,1,1.0,0.9627605080604553,0,1,88,1
20230322-20-16-50,/home/ubuntu/klb/nuclr/nuclr/Data/Dunn_001623/cv5_grouped_v1/fold_4/test/train__20230322-20-16-50__ca407999.npz,63,URXR,1,19,ALA,3,0,1,0.3333333333333333,0.09267601370811462,0,0,19,0
20230322-20-16-50,/home/ubuntu/klb/nuclr/nuclr/Data/Dunn_001623/cv5_grouped_v1/fold_4/test/train__20230322-20-16-50__ca407999.npz,70,ADAL,1,20,AQR,4,0,1,0.25,0.0779021680355072,1,0,71,0
20230322-20-16-50,/home/ubuntu/klb/nuclr/nuclr/Data/Dunn_001623/cv5_grouped_v1/fold_4/test/train__20230322-20-16-50__ca407999.npz,77,M1,1,30,AVDL,2,0,1,0.5,0.26175233721733093,1,0,30,0
20230322-20-16-50,/home/ubuntu/klb/nuclr/nuclr/Data/Dunn_001623/cv5_grouped_v1/fold_4/test/train__20230322-20-16-50__ca407999.npz,78,AQR,1,20,AQR,1,1,1,1.0,0.2749762535095215,1,0,20,1
20230322-20-16-50,/home/ubuntu/klb/nuclr/nuclr/Data/Dunn_001623/cv5_grouped_v1/fold_4/test/train__20230322-20-16-50__ca407999.npz,87,OLQR,0,109,URBR,,0,0,0.0,,1,0,109,0
20230322-20-16-50,/home/ubuntu/klb/nuclr/nuclr/Data/Dunn_001623/cv5_grouped_v1/fold_4/test/train__20230322-20-16-50__ca407999.npz,102,AINL,1,17,AIZL,2,0,1,0.5,0.11335439234972,0,0,17,0
20230322-20-16-50,/home/ubuntu/klb/nuclr/nuclr/Data/Dunn_001623/cv5_grouped_v1/fold_4/test/train__20230322-20-16-50__ca407999.npz,105,ASEL,0,22,ASGL,,0,0,0.0,,0,0,40,0
20230322-20-16-50,/home/ubuntu/klb/nuclr/nuclr/Data/Dunn_001623/cv5_grouped_v1/fold_4/test/train__20230322-20-16-50__ca407999.npz,113,RIAL,1,70,RIAL,1,1,1,1.0,0.9507879018783569,0,1,70,1
20230322-20-16-50,/home/ubuntu/klb/nuclr/nuclr/Data/Dunn_001623/cv5_grouped_v1/fold_4/test/train__20230322-20-16-50__ca407999.npz,114,ASKL,1,89,SAAVL,2,0,1,0.5,0.1664080023765564,0,0,89,0
20230322-20-16-50,/home/ubuntu/klb/nuclr/nuclr/Data/Dunn_001623/cv5_grouped_v1/fold_4/test/train__20230322-20-16-50__ca407999.npz,115,ADLL,0,36,AVJL,,0,0,0.0,,1,0,36,0
20230322-21-09-13,/home/ubuntu/klb/nuclr/nuclr/Data/Dunn_001623/cv5_grouped_v1/fold_4/test/train__20230322-21-09-13__96dcc1e2.npz,1,AVAL,1,27,AVAL,1,1,1,1.0,0.9637923836708069,0,1,27,1
20230322-21-09-13,/home/ubuntu/klb/nuclr/nuclr/Data/Dunn_001623/cv5_grouped_v1/fold_4/test/train__20230322-21-09-13__96dcc1e2.npz,13,SMDVL,1,104,SMDVL,1,1,1,1.0,0.9638328552246094,0,1,104,1
20230322-21-09-13,/home/ubuntu/klb/nuclr/nuclr/Data/Dunn_001623/cv5_grouped_v1/fold_4/test/train__20230322-21-09-13__96dcc1e2.npz,36,RMDVL,1,83,RMDVL,1,1,1,1.0,0.9618618488311768,0,1,83,1
20230322-21-09-13,/home/ubuntu/klb/nuclr/nuclr/Data/Dunn_001623/cv5_grouped_v1/fold_4/test/train__20230322-21-09-13__96dcc1e2.npz,64,RIAL,1,70,RIAL,1,1,1,1.0,0.38907063007354736,0,1,70,1
20230506-13-32-08,/home/ubuntu/klb/nuclr/nuclr/Data/Dunn_001623/cv5_grouped_v1/fold_4/test/train__20230506-13-32-08__24b0f96a.npz,7,AFDR,1,10,AFDR,1,1,1,1.0,0.9463841915130615,0,1,10,1
20230506-13-32-08,/home/ubuntu/klb/nuclr/nuclr/Data/Dunn_001623/cv5_grouped_v1/fold_4/test/train__20230506-13-32-08__24b0f96a.npz,12,RMDVR,1,84,RMDVR,1,1,1,1.0,0.4844481647014618,0,1,84,1
20230506-13-32-08,/home/ubuntu/klb/nuclr/nuclr/Data/Dunn_001623/cv5_grouped_v1/fold_4/test/train__20230506-13-32-08__24b0f96a.npz,13,ALA,1,19,ALA,1,1,1,1.0,0.9319384694099426,0,1,19,1
20230506-13-32-08,/home/ubuntu/klb/nuclr/nuclr/Data/Dunn_001623/cv5_grouped_v1/fold_4/test/train__20230506-13-32-08__24b0f96a.npz,14,RMEV,1,73,RIBR,46,0,0,0.021739130434782608,5.54466650370955e-09,0,0,73,0
20230506-13-32-08,/home/ubuntu/klb/nuclr/nuclr/Data/Dunn_001623/cv5_grouped_v1/fold_4/test/train__20230506-13-32-08__24b0f96a.npz,21,OLQVR,1,68,OLQVR,1,1,1,1.0,0.5493148565292358,0,1,68,1
20230506-13-32-08,/home/ubuntu/klb/nuclr/nuclr/Data/Dunn_001623/cv5_grouped_v1/fold_4/test/train__20230506-13-32-08__24b0f96a.npz,25,SMDVR,1,78,RIVR,3,0,1,0.3333333333333333,0.004245883319526911,0,0,78,0
20230506-13-32-08,/home/ubuntu/klb/nuclr/nuclr/Data/Dunn_001623/cv5_grouped_v1/fold_4/test/train__20230506-13-32-08__24b0f96a.npz,27,RMED,1,65,OLQDL,7,0,0,0.14285714285714285,0.01159432902932167,0,0,65,0
20230506-13-32-08,/home/ubuntu/klb/nuclr/nuclr/Data/Dunn_001623/cv5_grouped_v1/fold_4/test/train__20230506-13-32-08__24b0f96a.npz,45,RMER,1,87,RMER,1,1,1,1.0,0.9563575983047485,0,1,87,1
20230506-13-32-08,/home/ubuntu/klb/nuclr/nuclr/Data/Dunn_001623/cv5_grouped_v1/fold_4/test/train__20230506-13-32-08__24b0f96a.npz,48,AVER,1,33,AVER,1,1,1,1.0,0.9546844959259033,0,1,33,1
20230506-13-32-08,/home/ubuntu/klb/nuclr/nuclr/Data/Dunn_001623/cv5_grouped_v1/fold_4/test/train__20230506-13-32-08__24b0f96a.npz,50,SMBVR,1,92,SIADR,5,0,1,0.2,0.017281003296375275,0,0,92,0
20230506-13-32-08,/home/ubuntu/klb/nuclr/nuclr/Data/Dunn_001623/cv5_grouped_v1/fold_4/test/train__20230506-13-32-08__24b0f96a.npz,51,CEPVR,1,47,CEPVR,1,1,1,1.0,0.4830019176006317,0,1,47,1
20230506-13-32-08,/home/ubuntu/klb/nuclr/nuclr/Data/Dunn_001623/cv5_grouped_v1/fold_4/test/train__20230506-13-32-08__24b0f96a.npz,53,SMDVL,1,70,RIAL,5,0,1,0.2,0.024647489190101624,0,0,70,0
20230506-13-32-08,/home/ubuntu/klb/nuclr/nuclr/Data/Dunn_001623/cv5_grouped_v1/fold_4/test/train__20230506-13-32-08__24b0f96a.npz,61,AVAR,1,28,AVAR,1,1,1,1.0,0.9611606001853943,0,1,28,1
20230506-13-32-08,/home/ubuntu/klb/nuclr/nuclr/Data/Dunn_001623/cv5_grouped_v1/fold_4/test/train__20230506-13-32-08__24b0f96a.npz,64,SMDDR,1,48,FLPL,85,0,0,0.011764705882352941,6.072733427231469e-10,1,0,91,0
20230506-13-32-08,/home/ubuntu/klb/nuclr/nuclr/Data/Dunn_001623/cv5_grouped_v1/fold_4/test/train__20230506-13-32-08__24b0f96a.npz,69,AVAL,1,27,AVAL,1,1,1,1.0,0.9382535219192505,0,1,27,1
20230506-13-32-08,/home/ubuntu/klb/nuclr/nuclr/Data/Dunn_001623/cv5_grouped_v1/fold_4/test/train__20230506-13-32-08__24b0f96a.npz,74,RIVR,1,15,AINR,57,0,0,0.017543859649122806,8.899582581989307e-08,0,0,15,0
20230506-14-24-57,/home/ubuntu/klb/nuclr/nuclr/Data/Dunn_001623/cv5_grouped_v1/fold_4/test/train__20230506-14-24-57__cf346a72.npz,3,AVAL,1,27,AVAL,1,1,1,1.0,0.9566352963447571,0,1,27,1
20230506-14-24-57,/home/ubuntu/klb/nuclr/nuclr/Data/Dunn_001623/cv5_grouped_v1/fold_4/test/train__20230506-14-24-57__cf346a72.npz,4,ADAL,1,20,AQR,8,0,0,0.125,0.0052694156765937805,1,0,18,0
20230506-14-24-57,/home/ubuntu/klb/nuclr/nuclr/Data/Dunn_001623/cv5_grouped_v1/fold_4/test/train__20230506-14-24-57__cf346a72.npz,5,OLQDL,1,65,OLQDL,1,1,1,1.0,0.7086204290390015,0,1,65,1
20230506-14-24-57,/home/ubuntu/klb/nuclr/nuclr/Data/Dunn_001623/cv5_grouped_v1/fold_4/test/train__20230506-14-24-57__cf346a72.npz,6,RIVL,1,77,RIVL,1,1,1,1.0,0.50538170337677,0,1,77,1
20230506-14-24-57,/home/ubuntu/klb/nuclr/nuclr/Data/Dunn_001623/cv5_grouped_v1/fold_4/test/train__20230506-14-24-57__cf346a72.npz,8,OLLL,1,63,OLLL,1,1,1,1.0,0.8614901304244995,0,1,63,1
20230506-14-24-57,/home/ubuntu/klb/nuclr/nuclr/Data/Dunn_001623/cv5_grouped_v1/fold_4/test/train__20230506-14-24-57__cf346a72.npz,12,OLQVL,1,67,OLQVL,1,1,1,1.0,0.6550309062004089,0,1,67,1
20230506-14-24-57,/home/ubuntu/klb/nuclr/nuclr/Data/Dunn_001623/cv5_grouped_v1/fold_4/test/train__20230506-14-24-57__cf346a72.npz,16,AFDL,1,10,AFDR,25,0,0,0.04,4.6390761099246447e-07,0,0,10,0
20230506-14-24-57,/home/ubuntu/klb/nuclr/nuclr/Data/Dunn_001623/cv5_grouped_v1/fold_4/test/train__20230506-14-24-57__cf346a72.npz,17,RIML,1,76,RIMR,6,0,0,0.16666666666666666,0.00037747141323052347,0,0,76,0
20230506-14-24-57,/home/ubuntu/klb/nuclr/nuclr/Data/Dunn_001623/cv5_grouped_v1/fold_4/test/train__20230506-14-24-57__cf346a72.npz,18,RMEV,1,88,RMEV,1,1,1,1.0,0.9000828266143799,0,1,88,1
20230506-14-24-57,/home/ubuntu/klb/nuclr/nuclr/Data/Dunn_001623/cv5_grouped_v1/fold_4/test/train__20230506-14-24-57__cf346a72.npz,21,RMDDR,1,100,SMBVL,10,0,0,0.1,0.0004521034425124526,0,0,100,0
20230506-14-24-57,/home/ubuntu/klb/nuclr/nuclr/Data/Dunn_001623/cv5_grouped_v1/fold_4/test/train__20230506-14-24-57__cf346a72.npz,22,RMED,1,85,RMED,1,1,1,1.0,0.756156325340271,0,1,85,1
20230506-14-24-57,/home/ubuntu/klb/nuclr/nuclr/Data/Dunn_001623/cv5_grouped_v1/fold_4/test/train__20230506-14-24-57__cf346a72.npz,24,SIAVL,1,39,AVL,22,0,0,0.045454545454545456,0.0015218410408124328,1,0,1,0
20230506-14-24-57,/home/ubuntu/klb/nuclr/nuclr/Data/Dunn_001623/cv5_grouped_v1/fold_4/test/train__20230506-14-24-57__cf346a72.npz,26,SMDDR,1,91,SIADL,30,0,0,0.03333333333333333,3.2386338943979354e-07,0,0,91,0
20230506-14-24-57,/home/ubuntu/klb/nuclr/nuclr/Data/Dunn_001623/cv5_grouped_v1/fold_4/test/train__20230506-14-24-57__cf346a72.npz,27,AIBL,1,32,AVEL,4,0,1,0.25,0.01785873807966709,0,0,32,0
20230506-14-24-57,/home/ubuntu/klb/nuclr/nuclr/Data/Dunn_001623/cv5_grouped_v1/fold_4/test/train__20230506-14-24-57__cf346a72.npz,28,RMER,1,87,RMER,1,1,1,1.0,0.7740939259529114,0,1,87,1
20230506-14-24-57,/home/ubuntu/klb/nuclr/nuclr/Data/Dunn_001623/cv5_grouped_v1/fold_4/test/train__20230506-14-24-57__cf346a72.npz,29,URYVL,1,52,IL1L,2,0,1,0.5,0.11635191738605499,0,0,52,0
20230506-14-24-57,/home/ubuntu/klb/nuclr/nuclr/Data/Dunn_001623/cv5_grouped_v1/fold_4/test/train__20230506-14-24-57__cf346a72.npz,32,ALA,1,19,ALA,1,1,1,1.0,0.9518798589706421,0,1,19,1
20230506-14-24-57,/home/ubuntu/klb/nuclr/nuclr/Data/Dunn_001623/cv5_grouped_v1/fold_4/test/train__20230506-14-24-57__cf346a72.npz,33,SMDVL,1,104,SMDVL,1,1,1,1.0,0.8910934925079346,0,1,104,1
20230506-14-24-57,/home/ubuntu/klb/nuclr/nuclr/Data/Dunn_001623/cv5_grouped_v1/fold_4/test/train__20230506-14-24-57__cf346a72.npz,34,RMDL,1,70,RIAL,2,0,1,0.5,0.1605757474899292,0,0,70,0
20230506-14-24-57,/home/ubuntu/klb/nuclr/nuclr/Data/Dunn_001623/cv5_grouped_v1/fold_4/test/train__20230506-14-24-57__cf346a72.npz,38,AFDR,1,89,SAAVL,57,0,0,0.017543859649122806,3.531946057237084e-13,0,0,89,0
20230506-14-24-57,/home/ubuntu/klb/nuclr/nuclr/Data/Dunn_001623/cv5_grouped_v1/fold_4/test/train__20230506-14-24-57__cf346a72.npz,41,RMDVL,1,83,RMDVL,1,1,1,1.0,0.9588466882705688,0,1,83,1
20230506-14-24-57,/home/ubuntu/klb/nuclr/nuclr/Data/Dunn_001623/cv5_grouped_v1/fold_4/test/train__20230506-14-24-57__cf346a72.npz,43,OLLR,1,64,OLLR,1,1,1,1.0,0.5247373580932617,0,1,64,1
20230506-14-24-57,/home/ubuntu/klb/nuclr/nuclr/Data/Dunn_001623/cv5_grouped_v1/fold_4/test/train__20230506-14-24-57__cf346a72.npz,45,M1,1,61,M1,1,1,1,1.0,0.2389330267906189,1,0,45,0
20230506-14-24-57,/home/ubuntu/klb/nuclr/nuclr/Data/Dunn_001623/cv5_grouped_v1/fold_4/test/train__20230506-14-24-57__cf346a72.npz,46,FLPL,1,48,FLPL,1,1,1,1.0,0.33309420943260193,0,1,48,1
20230506-14-24-57,/home/ubuntu/klb/nuclr/nuclr/Data/Dunn_001623/cv5_grouped_v1/fold_4/test/train__20230506-14-24-57__cf346a72.npz,51,OLQVR,1,55,IL1VR,3,0,1,0.3333333333333333,0.13029919564723969,0,0,55,0
20230506-14-24-57,/home/ubuntu/klb/nuclr/nuclr/Data/Dunn_001623/cv5_grouped_v1/fold_4/test/train__20230506-14-24-57__cf346a72.npz,52,SMBDR,1,92,SIADR,10,0,0,0.1,0.011874302290380001,0,0,92,0
20230506-14-24-57,/home/ubuntu/klb/nuclr/nuclr/Data/Dunn_001623/cv5_grouped_v1/fold_4/test/train__20230506-14-24-57__cf346a72.npz,55,URYDL,1,113,URYDL,1,1,1,1.0,0.6983681917190552,0,1,113,1
20230506-14-24-57,/home/ubuntu/klb/nuclr/nuclr/Data/Dunn_001623/cv5_grouped_v1/fold_4/test/train__20230506-14-24-57__cf346a72.npz,56,AVAR,1,28,AVAR,1,1,1,1.0,0.9083962440490723,0,1,28,1
20230506-14-24-57,/home/ubuntu/klb/nuclr/nuclr/Data/Dunn_001623/cv5_grouped_v1/fold_4/test/train__20230506-14-24-57__cf346a72.npz,66,URADL,1,106,URADL,1,1,1,1.0,0.3665320575237274,0,1,106,1
20230506-14-24-57,/home/ubuntu/klb/nuclr/nuclr/Data/Dunn_001623/cv5_grouped_v1/fold_4/test/train__20230506-14-24-57__cf346a72.npz,67,RMEL,1,86,RMEL,1,1,1,1.0,0.9104782938957214,0,1,86,1
20230506-14-24-57,/home/ubuntu/klb/nuclr/nuclr/Data/Dunn_001623/cv5_grouped_v1/fold_4/test/train__20230506-14-24-57__cf346a72.npz,82,AIYL,0,1,(DB1),,0,0,0.0,,1,0,60,0
20230506-14-24-57,/home/ubuntu/klb/nuclr/nuclr/Data/Dunn_001623/cv5_grouped_v1/fold_4/test/train__20230506-14-24-57__cf346a72.npz,84,URYDR,1,114,URYDR,1,1,1,1.0,0.5636222958564758,0,1,114,1
20230506-14-24-57,/home/ubuntu/klb/nuclr/nuclr/Data/Dunn_001623/cv5_grouped_v1/fold_4/test/train__20230506-14-24-57__cf346a72.npz,90,RMDVR,1,84,RMDVR,1,1,1,1.0,0.9483484029769897,0,1,84,1
20230506-14-24-57,/home/ubuntu/klb/nuclr/nuclr/Data/Dunn_001623/cv5_grouped_v1/fold_4/test/train__20230506-14-24-57__cf346a72.npz,97,RMDDL,1,79,RMDDL,1,1,1,1.0,0.38363686203956604,0,1,79,1
20230506-14-24-57,/home/ubuntu/klb/nuclr/nuclr/Data/Dunn_001623/cv5_grouped_v1/fold_4/test/train__20230506-14-24-57__cf346a72.npz,106,IL1L,1,62,M3L,2,0,1,0.5,0.2557826638221741,0,0,62,0
20230506-14-24-57,/home/ubuntu/klb/nuclr/nuclr/Data/Dunn_001623/cv5_grouped_v1/fold_4/test/train__20230506-14-24-57__cf346a72.npz,108,SIADR,1,95,SIAVR,3,0,1,0.3333333333333333,0.09101951867341995,1,0,95,0
20230506-14-24-57,/home/ubuntu/klb/nuclr/nuclr/Data/Dunn_001623/cv5_grouped_v1/fold_4/test/train__20230506-14-24-57__cf346a72.npz,109,SMDVR,1,37,AVJR,117,0,0,0.008547008547008548,7.799260072057694e-19,0,0,37,0
20230904-15-59-40,/home/ubuntu/klb/nuclr/nuclr/Data/Dunn_001623/cv5_grouped_v1/fold_4/test/train__20230904-15-59-40__ee901581.npz,0,AVAL,1,27,AVAL,1,1,1,1.0,0.9579670429229736,0,1,27,1
20230904-15-59-40,/home/ubuntu/klb/nuclr/nuclr/Data/Dunn_001623/cv5_grouped_v1/fold_4/test/train__20230904-15-59-40__ee901581.npz,2,AIZL,1,4,ADEL,2,0,1,0.5,0.15404640138149261,0,0,4,0
20230904-15-59-40,/home/ubuntu/klb/nuclr/nuclr/Data/Dunn_001623/cv5_grouped_v1/fold_4/test/train__20230904-15-59-40__ee901581.npz,4,RMEL,1,86,RMEL,1,1,1,1.0,0.7099246978759766,0,1,86,1
20230904-15-59-40,/home/ubuntu/klb/nuclr/nuclr/Data/Dunn_001623/cv5_grouped_v1/fold_4/test/train__20230904-15-59-40__ee901581.npz,6,URYVL,1,115,URYVL,1,1,1,1.0,0.38268575072288513,0,1,115,1
20230904-15-59-40,/home/ubuntu/klb/nuclr/nuclr/Data/Dunn_001623/cv5_grouped_v1/fold_4/test/train__20230904-15-59-40__ee901581.npz,8,AIYR,1,94,SIAVL,8,0,0,0.125,0.0005584274185821414,1,0,112,0
20230904-15-59-40,/home/ubuntu/klb/nuclr/nuclr/Data/Dunn_001623/cv5_grouped_v1/fold_4/test/train__20230904-15-59-40__ee901581.npz,9,OLQVR,1,68,OLQVR,1,1,1,1.0,0.6007890701293945,0,1,68,1
20230904-15-59-40,/home/ubuntu/klb/nuclr/nuclr/Data/Dunn_001623/cv5_grouped_v1/fold_4/test/train__20230904-15-59-40__ee901581.npz,10,AIML,0,69,REMV,,0,0,0.0,,1,0,74,0
20230904-15-59-40,/home/ubuntu/klb/nuclr/nuclr/Data/Dunn_001623/cv5_grouped_v1/fold_4/test/train__20230904-15-59-40__ee901581.npz,13,CEPVL,0,43,BAGL,,0,0,0.0,,0,0,43,0
20230904-15-59-40,/home/ubuntu/klb/nuclr/nuclr/Data/Dunn_001623/cv5_grouped_v1/fold_4/test/train__20230904-15-59-40__ee901581.npz,17,SMDVR,1,78,RIVR,25,0,0,0.04,4.454547308796464e-07,1,0,46,0
20230904-15-59-40,/home/ubuntu/klb/nuclr/nuclr/Data/Dunn_001623/cv5_grouped_v1/fold_4/test/train__20230904-15-59-40__ee901581.npz,19,OLQDL,1,65,OLQDL,1,1,1,1.0,0.8712553977966309,0,1,65,1
20230904-15-59-40,/home/ubuntu/klb/nuclr/nuclr/Data/Dunn_001623/cv5_grouped_v1/fold_4/test/train__20230904-15-59-40__ee901581.npz,22,RIAL,1,70,RIAL,1,1,1,1.0,0.9516458511352539,0,1,70,1
20230904-15-59-40,/home/ubuntu/klb/nuclr/nuclr/Data/Dunn_001623/cv5_grouped_v1/fold_4/test/train__20230904-15-59-40__ee901581.npz,25,SMDVL,1,104,SMDVL,1,1,1,1.0,0.9582768082618713,0,1,104,1
20230904-15-59-40,/home/ubuntu/klb/nuclr/nuclr/Data/Dunn_001623/cv5_grouped_v1/fold_4/test/train__20230904-15-59-40__ee901581.npz,32,AVDL,1,30,AVDL,1,1,1,1.0,0.2436116486787796,1,0,83,0
20230904-15-59-40,/home/ubuntu/klb/nuclr/nuclr/Data/Dunn_001623/cv5_grouped_v1/fold_4/test/train__20230904-15-59-40__ee901581.npz,38,AVJL,1,30,AVDL,21,0,0,0.047619047619047616,0.00024396747176069766,1,0,30,0
20230904-15-59-40,/home/ubuntu/klb/nuclr/nuclr/Data/Dunn_001623/cv5_grouped_v1/fold_4/test/train__20230904-15-59-40__ee901581.npz,42,RIVL,1,77,RIVL,1,1,1,1.0,0.953693687915802,0,1,77,1
20230904-15-59-40,/home/ubuntu/klb/nuclr/nuclr/Data/Dunn_001623/cv5_grouped_v1/fold_4/test/train__20230904-15-59-40__ee901581.npz,44,OLLR,1,64,OLLR,1,1,1,1.0,0.5929105877876282,0,1,64,1
20230904-15-59-40,/home/ubuntu/klb/nuclr/nuclr/Data/Dunn_001623/cv5_grouped_v1/fold_4/test/train__20230904-15-59-40__ee901581.npz,50,RMDL,1,12,AIBR,22,0,0,0.045454545454545456,3.24860877753963e-07,1,0,12,0
20230904-15-59-40,/home/ubuntu/klb/nuclr/nuclr/Data/Dunn_001623/cv5_grouped_v1/fold_4/test/train__20230904-15-59-40__ee901581.npz,57,URYVR,1,116,URYVR,1,1,1,1.0,0.45158037543296814,0,1,116,1
20230904-15-59-40,/home/ubuntu/klb/nuclr/nuclr/Data/Dunn_001623/cv5_grouped_v1/fold_4/test/train__20230904-15-59-40__ee901581.npz,58,SMBVL,1,79,RMDDL,3,0,1,0.3333333333333333,0.03924226760864258,1,0,73,0
20230904-15-59-40,/home/ubuntu/klb/nuclr/nuclr/Data/Dunn_001623/cv5_grouped_v1/fold_4/test/train__20230904-15-59-40__ee901581.npz,63,FLPL,1,48,FLPL,1,1,1,1.0,0.3859173059463501,0,1,48,1
20230904-15-59-40,/home/ubuntu/klb/nuclr/nuclr/Data/Dunn_001623/cv5_grouped_v1/fold_4/test/train__20230904-15-59-40__ee901581.npz,69,URXL,1,45,CEPDL,2,0,1,0.5,0.30521178245544434,0,0,45,0
20230904-15-59-40,/home/ubuntu/klb/nuclr/nuclr/Data/Dunn_001623/cv5_grouped_v1/fold_4/test/train__20230904-15-59-40__ee901581.npz,70,ALA,1,111,URXR,4,0,1,0.25,0.006216019857674837,0,0,111,0
20230904-15-59-40,/home/ubuntu/klb/nuclr/nuclr/Data/Dunn_001623/cv5_grouped_v1/fold_4/test/train__20230904-15-59-40__ee901581.npz,72,RMER,1,87,RMER,1,1,1,1.0,0.8170527815818787,0,1,87,1
20230904-15-59-40,/home/ubuntu/klb/nuclr/nuclr/Data/Dunn_001623/cv5_grouped_v1/fold_4/test/train__20230904-15-59-40__ee901581.npz,75,AFDR,1,8,AFDL,28,0,0,0.03571428571428571,2.0283753343619537e-08,0,0,8,0
20230904-15-59-40,/home/ubuntu/klb/nuclr/nuclr/Data/Dunn_001623/cv5_grouped_v1/fold_4/test/train__20230904-15-59-40__ee901581.npz,84,AVKL,0,35,AVHR,,0,0,0.0,,1,0,69,0
20230904-15-59-40,/home/ubuntu/klb/nuclr/nuclr/Data/Dunn_001623/cv5_grouped_v1/fold_4/test/train__20230904-15-59-40__ee901581.npz,85,RMED,1,85,RMED,1,1,1,1.0,0.9247161746025085,0,1,85,1
20230904-15-59-40,/home/ubuntu/klb/nuclr/nuclr/Data/Dunn_001623/cv5_grouped_v1/fold_4/test/train__20230904-15-59-40__ee901581.npz,89,AVKR,1,98,SMBDL,6,0,0,0.16666666666666666,0.004569857846945524,1,0,110,0
20230904-15-59-40,/home/ubuntu/klb/nuclr/nuclr/Data/Dunn_001623/cv5_grouped_v1/fold_4/test/train__20230904-15-59-40__ee901581.npz,93,AQR,1,20,AQR,1,1,1,1.0,0.3327955901622772,0,1,20,1
20230904-15-59-40,/home/ubuntu/klb/nuclr/nuclr/Data/Dunn_001623/cv5_grouped_v1/fold_4/test/train__20230904-15-59-40__ee901581.npz,94,RMEV,1,88,RMEV,1,1,1,1.0,0.9456260204315186,0,1,88,1
20230904-15-59-40,/home/ubuntu/klb/nuclr/nuclr/Data/Dunn_001623/cv5_grouped_v1/fold_4/test/train__20230904-15-59-40__ee901581.npz,95,AIMR,1,1,(DB1),11,0,0,0.09090909090909091,0.0009769090684130788,1,0,0,0
20230904-15-59-40,/home/ubuntu/klb/nuclr/nuclr/Data/Dunn_001623/cv5_grouped_v1/fold_4/test/train__20230904-15-59-40__ee901581.npz,97,OLQDR,1,66,OLQDR,1,1,1,1.0,0.6161691546440125,0,1,66,1
20230904-15-59-40,/home/ubuntu/klb/nuclr/nuclr/Data/Dunn_001623/cv5_grouped_v1/fold_4/test/train__20230904-15-59-40__ee901581.npz,100,URYDR,1,114,URYDR,1,1,1,1.0,0.4299798607826233,0,1,114,1
20230904-15-59-40,/home/ubuntu/klb/nuclr/nuclr/Data/Dunn_001623/cv5_grouped_v1/fold_4/test/train__20230904-15-59-40__ee901581.npz,102,RIAR,1,71,RIAR,1,1,1,1.0,0.15045467019081116,1,0,71,1
20230904-15-59-40,/home/ubuntu/klb/nuclr/nuclr/Data/Dunn_001623/cv5_grouped_v1/fold_4/test/train__20230904-15-59-40__ee901581.npz,104,SIBVL,1,72,RIBL,7,0,0,0.14285714285714285,0.0014377337647601962,1,0,72,0
20230904-15-59-40,/home/ubuntu/klb/nuclr/nuclr/Data/Dunn_001623/cv5_grouped_v1/fold_4/test/train__20230904-15-59-40__ee901581.npz,107,RICL,0,48,FLPL,,0,0,0.0,,0,0,2,0
20230904-15-59-40,/home/ubuntu/klb/nuclr/nuclr/Data/Dunn_001623/cv5_grouped_v1/fold_4/test/train__20230904-15-59-40__ee901581.npz,112,AIBL,1,32,AVEL,3,0,1,0.3333333333333333,0.08187520503997803,0,0,32,0
20230904-15-59-40,/home/ubuntu/klb/nuclr/nuclr/Data/Dunn_001623/cv5_grouped_v1/fold_4/test/train__20230904-15-59-40__ee901581.npz,113,OLLL,1,106,URADL,12,0,0,0.08333333333333333,0.0009555339347571135,0,0,106,0
20240526-19-51-22,/home/ubuntu/klb/nuclr/nuclr/Data/Dunn_001623/cv5_grouped_v1/fold_4/test/train__20240526-19-51-22__48ee49a1.npz,5,AVAL,1,27,AVAL,1,1,1,1.0,0.9578796029090881,0,1,27,1
20240526-19-51-22,/home/ubuntu/klb/nuclr/nuclr/Data/Dunn_001623/cv5_grouped_v1/fold_4/test/train__20240526-19-51-22__48ee49a1.npz,9,SMDVL,1,104,SMDVL,1,1,1,1.0,0.9553087949752808,0,1,104,1
20240526-19-51-22,/home/ubuntu/klb/nuclr/nuclr/Data/Dunn_001623/cv5_grouped_v1/fold_4/test/train__20240526-19-51-22__48ee49a1.npz,20,RMEV,1,88,RMEV,1,1,1,1.0,0.9553242921829224,0,1,88,1
20240526-19-51-22,/home/ubuntu/klb/nuclr/nuclr/Data/Dunn_001623/cv5_grouped_v1/fold_4/test/train__20240526-19-51-22__48ee49a1.npz,35,SMDDL,1,100,SMBVL,32,0,0,0.03125,1.3687735190615058e-05,1,0,4,0
20240626-15-08-33,/home/ubuntu/klb/nuclr/nuclr/Data/Dunn_001623/cv5_grouped_v1/fold_4/test/train__20240626-15-08-33__4751906d.npz,0,AVAL,1,27,AVAL,1,1,1,1.0,0.9552567601203918,0,1,27,1
20240626-15-08-33,/home/ubuntu/klb/nuclr/nuclr/Data/Dunn_001623/cv5_grouped_v1/fold_4/test/train__20240626-15-08-33__4751906d.npz,14,RMED,1,66,OLQDR,3,0,1,0.3333333333333333,0.013729877769947052,1,0,66,0
20240626-15-08-33,/home/ubuntu/klb/nuclr/nuclr/Data/Dunn_001623/cv5_grouped_v1/fold_4/test/train__20240626-15-08-33__4751906d.npz,15,SMBDL,1,100,SMBVL,3,0,1,0.3333333333333333,0.056459758430719376,1,0,91,0
20240626-15-08-33,/home/ubuntu/klb/nuclr/nuclr/Data/Dunn_001623/cv5_grouped_v1/fold_4/test/train__20240626-15-08-33__4751906d.npz,23,SMDDL,1,102,SMDDL,1,1,1,1.0,0.9041874408721924,0,1,102,1
20240626-15-08-33,/home/ubuntu/klb/nuclr/nuclr/Data/Dunn_001623/cv5_grouped_v1/fold_4/test/train__20240626-15-08-33__4751906d.npz,31,RIVL,1,77,RIVL,1,1,1,1.0,0.9195253252983093,0,1,77,1
20240626-15-08-33,/home/ubuntu/klb/nuclr/nuclr/Data/Dunn_001623/cv5_grouped_v1/fold_4/test/train__20240626-15-08-33__4751906d.npz,36,RMDL,1,81,RMDL,1,1,1,1.0,0.8883392214775085,0,1,81,1
20240626-15-08-33,/home/ubuntu/klb/nuclr/nuclr/Data/Dunn_001623/cv5_grouped_v1/fold_4/test/train__20240626-15-08-33__4751906d.npz,57,SMDVL,1,104,SMDVL,1,1,1,1.0,0.9521571397781372,0,1,104,1
20240629-14-48-32,/home/ubuntu/klb/nuclr/nuclr/Data/Dunn_001623/cv5_grouped_v1/fold_4/test/train__20240629-14-48-32__2b74813e.npz,7,AVAR,1,28,AVAR,1,1,1,1.0,0.9571273922920227,0,1,28,1
20240629-14-48-32,/home/ubuntu/klb/nuclr/nuclr/Data/Dunn_001623/cv5_grouped_v1/fold_4/test/train__20240629-14-48-32__2b74813e.npz,32,RIAR,1,42,AWBR,2,0,1,0.5,0.255654901266098,0,0,42,0
20240629-14-48-32,/home/ubuntu/klb/nuclr/nuclr/Data/Dunn_001623/cv5_grouped_v1/fold_4/test/train__20240629-14-48-32__2b74813e.npz,33,RIVR,1,78,RIVR,1,1,1,1.0,0.8397696614265442,0,1,78,1
20240629-14-48-32,/home/ubuntu/klb/nuclr/nuclr/Data/Dunn_001623/cv5_grouped_v1/fold_4/test/train__20240629-14-48-32__2b74813e.npz,36,RMDVR,1,84,RMDVR,1,1,1,1.0,0.9462377429008484,0,1,84,1
20240629-14-48-32,/home/ubuntu/klb/nuclr/nuclr/Data/Dunn_001623/cv5_grouped_v1/fold_4/test/train__20240629-14-48-32__2b74813e.npz,42,AWAR,1,41,AWAR,1,1,1,1.0,0.766777515411377,0,1,41,1
20240629-14-48-32,/home/ubuntu/klb/nuclr/nuclr/Data/Dunn_001623/cv5_grouped_v1/fold_4/test/train__20240629-14-48-32__2b74813e.npz,44,SAAVR,1,90,SAAVR,1,1,1,1.0,0.7721523642539978,0,1,90,1
20240629-14-48-32,/home/ubuntu/klb/nuclr/nuclr/Data/Dunn_001623/cv5_grouped_v1/fold_4/test/train__20240629-14-48-32__2b74813e.npz,50,SMDVR,1,105,SMDVR,1,1,1,1.0,0.9590370655059814,0,1,105,1
20240629-14-48-32,/home/ubuntu/klb/nuclr/nuclr/Data/Dunn_001623/cv5_grouped_v1/fold_4/test/train__20240629-14-48-32__2b74813e.npz,61,RMDR,1,82,RMDR,1,1,1,1.0,0.9544671177864075,0,1,82,1
20240629-20-59-45,/home/ubuntu/klb/nuclr/nuclr/Data/Dunn_001623/cv5_grouped_v1/fold_4/test/train__20240629-20-59-45__37ae4b86.npz,11,AVAR,1,28,AVAR,1,1,1,1.0,0.9591306447982788,0,1,28,1
20240629-20-59-45,/home/ubuntu/klb/nuclr/nuclr/Data/Dunn_001623/cv5_grouped_v1/fold_4/test/train__20240629-20-59-45__37ae4b86.npz,16,SMDDR,1,103,SMDDR,1,1,1,1.0,0.9586464762687683,0,1,103,1
20240629-20-59-45,/home/ubuntu/klb/nuclr/nuclr/Data/Dunn_001623/cv5_grouped_v1/fold_4/test/train__20240629-20-59-45__37ae4b86.npz,35,RMDVR,1,84,RMDVR,1,1,1,1.0,0.8449212312698364,0,1,84,1
20240629-20-59-45,/home/ubuntu/klb/nuclr/nuclr/Data/Dunn_001623/cv5_grouped_v1/fold_4/test/train__20240629-20-59-45__37ae4b86.npz,36,SAAVR,1,84,RMDVR,3,0,1,0.3333333333333333,0.01398839894682169,1,0,53,0
20240629-20-59-45,/home/ubuntu/klb/nuclr/nuclr/Data/Dunn_001623/cv5_grouped_v1/fold_4/test/train__20240629-20-59-45__37ae4b86.npz,43,SMDVR,1,105,SMDVR,1,1,1,1.0,0.9588786363601685,0,1,105,1
20240629-20-59-45,/home/ubuntu/klb/nuclr/nuclr/Data/Dunn_001623/cv5_grouped_v1/fold_4/test/train__20240629-20-59-45__37ae4b86.npz,49,AWAR,1,41,AWAR,1,1,1,1.0,0.5943315029144287,0,1,41,1
20240714-15-24-26,/home/ubuntu/klb/nuclr/nuclr/Data/Dunn_001623/cv5_grouped_v1/fold_4/test/train__20240714-15-24-26__8e813fbd.npz,0,AVAL,1,27,AVAL,1,1,1,1.0,0.9572471976280212,0,1,27,1
20240714-15-24-26,/home/ubuntu/klb/nuclr/nuclr/Data/Dunn_001623/cv5_grouped_v1/fold_4/test/train__20240714-15-24-26__8e813fbd.npz,11,URXL,1,19,ALA,4,0,1,0.25,9.923776087816805e-05,0,0,19,0
20240714-15-24-26,/home/ubuntu/klb/nuclr/nuclr/Data/Dunn_001623/cv5_grouped_v1/fold_4/test/train__20240714-15-24-26__8e813fbd.npz,18,AWAL,1,40,AWAL,1,1,1,1.0,0.3497936725616455,0,1,37,0
20240714-15-24-26,/home/ubuntu/klb/nuclr/nuclr/Data/Dunn_001623/cv5_grouped_v1/fold_4/test/train__20240714-15-24-26__8e813fbd.npz,23,SMDDL,1,102,SMDDL,1,1,1,1.0,0.18962740898132324,1,0,102,1
20240714-15-24-26,/home/ubuntu/klb/nuclr/nuclr/Data/Dunn_001623/cv5_grouped_v1/fold_4/test/train__20240714-15-24-26__8e813fbd.npz,32,RMDVL,1,83,RMDVL,1,1,1,1.0,0.6606608629226685,0,1,83,1
20240714-15-24-26,/home/ubuntu/klb/nuclr/nuclr/Data/Dunn_001623/cv5_grouped_v1/fold_4/test/train__20240714-15-24-26__8e813fbd.npz,55,SAAVL,1,89,SAAVL,1,1,1,1.0,0.5040358901023865,0,1,89,1
20240714-15-24-26,/home/ubuntu/klb/nuclr/nuclr/Data/Dunn_001623/cv5_grouped_v1/fold_4/test/train__20240714-15-24-26__8e813fbd.npz,56,RIAL,1,70,RIAL,1,1,1,1.0,0.8141971826553345,0,1,70,1
20240714-15-24-26,/home/ubuntu/klb/nuclr/nuclr/Data/Dunn_001623/cv5_grouped_v1/fold_4/test/train__20240714-15-24-26__8e813fbd.npz,57,SMDVL,1,104,SMDVL,1,1,1,1.0,0.9212759733200073,0,1,104,1
20240714-15-24-26,/home/ubuntu/klb/nuclr/nuclr/Data/Dunn_001623/cv5_grouped_v1/fold_4/test/train__20240714-15-24-26__8e813fbd.npz,58,RMDL,1,81,RMDL,1,1,1,1.0,0.8980275392532349,0,1,81,1
20240714-17-28-58,/home/ubuntu/klb/nuclr/nuclr/Data/Dunn_001623/cv5_grouped_v1/fold_4/test/train__20240714-17-28-58__6d7f3bea.npz,3,AVAR,1,28,AVAR,1,1,1,1.0,0.9572201371192932,0,1,28,1
20240714-17-28-58,/home/ubuntu/klb/nuclr/nuclr/Data/Dunn_001623/cv5_grouped_v1/fold_4/test/train__20240714-17-28-58__6d7f3bea.npz,11,SMDDR,1,103,SMDDR,1,1,1,1.0,0.956865131855011,0,1,103,1
20240714-17-28-58,/home/ubuntu/klb/nuclr/nuclr/Data/Dunn_001623/cv5_grouped_v1/fold_4/test/train__20240714-17-28-58__6d7f3bea.npz,18,SMDVR,1,105,SMDVR,1,1,1,1.0,0.957102358341217,0,1,105,1
20240714-17-28-58,/home/ubuntu/klb/nuclr/nuclr/Data/Dunn_001623/cv5_grouped_v1/fold_4/test/train__20240714-17-28-58__6d7f3bea.npz,43,RMDVR,1,84,RMDVR,1,1,1,1.0,0.9420288801193237,0,1,84,1
20240714-17-28-58,/home/ubuntu/klb/nuclr/nuclr/Data/Dunn_001623/cv5_grouped_v1/fold_4/test/train__20240714-17-28-58__6d7f3bea.npz,44,RMDR,1,82,RMDR,1,1,1,1.0,0.9555045366287231,0,1,82,1
20240714-17-28-58,/home/ubuntu/klb/nuclr/nuclr/Data/Dunn_001623/cv5_grouped_v1/fold_4/test/train__20240714-17-28-58__6d7f3bea.npz,57,SAAVR,1,71,RIAR,2,0,1,0.5,0.19810667634010315,0,0,71,0
20240724-14-26-00,/home/ubuntu/klb/nuclr/nuclr/Data/Dunn_001623/cv5_grouped_v1/fold_4/test/val__20240724-14-26-00__b5d23d7a.npz,1,SMDVL,1,104,SMDVL,1,1,1,1.0,0.9543890357017517,0,1,104,1
20240724-14-26-00,/home/ubuntu/klb/nuclr/nuclr/Data/Dunn_001623/cv5_grouped_v1/fold_4/test/val__20240724-14-26-00__b5d23d7a.npz,2,AVAL,1,27,AVAL,1,1,1,1.0,0.9563114047050476,0,1,27,1
20240724-14-26-00,/home/ubuntu/klb/nuclr/nuclr/Data/Dunn_001623/cv5_grouped_v1/fold_4/test/val__20240724-14-26-00__b5d23d7a.npz,21,RMDL,1,81,RMDL,1,1,1,1.0,0.9067668318748474,0,1,81,1
20240724-14-26-00,/home/ubuntu/klb/nuclr/nuclr/Data/Dunn_001623/cv5_grouped_v1/fold_4/test/val__20240724-14-26-00__b5d23d7a.npz,28,RMED,1,85,RMED,1,1,1,1.0,0.5388106107711792,0,1,85,1
20240724-14-26-00,/home/ubuntu/klb/nuclr/nuclr/Data/Dunn_001623/cv5_grouped_v1/fold_4/test/val__20240724-14-26-00__b5d23d7a.npz,33,SAAVL,1,89,SAAVL,1,1,1,1.0,0.869344174861908,0,1,89,1
20240724-14-26-00,/home/ubuntu/klb/nuclr/nuclr/Data/Dunn_001623/cv5_grouped_v1/fold_4/test/val__20240724-14-26-00__b5d23d7a.npz,45,AWAL,1,6,ADFL,4,0,1,0.25,0.012949459254741669,1,0,6,0
20240724-14-26-00,/home/ubuntu/klb/nuclr/nuclr/Data/Dunn_001623/cv5_grouped_v1/fold_4/test/val__20240724-14-26-00__b5d23d7a.npz,49,RMDVL,1,83,RMDVL,1,1,1,1.0,0.9523860216140747,0,1,83,1
20240724-14-26-00,/home/ubuntu/klb/nuclr/nuclr/Data/Dunn_001623/cv5_grouped_v1/fold_4/test/val__20240724-14-26-00__b5d23d7a.npz,54,RIAL,1,70,RIAL,1,1,1,1.0,0.8435733914375305,0,1,70,1
20240828-14-16-29,/home/ubuntu/klb/nuclr/nuclr/Data/Dunn_001623/cv5_grouped_v1/fold_4/test/val__20240828-14-16-29__4c7345fc.npz,1,RMEV,1,88,RMEV,1,1,1,1.0,0.8864073157310486,0,1,88,1
20240828-14-16-29,/home/ubuntu/klb/nuclr/nuclr/Data/Dunn_001623/cv5_grouped_v1/fold_4/test/val__20240828-14-16-29__4c7345fc.npz,3,RIVL,1,77,RIVL,1,1,1,1.0,0.8905990719795227,0,1,77,1
20240828-14-16-29,/home/ubuntu/klb/nuclr/nuclr/Data/Dunn_001623/cv5_grouped_v1/fold_4/test/val__20240828-14-16-29__4c7345fc.npz,17,ALA,1,19,ALA,1,1,1,1.0,0.565534770488739,0,1,19,1
20240828-14-16-29,/home/ubuntu/klb/nuclr/nuclr/Data/Dunn_001623/cv5_grouped_v1/fold_4/test/val__20240828-14-16-29__4c7345fc.npz,29,SAAVR,1,78,RIVR,11,0,0,0.09090909090909091,0.0006204613018780947,1,0,35,0
20240828-14-16-29,/home/ubuntu/klb/nuclr/nuclr/Data/Dunn_001623/cv5_grouped_v1/fold_4/test/val__20240828-14-16-29__4c7345fc.npz,31,AVAR,1,28,AVAR,1,1,1,1.0,0.9632179141044617,0,1,28,1
20240828-14-16-29,/home/ubuntu/klb/nuclr/nuclr/Data/Dunn_001623/cv5_grouped_v1/fold_4/test/val__20240828-14-16-29__4c7345fc.npz,33,AVER,1,33,AVER,1,1,1,1.0,0.8977155685424805,0,1,33,1
20240828-14-16-29,/home/ubuntu/klb/nuclr/nuclr/Data/Dunn_001623/cv5_grouped_v1/fold_4/test/val__20240828-14-16-29__4c7345fc.npz,36,RID,1,74,RID,1,1,1,1.0,0.8995598554611206,0,1,74,1
20240828-14-16-29,/home/ubuntu/klb/nuclr/nuclr/Data/Dunn_001623/cv5_grouped_v1/fold_4/test/val__20240828-14-16-29__4c7345fc.npz,41,SMDVR,1,105,SMDVR,1,1,1,1.0,0.9590259194374084,0,1,105,1
20240828-14-16-29,/home/ubuntu/klb/nuclr/nuclr/Data/Dunn_001623/cv5_grouped_v1/fold_4/test/val__20240828-14-16-29__4c7345fc.npz,43,RIAR,1,71,RIAR,1,1,1,1.0,0.171883225440979,1,0,71,1
20240828-14-16-29,/home/ubuntu/klb/nuclr/nuclr/Data/Dunn_001623/cv5_grouped_v1/fold_4/test/val__20240828-14-16-29__4c7345fc.npz,50,AFDR,1,42,AWBR,31,0,0,0.03225806451612903,1.1241022548347246e-06,1,0,42,0
20240828-14-16-29,/home/ubuntu/klb/nuclr/nuclr/Data/Dunn_001623/cv5_grouped_v1/fold_4/test/val__20240828-14-16-29__4c7345fc.npz,51,RMDDR,1,99,SMBDR,30,0,0,0.03333333333333333,9.844005944614764e-06,0,0,99,0
20240828-14-16-29,/home/ubuntu/klb/nuclr/nuclr/Data/Dunn_001623/cv5_grouped_v1/fold_4/test/val__20240828-14-16-29__4c7345fc.npz,54,RMDVL,1,83,RMDVL,1,1,1,1.0,0.7833603024482727,0,1,83,1
20240828-14-16-29,/home/ubuntu/klb/nuclr/nuclr/Data/Dunn_001623/cv5_grouped_v1/fold_4/test/val__20240828-14-16-29__4c7345fc.npz,74,AVAL,1,27,AVAL,1,1,1,1.0,0.951928973197937,0,1,27,1
20240828-14-16-29,/home/ubuntu/klb/nuclr/nuclr/Data/Dunn_001623/cv5_grouped_v1/fold_4/test/val__20240828-14-16-29__4c7345fc.npz,77,RMED,1,69,REMV,2,0,1,0.5,0.3530060052871704,0,0,69,0
20240828-14-16-29,/home/ubuntu/klb/nuclr/nuclr/Data/Dunn_001623/cv5_grouped_v1/fold_4/test/val__20240828-14-16-29__4c7345fc.npz,79,SMDVL,1,104,SMDVL,1,1,1,1.0,0.9546409249305725,0,1,104,1
20240828-14-16-29,/home/ubuntu/klb/nuclr/nuclr/Data/Dunn_001623/cv5_grouped_v1/fold_4/test/val__20240828-14-16-29__4c7345fc.npz,82,AVEL,1,32,AVEL,1,1,1,1.0,0.9208589196205139,0,1,32,1
20240828-14-16-29,/home/ubuntu/klb/nuclr/nuclr/Data/Dunn_001623/cv5_grouped_v1/fold_4/test/val__20240828-14-16-29__4c7345fc.npz,89,SMDDR,1,78,RIVR,6,0,0,0.16666666666666666,1.0831050531123765e-05,1,0,78,0
20240828-14-16-29,/home/ubuntu/klb/nuclr/nuclr/Data/Dunn_001623/cv5_grouped_v1/fold_4/test/val__20240828-14-16-29__4c7345fc.npz,93,URXL,1,113,URYDL,15,0,0,0.06666666666666667,5.5580347435579824e-08,1,0,112,0
20240828-14-16-29,/home/ubuntu/klb/nuclr/nuclr/Data/Dunn_001623/cv5_grouped_v1/fold_4/test/val__20240828-14-16-29__4c7345fc.npz,95,AFDL,1,22,ASGL,6,0,0,0.16666666666666666,0.008171836845576763,0,0,22,0
20240828-14-16-29,/home/ubuntu/klb/nuclr/nuclr/Data/Dunn_001623/cv5_grouped_v1/fold_4/test/val__20240828-14-16-29__4c7345fc.npz,97,AWAL,1,81,RMDL,6,0,0,0.16666666666666666,0.008849101141095161,0,0,81,0
20240828-14-16-29,/home/ubuntu/klb/nuclr/nuclr/Data/Dunn_001623/cv5_grouped_v1/fold_4/test/val__20240828-14-16-29__4c7345fc.npz,100,ADFL,1,70,RIAL,6,0,0,0.16666666666666666,8.858963701641187e-05,0,0,70,0
20240828-14-16-29,/home/ubuntu/klb/nuclr/nuclr/Data/Dunn_001623/cv5_grouped_v1/fold_4/test/val__20240828-14-16-29__4c7345fc.npz,120,AWBL,0,93,SIAR,,0,0,0.0,,0,0,93,0
20240828-14-16-29,/home/ubuntu/klb/nuclr/nuclr/Data/Dunn_001623/cv5_grouped_v1/fold_4/test/val__20240828-14-16-29__4c7345fc.npz,121,RIAL,1,9,AFDL?,4,0,1,0.25,0.10101689398288727,0,0,8,0
20240828-14-16-29,/home/ubuntu/klb/nuclr/nuclr/Data/Dunn_001623/cv5_grouped_v1/fold_4/test/val__20240828-14-16-29__4c7345fc.npz,123,RMDL,1,40,AWAL,12,0,0,0.08333333333333333,9.605374543752987e-06,0,0,40,0
20240828-14-16-29,/home/ubuntu/klb/nuclr/nuclr/Data/Dunn_001623/cv5_grouped_v1/fold_4/test/val__20240828-14-16-29__4c7345fc.npz,125,SMDDL,1,80,RMDDR,28,0,0,0.03571428571428571,1.698935648164479e-06,0,0,80,0
