dataset,uid,neurons,finite_xyz_neurons,strict_unique_identities,fold_split_memberships,server_source_path,source_bytes,source_sha256
atanas,2022-06-14-01,109,109,78,fold0:train|fold1:train|fold2:val|fold3:test|fold4:train,/home/ubuntu/klb/nuclr/nuclr/Data/Atanas_SF_unified_000776/full/val/2022-06-14-01.npz,641386,7c1382c6eddc8c2f86a35efcadb2a4211645c3fc3503a6ea0297769d0e8c94d9
atanas,2022-06-14-07,130,130,87,fold0:train|fold1:train|fold2:val|fold3:test|fold4:train,/home/ubuntu/klb/nuclr/nuclr/Data/Atanas_SF_unified_000776/full/train/2022-06-14-07.npz,762014,0b301dd2c9b5a14c2576384da91c5d7483789945cf97ecfe9991e8f12d3d0af5
atanas,2022-06-14-13,134,134,95,fold0:train|fold1:train|fold2:train|fold3:val|fold4:test,/home/ubuntu/klb/nuclr/nuclr/Data/Atanas_SF_unified_000776/full/train/2022-06-14-13.npz,783162,afc7210b8d89a8f8e12c85c42fb0f16bd1114e25dc2dce9784b3976560971a2c
atanas,2022-06-28-01,142,142,74,fold0:train|fold1:train|fold2:train|fold3:val|fold4:test,/home/ubuntu/klb/nuclr/nuclr/Data/Atanas_SF_unified_000776/full/train/2022-06-28-01.npz,828820,56282d3cd3632a0f922044b937ee919148acdf39e8ff79b11a97b9c3de8082d7
atanas,2022-06-28-07,142,142,84,fold0:train|fold1:val|fold2:test|fold3:train|fold4:train,/home/ubuntu/klb/nuclr/nuclr/Data/Atanas_SF_unified_000776/full/train/2022-06-28-07.npz,829361,a50df00434e21ba78b538b188f08a89b425cf01a1e534466e41f1dc8833e436b
atanas,2022-07-15-06,128,128,69,fold0:val|fold1:test|fold2:train|fold3:train|fold4:train,/home/ubuntu/klb/nuclr/nuclr/Data/Atanas_SF_unified_000776/full/train/2022-07-15-06.npz,748340,fd9183aa0e8d15862b64213645de47ca11c5d2478650b49241f615f28a531bb1
atanas,2022-07-15-12,132,132,91,fold0:train|fold1:val|fold2:test|fold3:train|fold4:train,/home/ubuntu/klb/nuclr/nuclr/Data/Atanas_SF_unified_000776/full/train/2022-07-15-12.npz,771566,00ad7e4a4ef809a79e961413d486953b1ff2d537c63f53e732bbb688cce4cbe7
atanas,2022-07-20-01,144,144,95,fold0:train|fold1:train|fold2:val|fold3:test|fold4:train,/home/ubuntu/klb/nuclr/nuclr/Data/Atanas_SF_unified_000776/full/train/2022-07-20-01.npz,840552,c3856e4b6329aac8759777a13fe8b233e903a80c3d72f91baac5adbc4cec4771
atanas,2022-07-26-01,133,133,67,fold0:test|fold1:train|fold2:train|fold3:train|fold4:val,/home/ubuntu/klb/nuclr/nuclr/Data/Atanas_SF_unified_000776/full/train/2022-07-26-01.npz,777444,eb1c7ba02a66f795eab4498ed28b5cef62c076fb6304ca3f47f95ba4f5a7e9f6
atanas,2022-08-02-01,152,152,111,fold0:test|fold1:train|fold2:train|fold3:train|fold4:val,/home/ubuntu/klb/nuclr/nuclr/Data/Atanas_SF_unified_000776/full/train/2022-08-02-01.npz,888610,6c573d994b79f3ccd96767d9bdee770674ea503d2e6d6adfd42e177b2299e81c
atanas,2022-12-21-06,126,126,65,fold0:val|fold1:test|fold2:train|fold3:train|fold4:train,/home/ubuntu/klb/nuclr/nuclr/Data/Atanas_SF_unified_000776/full/train/2022-12-21-06.npz,742652,2e62a4b175c5f732b1fc3c18282e9130df04f35501fe784fc5dbddc5d1d0f26c
atanas,2023-01-05-01,139,139,83,fold0:test|fold1:train|fold2:train|fold3:train|fold4:val,/home/ubuntu/klb/nuclr/nuclr/Data/Atanas_SF_unified_000776/full/train/2023-01-05-01.npz,822244,e6422a6d7d6fc8ef499801061550bd9ca8cf912af8979b829adf7d8aa8bda4ea
atanas,2023-01-05-18,122,122,85,fold0:train|fold1:train|fold2:train|fold3:val|fold4:test,/home/ubuntu/klb/nuclr/nuclr/Data/Atanas_SF_unified_000776/full/train/2023-01-05-18.npz,722706,57b3222e835095cda41963adaa41f177fc08ea65cadd2fc101822012aa7a5d54
atanas,2023-01-06-01,130,130,74,fold0:train|fold1:val|fold2:test|fold3:train|fold4:train,/home/ubuntu/klb/nuclr/nuclr/Data/Atanas_SF_unified_000776/full/test/2023-01-06-01.npz,768656,475ed0b4d722a2de5644c5f722bbad1b0a2f785ecc75ab0e903665df9c61fb41
atanas,2023-01-06-08,125,125,82,fold0:train|fold1:val|fold2:test|fold3:train|fold4:train,/home/ubuntu/klb/nuclr/nuclr/Data/Atanas_SF_unified_000776/full/train/2023-01-06-08.npz,740761,2916e9600166f15e04b8d7f9bc869e2a6e55714be33c3cb3e9a3afbd605a321a
atanas,2023-01-09-08,131,131,51,fold0:train|fold1:val|fold2:test|fold3:train|fold4:train,/home/ubuntu/klb/nuclr/nuclr/Data/Atanas_SF_unified_000776/full/train/2023-01-09-08.npz,775029,ba01d866020dbef86469413443585a88ffb5c041171c0b273a06e1d14f6d0f27
atanas,2023-01-09-15,147,147,99,fold0:train|fold1:val|fold2:test|fold3:train|fold4:train,/home/ubuntu/klb/nuclr/nuclr/Data/Atanas_SF_unified_000776/full/test/2023-01-09-15.npz,868789,c47e0eee0ae45b368226e2e28ba1f5b7172005670a62edd443dc44138aaff7c7
atanas,2023-01-09-22,146,146,93,fold0:val|fold1:test|fold2:train|fold3:train|fold4:train,/home/ubuntu/klb/nuclr/nuclr/Data/Atanas_SF_unified_000776/full/train/2023-01-09-22.npz,861938,23f012c0965838cb77aa5b6814b4f85946494e28a960f1bb26499823525e4a39
atanas,2023-01-09-28,145,145,91,fold0:train|fold1:train|fold2:val|fold3:test|fold4:train,/home/ubuntu/klb/nuclr/nuclr/Data/Atanas_SF_unified_000776/full/val/2023-01-09-28.npz,857083,ee43c5bdbca9a788a4faeb83f21c93ac2eab156e714baedd8c7e8a0331873e69
atanas,2023-01-10-07,144,144,95,fold0:train|fold1:train|fold2:train|fold3:val|fold4:test,/home/ubuntu/klb/nuclr/nuclr/Data/Atanas_SF_unified_000776/full/train/2023-01-10-07.npz,850270,6ed57076e1273f30ca26574ceed7b5b0ce3f3b59993eeafce1521510014fe4e2
atanas,2023-01-10-14,142,142,91,fold0:train|fold1:train|fold2:train|fold3:val|fold4:test,/home/ubuntu/klb/nuclr/nuclr/Data/Atanas_SF_unified_000776/full/train/2023-01-10-14.npz,839602,123560a46b3bb0243573e061f265945ece3093ba063122acd95acb21e6fe7066
atanas,2023-01-13-07,120,120,80,fold0:test|fold1:train|fold2:train|fold3:train|fold4:val,/home/ubuntu/klb/nuclr/nuclr/Data/Atanas_SF_unified_000776/full/train/2023-01-13-07.npz,709937,8112ba65b351bf163f1c216411c2731f51d06af66db3ea16a6b3e3dbaf8653f9
atanas,2023-01-16-01,139,139,82,fold0:train|fold1:train|fold2:val|fold3:test|fold4:train,/home/ubuntu/klb/nuclr/nuclr/Data/Atanas_SF_unified_000776/full/test/2023-01-16-01.npz,822657,b7d952f8d3a3eaf5eef3905afb443a43152186cb4977f8c0be38203b96e6d10c
atanas,2023-01-16-08,137,137,89,fold0:train|fold1:train|fold2:train|fold3:val|fold4:test,/home/ubuntu/klb/nuclr/nuclr/Data/Atanas_SF_unified_000776/full/train/2023-01-16-08.npz,810712,207d2c0311c85e6e2d471aea71a2f2a1032545ca632103e13fc9112fa12c83e3
atanas,2023-01-16-15,123,123,87,fold0:test|fold1:train|fold2:train|fold3:train|fold4:val,/home/ubuntu/klb/nuclr/nuclr/Data/Atanas_SF_unified_000776/full/train/2023-01-16-15.npz,729337,8a2b6f6252cf15396042a26570205981461e7ac2c6ba2eeab1f6de3c094ffc52
atanas,2023-01-16-22,135,135,90,fold0:test|fold1:train|fold2:train|fold3:train|fold4:val,/home/ubuntu/klb/nuclr/nuclr/Data/Atanas_SF_unified_000776/full/train/2023-01-16-22.npz,798078,de8de46bc9be10314d4fc52216521b8cf70e95ae1af9199287b3c5732a457e1b
atanas,2023-01-17-01,138,138,90,fold0:val|fold1:test|fold2:train|fold3:train|fold4:train,/home/ubuntu/klb/nuclr/nuclr/Data/Atanas_SF_unified_000776/full/train/2023-01-17-01.npz,813894,064a98fd0e6f31630552e23abdacc1172649814a513c882441e88bf56378a131
atanas,2023-01-17-07,144,144,80,fold0:val|fold1:test|fold2:train|fold3:train|fold4:train,/home/ubuntu/klb/nuclr/nuclr/Data/Atanas_SF_unified_000776/full/train/2023-01-17-07.npz,850990,b046dacb3eeb3670b971e099c6d24dd3c5612b12ac6606ada8c746ee5193571f
atanas,2023-01-17-14,144,144,105,fold0:val|fold1:test|fold2:train|fold3:train|fold4:train,/home/ubuntu/klb/nuclr/nuclr/Data/Atanas_SF_unified_000776/full/val/2023-01-17-14.npz,849690,cf4f3747cba5058fa903dc64a6fe6873e7a79d335eb4b90b436e11941f1f4201
atanas,2023-01-18-01,126,126,83,fold0:val|fold1:test|fold2:train|fold3:train|fold4:train,/home/ubuntu/klb/nuclr/nuclr/Data/Atanas_SF_unified_000776/full/test/2023-01-18-01.npz,744863,9b18406ea9e95af81ad894bca12d6a440bbd18352ebdff2a1eb8733ab4c25205
atanas,2023-01-19-08,147,147,85,fold0:train|fold1:train|fold2:val|fold3:test|fold4:train,/home/ubuntu/klb/nuclr/nuclr/Data/Atanas_SF_unified_000776/full/val/2023-01-19-08.npz,857403,ea4b001555cd81eae98326d4c342a930aea8b31b1930cab5b46308a8d8c79b23
atanas,2023-01-19-15,144,144,60,fold0:test|fold1:train|fold2:train|fold3:train|fold4:val,/home/ubuntu/klb/nuclr/nuclr/Data/Atanas_SF_unified_000776/full/train/2023-01-19-15.npz,842253,f99850d059110bafb1970874bd7834f2fa9b30f38ee55483fa22323e084767ec
atanas,2023-01-19-22,153,153,92,fold0:test|fold1:train|fold2:train|fold3:train|fold4:val,/home/ubuntu/klb/nuclr/nuclr/Data/Atanas_SF_unified_000776/full/val/2023-01-19-22.npz,893956,15e42df013a4096bb05a1f2f77cc4bf86ae7877ea08cf8c2cfc22cf6cbdbcc65
atanas,2023-01-23-01,151,151,87,fold0:val|fold1:test|fold2:train|fold3:train|fold4:train,/home/ubuntu/klb/nuclr/nuclr/Data/Atanas_SF_unified_000776/full/train/2023-01-23-01.npz,882459,c9062134ebd5819d16f5a73c5d8ee49ffbe62725c768eb527d1f00fe6fc703df
atanas,2023-01-23-08,143,143,87,fold0:train|fold1:val|fold2:test|fold3:train|fold4:train,/home/ubuntu/klb/nuclr/nuclr/Data/Atanas_SF_unified_000776/full/val/2023-01-23-08.npz,837603,22de5455e8013a92500efca1f68b96bf10627835d7638ec424b0fb18d26d6074
atanas,2023-01-23-15,147,147,96,fold0:train|fold1:train|fold2:val|fold3:test|fold4:train,/home/ubuntu/klb/nuclr/nuclr/Data/Atanas_SF_unified_000776/full/train/2023-01-23-15.npz,860895,2615350e5c3649580a8664b5a94154826b48bbcae43aecfbba4ea1f1ed1f118d
atanas,2023-01-23-21,126,126,94,fold0:train|fold1:val|fold2:test|fold3:train|fold4:train,/home/ubuntu/klb/nuclr/nuclr/Data/Atanas_SF_unified_000776/full/test/2023-01-23-21.npz,738989,e4ebbe7616ae64d89785d8efec43f93c9a95c94e76dd90545f56457a1cd6cadb
atanas,2023-03-07-01,153,153,82,fold0:train|fold1:train|fold2:train|fold3:val|fold4:test,/home/ubuntu/klb/nuclr/nuclr/Data/Atanas_SF_unified_000776/full/train/2023-03-07-01.npz,893982,e5b9515a392b3e62affe2874b1df9825ecee1e94de55d7300adf10a192635676
rld,20220302-11-45-51,137,137,0,fold0:train|fold1:train|fold2:train|fold3:val|fold4:test,/home/ubuntu/klb/nuclr/nuclr/Data/Dunn_001623/date_disjoint_full95_v1/all/20220302-11-45-51.npz,1472532,8a63df82f78d11662d971ab956cfecfd6d3e4b3c138c074581a62687506b1d67
rld,20220316-15-34-20,123,123,0,fold0:test|fold1:train|fold2:train|fold3:train|fold4:val,/home/ubuntu/klb/nuclr/nuclr/Data/Dunn_001623/date_disjoint_full95_v1/all/20220316-15-34-20.npz,1319340,44bd5fab42de01c69b1114132c052d3f3731f3b960de5769c3d6c068a138fb8a
rld,20220426-11-26-14,121,121,21,fold0:test|fold1:train|fold2:train|fold3:train|fold4:val,/home/ubuntu/klb/nuclr/nuclr/Data/Dunn_001623/date_disjoint_full95_v1/all/20220426-11-26-14.npz,1303057,7db5e3974a5b61cc3a23a36fe17754990505366f285c234cfcae3436715028d4
rld,20220426-11-32-18,140,140,32,fold0:test|fold1:train|fold2:train|fold3:train|fold4:val,/home/ubuntu/klb/nuclr/nuclr/Data/Dunn_001623/date_disjoint_full95_v1/all/20220426-11-32-18.npz,1503533,bb8efa2399ed4ba39e27b79d0366d913ac8cf3a0474e9d10a55e1ce2ac38b944
rld,20221106-21-00-09,84,84,22,fold0:val|fold1:test|fold2:train|fold3:train|fold4:train,/home/ubuntu/klb/nuclr/nuclr/Data/Dunn_001623/date_disjoint_full95_v1/all/20221106-21-00-09.npz,302342,0d52fa6f08d786fa7ee0adc6b6ae0e2cc6c457f2d55a780eacfabaf83128b542
rld,20221106-21-23-19,77,77,30,fold0:test|fold1:train|fold2:train|fold3:train|fold4:val,/home/ubuntu/klb/nuclr/nuclr/Data/Dunn_001623/date_disjoint_full95_v1/all/20221106-21-23-19.npz,279948,e5c1c0fba317e1b6feaf689bc6f580d5b8ce52c34e60943233dd0e03fc0e6487
rld,20221106-21-47-31,71,71,33,fold0:train|fold1:train|fold2:val|fold3:test|fold4:train,/home/ubuntu/klb/nuclr/nuclr/Data/Dunn_001623/date_disjoint_full95_v1/all/20221106-21-47-31.npz,256029,16d48b63bb7df89544136b1857fb6913f27599a855de33ce92457a6b65dd5f1f
rld,20221215-22-02-55,107,107,11,fold0:test|fold1:train|fold2:train|fold3:train|fold4:val,/home/ubuntu/klb/nuclr/nuclr/Data/Dunn_001623/date_disjoint_full95_v1/all/20221215-22-02-55.npz,383980,aa3753eb80ca4e6f2cc192ea35a0f96ac52fe02d2463cb5ed9b2d9d6a116be09
rld,20230317-12-27-51,136,136,5,fold0:train|fold1:val|fold2:test|fold3:train|fold4:train,/home/ubuntu/klb/nuclr/nuclr/Data/Dunn_001623/date_disjoint_full95_v1/all/20230317-12-27-51.npz,490100,809c44ad6a3395dee6bb504b9289a64be52f8c8d9147c27cffd56e63502d55cf
rld,20230317-12-51-42,123,123,5,fold0:test|fold1:train|fold2:train|fold3:train|fold4:val,/home/ubuntu/klb/nuclr/nuclr/Data/Dunn_001623/date_disjoint_full95_v1/all/20230317-12-51-42.npz,448026,d0ea4ab2d7c8aea6b00cde5e3b436267d9020554f3b7409f6a87dfb1d13eb0de
rld,20230322-18-57-04,118,118,25,fold0:test|fold1:train|fold2:train|fold3:train|fold4:val,/home/ubuntu/klb/nuclr/nuclr/Data/Dunn_001623/date_disjoint_full95_v1/all/20230322-18-57-04.npz,635949,ed9e131bfd00612b2de742fa7a0b25c191c5047ffb208edd8bc5ae9f34f5431c
rld,20230322-20-16-50,117,117,31,fold0:train|fold1:train|fold2:train|fold3:val|fold4:test,/home/ubuntu/klb/nuclr/nuclr/Data/Dunn_001623/date_disjoint_full95_v1/all/20230322-20-16-50.npz,632030,5a4c69383f6c10bdfc2d9999ba75aea853a12ac4c9f09fea2bf0710ce9520213
rld,20230322-21-09-13,105,105,4,fold0:train|fold1:train|fold2:train|fold3:val|fold4:test,/home/ubuntu/klb/nuclr/nuclr/Data/Dunn_001623/date_disjoint_full95_v1/all/20230322-21-09-13.npz,566535,0aca8f2cbc2b818bc81a226eada07b5fac897d3dd9831254a6a3e9040f4587af
rld,20230322-21-41-10,119,119,30,fold0:val|fold1:test|fold2:train|fold3:train|fold4:train,/home/ubuntu/klb/nuclr/nuclr/Data/Dunn_001623/date_disjoint_full95_v1/all/20230322-21-41-10.npz,639978,09727bd5232dfa40df415d5fad5103579618f43b17c648bd1eac9eb84f0bd883
rld,20230322-22-12-12,110,110,3,fold0:test|fold1:train|fold2:train|fold3:train|fold4:val,/home/ubuntu/klb/nuclr/nuclr/Data/Dunn_001623/date_disjoint_full95_v1/all/20230322-22-12-12.npz,593033,0119e4e581c9353f568f135d90988dce647f85d2b096b25f77aa1fc3ed58586b
rld,20230322-22-43-03,116,116,32,fold0:val|fold1:test|fold2:train|fold3:train|fold4:train,/home/ubuntu/klb/nuclr/nuclr/Data/Dunn_001623/date_disjoint_full95_v1/all/20230322-22-43-03.npz,621015,42151d86757f7fdd643a2f5c987d1b80282de98bc9a77424caec8d6f5ffd7bad
rld,20230412-20-15-17,123,123,23,fold0:train|fold1:train|fold2:val|fold3:test|fold4:train,/home/ubuntu/klb/nuclr/nuclr/Data/Dunn_001623/date_disjoint_full95_v1/all/20230412-20-15-17.npz,666496,51570b62cd95cb9665996b570aa1e659117ace4261267b70160dc297091edc78
rld,20230502-20-05-02,103,103,1,fold0:train|fold1:train|fold2:val|fold3:test|fold4:train,/home/ubuntu/klb/nuclr/nuclr/Data/Dunn_001623/date_disjoint_full95_v1/all/20230502-20-05-02.npz,559020,378ce7ca38db3782de8ef4b580e5b17d484e33dfb7e1bf61d3933c547825b77d
rld,20230502-20-41-23,93,93,2,fold0:val|fold1:test|fold2:train|fold3:train|fold4:train,/home/ubuntu/klb/nuclr/nuclr/Data/Dunn_001623/date_disjoint_full95_v1/all/20230502-20-41-23.npz,503938,eb79fbb23adc3938f27a0e299d3e9e17e0edb69206657390d4077673a745346f
rld,20230506-12-56-00,104,104,32,fold0:train|fold1:val|fold2:test|fold3:train|fold4:train,/home/ubuntu/klb/nuclr/nuclr/Data/Dunn_001623/date_disjoint_full95_v1/all/20230506-12-56-00.npz,561548,c258b3dce13d4996412f4ed1909d675648d86df1a83411a9c5d259ea9e5f4bfe
rld,20230506-13-32-08,92,92,16,fold0:train|fold1:train|fold2:train|fold3:val|fold4:test,/home/ubuntu/klb/nuclr/nuclr/Data/Dunn_001623/date_disjoint_full95_v1/all/20230506-13-32-08.npz,497483,0f4cff916f9712a4dfccd0f30e058bd283b3eecdafc9df91025729e2703be395
rld,20230506-14-24-57,111,111,37,fold0:train|fold1:train|fold2:train|fold3:val|fold4:test,/home/ubuntu/klb/nuclr/nuclr/Data/Dunn_001623/date_disjoint_full95_v1/all/20230506-14-24-57.npz,597961,abdc87dcd17cdf1606afbe9bb930b295072ba50f5240946ab790665af3f56d61
rld,20230506-15-01-45,93,93,38,fold0:train|fold1:train|fold2:val|fold3:test|fold4:train,/home/ubuntu/klb/nuclr/nuclr/Data/Dunn_001623/date_disjoint_full95_v1/all/20230506-15-01-45.npz,507277,ada241f4efbb36c9549122c067d183e520994e8404d326902d5c5c9315fdcf0b
rld,20230506-15-33-51,103,103,29,fold0:train|fold1:val|fold2:test|fold3:train|fold4:train,/home/ubuntu/klb/nuclr/nuclr/Data/Dunn_001623/date_disjoint_full95_v1/all/20230506-15-33-51.npz,559416,9d1ec781bb30612acfa24aa8ebd3590e752d4e18f7e1cdf890255e7fdb1c58fe
rld,20230510-12-53-34,114,114,40,fold0:train|fold1:val|fold2:test|fold3:train|fold4:train,/home/ubuntu/klb/nuclr/nuclr/Data/Dunn_001623/date_disjoint_full95_v1/all/20230510-12-53-34.npz,615955,5c4af1bce1438ebdba97f820dae84e3547a8a422d60ff177b0bae7317f83bdb3
rld,20230510-13-25-46,110,110,32,fold0:train|fold1:train|fold2:val|fold3:test|fold4:train,/home/ubuntu/klb/nuclr/nuclr/Data/Dunn_001623/date_disjoint_full95_v1/all/20230510-13-25-46.npz,593370,026104ff57aeb61f7a25e7c8681298e3bf9e3848e01b39c4d88bec5b15a7412e
rld,20230510-15-49-47,91,91,29,fold0:train|fold1:train|fold2:val|fold3:test|fold4:train,/home/ubuntu/klb/nuclr/nuclr/Data/Dunn_001623/date_disjoint_full95_v1/all/20230510-15-49-47.npz,497250,c6a68f961b3740cce90e5aaeb1ca5269fbae488ff885bf9df04d2492c7d93c95
rld,20230510-16-36-46,89,89,23,fold0:test|fold1:train|fold2:train|fold3:train|fold4:val,/home/ubuntu/klb/nuclr/nuclr/Data/Dunn_001623/date_disjoint_full95_v1/all/20230510-16-36-46.npz,485134,716d3ef3cce5f496c0b2ef1b479eefc70267117c8fbe8510ee7fd19a8e9fecb7
rld,20230604-15-10-44,97,97,2,fold0:train|fold1:train|fold2:val|fold3:test|fold4:train,/home/ubuntu/klb/nuclr/nuclr/Data/Dunn_001623/date_disjoint_full95_v1/all/20230604-15-10-44.npz,528295,797b1eba9c29e30dfd27a967b9932b810f7afa571d0d33f9243daaa70fb0fdbf
rld,20230604-15-50-12,95,95,2,fold0:train|fold1:val|fold2:test|fold3:train|fold4:train,/home/ubuntu/klb/nuclr/nuclr/Data/Dunn_001623/date_disjoint_full95_v1/all/20230604-15-50-12.npz,514909,2b276d64e28c1535e1562f3473ecbb596db1984f8a31caca4c9d778f43261e4a
rld,20230604-16-22-56,87,87,2,fold0:train|fold1:val|fold2:test|fold3:train|fold4:train,/home/ubuntu/klb/nuclr/nuclr/Data/Dunn_001623/date_disjoint_full95_v1/all/20230604-16-22-56.npz,473722,4a3677195d7ad4758b59da260dac9440c845d3c8d1634c0cbe1677f02fdd7b29
rld,20230604-17-09-01,98,98,2,fold0:val|fold1:test|fold2:train|fold3:train|fold4:train,/home/ubuntu/klb/nuclr/nuclr/Data/Dunn_001623/date_disjoint_full95_v1/all/20230604-17-09-01.npz,529967,475c8f52e519daa2c0fd76a6153db5b555bdd8bc82466362c59d0599902cc96e
rld,20230903-15-10-21,110,110,7,fold0:train|fold1:train|fold2:val|fold3:test|fold4:train,/home/ubuntu/klb/nuclr/nuclr/Data/Dunn_001623/date_disjoint_full95_v1/all/20230903-15-10-21.npz,598598,3988f0b91b74e77a290c5ec5504a6950ef398d28bdfa46f5dfb3e2038caa8547
rld,20230903-16-32-28,129,129,7,fold0:val|fold1:test|fold2:train|fold3:train|fold4:train,/home/ubuntu/klb/nuclr/nuclr/Data/Dunn_001623/date_disjoint_full95_v1/all/20230903-16-32-28.npz,691456,8c8813530f0715fb9328a0c6642244311bb5165a04d2595155b571312d2ffb05
rld,20230903-17-18-45,114,114,7,fold0:test|fold1:train|fold2:train|fold3:train|fold4:val,/home/ubuntu/klb/nuclr/nuclr/Data/Dunn_001623/date_disjoint_full95_v1/all/20230903-17-18-45.npz,620807,5187aaa2ef2caa2f33bb881239ddbe457ed99a9f68d3e175fc3583b59825fbe5
rld,20230903-18-20-19,125,125,6,fold0:train|fold1:train|fold2:val|fold3:test|fold4:train,/home/ubuntu/klb/nuclr/nuclr/Data/Dunn_001623/date_disjoint_full95_v1/all/20230903-18-20-19.npz,675580,bde41c94d7c19d6e3ad18df857e88cfb0c95b60022ae4532311f97a5df048c82
rld,20230903-19-07-30,113,113,6,fold0:val|fold1:test|fold2:train|fold3:train|fold4:train,/home/ubuntu/klb/nuclr/nuclr/Data/Dunn_001623/date_disjoint_full95_v1/all/20230903-19-07-30.npz,611496,37ddf562291da85b4dfaa8e2c59bbfe8a58041009005730f9f19980eaa792f96
rld,20230904-14-30-52,115,115,53,fold0:test|fold1:train|fold2:train|fold3:train|fold4:val,/home/ubuntu/klb/nuclr/nuclr/Data/Dunn_001623/date_disjoint_full95_v1/all/20230904-14-30-52.npz,621750,b9e474293397f75894eee54c9e5371da73def174e8182d57c534af853ddac512
rld,20230904-15-09-05,107,107,47,fold0:val|fold1:test|fold2:train|fold3:train|fold4:train,/home/ubuntu/klb/nuclr/nuclr/Data/Dunn_001623/date_disjoint_full95_v1/all/20230904-15-09-05.npz,584176,f3b0d83fbcb27f8fb4babc90291d89346ebab46aacc80ba9d3e57816bd5966a7
rld,20230904-15-59-40,114,114,37,fold0:train|fold1:train|fold2:train|fold3:val|fold4:test,/home/ubuntu/klb/nuclr/nuclr/Data/Dunn_001623/date_disjoint_full95_v1/all/20230904-15-59-40.npz,617472,3ea8a636408f6954061bb519cc74ecfde91cc1a423fe2b4d2037fd4f8ee984cb
rld,20230909-14-26-56,117,117,14,fold0:train|fold1:train|fold2:val|fold3:test|fold4:train,/home/ubuntu/klb/nuclr/nuclr/Data/Dunn_001623/date_disjoint_full95_v1/all/20230909-14-26-56.npz,634453,a3442d62c59dc33a5b0c53b96ae2fe0ea92632e8e75e4b0b4b7d7edbd5ac3937
rld,20230909-15-40-07,104,104,17,fold0:val|fold1:test|fold2:train|fold3:train|fold4:train,/home/ubuntu/klb/nuclr/nuclr/Data/Dunn_001623/date_disjoint_full95_v1/all/20230909-15-40-07.npz,561995,0be1ba33dd8a46ff03bc7bcba4826ec796d20e491b70cb76fdcea0c087a331ae
rld,20230909-16-14-25,97,97,6,fold0:val|fold1:test|fold2:train|fold3:train|fold4:train,/home/ubuntu/klb/nuclr/nuclr/Data/Dunn_001623/date_disjoint_full95_v1/all/20230909-16-14-25.npz,524447,6f2372dcd2a244f5f321777c6858d7b8f6228d1ab33ffc1e832a768cde327486
rld,20230909-16-48-09,107,107,32,fold0:train|fold1:val|fold2:test|fold3:train|fold4:train,/home/ubuntu/klb/nuclr/nuclr/Data/Dunn_001623/date_disjoint_full95_v1/all/20230909-16-48-09.npz,580481,464166cbf10e0aa05e86db6c575d6d410ea46bec585e42d504a1dc574ba5c49d
rld,20230921-17-15-33,104,104,5,fold0:val|fold1:test|fold2:train|fold3:train|fold4:train,/home/ubuntu/klb/nuclr/nuclr/Data/Dunn_001623/date_disjoint_full95_v1/all/20230921-17-15-33.npz,562857,298f265109500dfff384381bb6a464673b5ed53500eee1fbdf4d2987fb9e3bf6
rld,20240426-22-49-55,51,51,7,fold0:train|fold1:val|fold2:test|fold3:train|fold4:train,/home/ubuntu/klb/nuclr/nuclr/Data/Dunn_001623/date_disjoint_full95_v1/all/20240426-22-49-55.npz,559794,8a955aadb345d9295463af7ac2d59891d205094ec14151438a3cc5e3c88d260a
rld,20240426-23-12-40,46,46,8,fold0:test|fold1:train|fold2:train|fold3:train|fold4:val,/home/ubuntu/klb/nuclr/nuclr/Data/Dunn_001623/date_disjoint_full95_v1/all/20240426-23-12-40.npz,506220,2ad62ae570deca5c8b328e614a1151786048425dd9db75eda979fb78e9959773
rld,20240427-12-43-44,57,57,6,fold0:train|fold1:train|fold2:val|fold3:test|fold4:train,/home/ubuntu/klb/nuclr/nuclr/Data/Dunn_001623/date_disjoint_full95_v1/all/20240427-12-43-44.npz,621093,16b70c206af336232483edb4d0b2913b8dfeabae04f44e48ebd99eb11cc12475
rld,20240430-20-31-05,72,72,7,fold0:test|fold1:train|fold2:train|fold3:train|fold4:val,/home/ubuntu/klb/nuclr/nuclr/Data/Dunn_001623/date_disjoint_full95_v1/all/20240430-20-31-05.npz,785210,0b8b25fe98667ac3e28c470f5fa5f015fe5e2afd7c76e755a0fe78cf6c54e7a0
rld,20240430-21-04-44,55,55,11,fold0:train|fold1:val|fold2:test|fold3:train|fold4:train,/home/ubuntu/klb/nuclr/nuclr/Data/Dunn_001623/date_disjoint_full95_v1/all/20240430-21-04-44.npz,600253,936a06ab47f1d3bf92974f8cf8939be82ba296daf2522a117d017d38a3b4b379
rld,20240526-17-36-55,53,53,5,fold0:train|fold1:train|fold2:val|fold3:test|fold4:train,/home/ubuntu/klb/nuclr/nuclr/Data/Dunn_001623/date_disjoint_full95_v1/all/20240526-17-36-55.npz,864825,3b1c0a2703e286c27f30bff702b3722685daad268f47c6f87171b4dadff22e94
rld,20240526-18-19-39,49,49,5,fold0:test|fold1:train|fold2:train|fold3:train|fold4:val,/home/ubuntu/klb/nuclr/nuclr/Data/Dunn_001623/date_disjoint_full95_v1/all/20240526-18-19-39.npz,800264,72e8c9bca3292919a7505c800e23430bb1c5d53c171bbe9c14254eb89ad994df
rld,20240526-19-18-14,71,71,9,fold0:val|fold1:test|fold2:train|fold3:train|fold4:train,/home/ubuntu/klb/nuclr/nuclr/Data/Dunn_001623/date_disjoint_full95_v1/all/20240526-19-18-14.npz,1144369,68fbc5c1ba5ab06d85734c17c37904e45eebc01ea70880fa83998efcc036c975
rld,20240526-19-51-22,81,81,4,fold0:train|fold1:train|fold2:train|fold3:val|fold4:test,/home/ubuntu/klb/nuclr/nuclr/Data/Dunn_001623/date_disjoint_full95_v1/all/20240526-19-51-22.npz,1283974,25050915ec7a88edb8fb4584db70b7d53df3c0b0cd0aad1583d0a9650a97030a
rld,20240626-12-35-05,53,53,10,fold0:train|fold1:val|fold2:test|fold3:train|fold4:train,/home/ubuntu/klb/nuclr/nuclr/Data/Dunn_001623/date_disjoint_full95_v1/all/20240626-12-35-05.npz,860462,f4cedb7a420d7774a83278715e8500e456a17709b343160926e7b0e472c762c6
rld,20240626-13-22-25,80,80,9,fold0:train|fold1:val|fold2:test|fold3:train|fold4:train,/home/ubuntu/klb/nuclr/nuclr/Data/Dunn_001623/date_disjoint_full95_v1/all/20240626-13-22-25.npz,1293937,2d9fca5521e033faf6fb9e786e816cb14a7f21b7be6363a72eb513809e06de22
rld,20240626-13-55-40,45,45,8,fold0:train|fold1:train|fold2:val|fold3:test|fold4:train,/home/ubuntu/klb/nuclr/nuclr/Data/Dunn_001623/date_disjoint_full95_v1/all/20240626-13-55-40.npz,739990,7e3414d44de376801ac5af332e900c942b181f8ff6cab5d9c4fd84f82ab0db82
rld,20240626-14-30-55,55,55,9,fold0:test|fold1:train|fold2:train|fold3:train|fold4:val,/home/ubuntu/klb/nuclr/nuclr/Data/Dunn_001623/date_disjoint_full95_v1/all/20240626-14-30-55.npz,895547,7f665969f8ddca21232fc424235e94fef729b467802771413c7c5873d120dd71
rld,20240626-15-08-33,58,58,7,fold0:train|fold1:train|fold2:train|fold3:val|fold4:test,/home/ubuntu/klb/nuclr/nuclr/Data/Dunn_001623/date_disjoint_full95_v1/all/20240626-15-08-33.npz,941538,e3416ecbf3c88b575f51f1292b96491279220d7f1a2e96473afa19547aa9f98a
rld,20240629-14-14-08,85,85,8,fold0:test|fold1:train|fold2:train|fold3:train|fold4:val,/home/ubuntu/klb/nuclr/nuclr/Data/Dunn_001623/date_disjoint_full95_v1/all/20240629-14-14-08.npz,1364189,9d3166a38c17c92c9a9f4c9994076d4628c0be5af0965299942b85c229f1d186
rld,20240629-14-48-32,62,62,8,fold0:train|fold1:train|fold2:train|fold3:val|fold4:test,/home/ubuntu/klb/nuclr/nuclr/Data/Dunn_001623/date_disjoint_full95_v1/all/20240629-14-48-32.npz,1009255,05c3fc68f906dcfba013abfbcbc9ad84905083800cbc00be7cd684851c467841
rld,20240629-17-55-55,71,71,7,fold0:train|fold1:val|fold2:test|fold3:train|fold4:train,/home/ubuntu/klb/nuclr/nuclr/Data/Dunn_001623/date_disjoint_full95_v1/all/20240629-17-55-55.npz,1148159,9a72b11f17fd8ea78794e4b61cf62f238eef979dc419e1924ae06055e12e117c
rld,20240629-20-22-10,79,79,10,fold0:train|fold1:train|fold2:val|fold3:test|fold4:train,/home/ubuntu/klb/nuclr/nuclr/Data/Dunn_001623/date_disjoint_full95_v1/all/20240629-20-22-10.npz,1278525,3e6a76ecd5c55b097018683eaa206aa33fcb60a9594379f5ad1ec39635d7acca
rld,20240629-20-59-45,67,67,6,fold0:train|fold1:train|fold2:train|fold3:val|fold4:test,/home/ubuntu/klb/nuclr/nuclr/Data/Dunn_001623/date_disjoint_full95_v1/all/20240629-20-59-45.npz,1088692,21170dd357664c632d06613ad89a5a78fdd662b4f63a4b62ac6c1be8555d2389
rld,20240714-15-24-26,61,61,9,fold0:train|fold1:train|fold2:train|fold3:val|fold4:test,/home/ubuntu/klb/nuclr/nuclr/Data/Dunn_001623/date_disjoint_full95_v1/all/20240714-15-24-26.npz,991282,41268b9bd7733337cc30695107dbc88c536f793cbf5e5817568acfdec22dee76
rld,20240714-16-04-26,48,48,8,fold0:val|fold1:test|fold2:train|fold3:train|fold4:train,/home/ubuntu/klb/nuclr/nuclr/Data/Dunn_001623/date_disjoint_full95_v1/all/20240714-16-04-26.npz,785322,934853d0647d84581cfe8f9168c5e11fdd133a367a949ddf647690071e2317b8
rld,20240714-17-28-58,60,60,6,fold0:train|fold1:train|fold2:train|fold3:val|fold4:test,/home/ubuntu/klb/nuclr/nuclr/Data/Dunn_001623/date_disjoint_full95_v1/all/20240714-17-28-58.npz,979700,9c9f08defdab9b830502e248dff5d37549049d5410381271ecf7300e6181c42d
rld,20240724-14-26-00,57,57,8,fold0:train|fold1:train|fold2:train|fold3:val|fold4:test,/home/ubuntu/klb/nuclr/nuclr/Data/Dunn_001623/date_disjoint_full95_v1/all/20240724-14-26-00.npz,923104,9f93a331c924f2c82bac46321a2e91d8c39c14ba02e4e9dd1bd2d946d4f9b5da
rld,20240724-15-07-00,58,58,8,fold0:val|fold1:test|fold2:train|fold3:train|fold4:train,/home/ubuntu/klb/nuclr/nuclr/Data/Dunn_001623/date_disjoint_full95_v1/all/20240724-15-07-00.npz,946934,21c17a66317a92d25b59a02616818529c4beac70a5540fe93371c0969881e95c
rld,20240724-15-48-55,50,50,8,fold0:train|fold1:train|fold2:val|fold3:test|fold4:train,/home/ubuntu/klb/nuclr/nuclr/Data/Dunn_001623/date_disjoint_full95_v1/all/20240724-15-48-55.npz,818425,db3d13668763394b61914a2d84cacd0fa3e503415fc0aaa32c86cd9b80cc6d38
rld,20240724-16-28-26,53,53,6,fold0:train|fold1:val|fold2:test|fold3:train|fold4:train,/home/ubuntu/klb/nuclr/nuclr/Data/Dunn_001623/date_disjoint_full95_v1/all/20240724-16-28-26.npz,866188,668621b6de7cf485dc1aa471fc52666f12f364b0a05d331e62fe8158593e1ce4
rld,20240724-17-40-58,61,61,8,fold0:train|fold1:val|fold2:test|fold3:train|fold4:train,/home/ubuntu/klb/nuclr/nuclr/Data/Dunn_001623/date_disjoint_full95_v1/all/20240724-17-40-58.npz,990750,2c4941978753a891294b8623a82ecb5e4bf3fb0ffc9cf3c1ab333b63ada38034
rld,20240828-14-16-29,127,127,25,fold0:train|fold1:train|fold2:train|fold3:val|fold4:test,/home/ubuntu/klb/nuclr/nuclr/Data/Dunn_001623/date_disjoint_full95_v1/all/20240828-14-16-29.npz,688303,75783919454ba3046b2d4d669a32ca443da26cb7665691078c2f7e7d176e5c01
rld,20240828-14-57-38,118,118,21,fold0:train|fold1:train|fold2:val|fold3:test|fold4:train,/home/ubuntu/klb/nuclr/nuclr/Data/Dunn_001623/date_disjoint_full95_v1/all/20240828-14-57-38.npz,637153,91244ae3bdb72d013b36a341a2c81b818e0ddb569513b5cac0f4ead8ae54f1da
rld,20240828-15-51-58,106,106,24,fold0:train|fold1:train|fold2:val|fold3:test|fold4:train,/home/ubuntu/klb/nuclr/nuclr/Data/Dunn_001623/date_disjoint_full95_v1/all/20240828-15-51-58.npz,575066,a6c1279495c76f484371e948580f57e75ee64726b0c34a8ae19e2be3c5c337c6
rld,20240828-16-23-54,112,112,20,fold0:train|fold1:train|fold2:val|fold3:test|fold4:train,/home/ubuntu/klb/nuclr/nuclr/Data/Dunn_001623/date_disjoint_full95_v1/all/20240828-16-23-54.npz,607733,d61f7b7389263aa12f73bd4b8980f92bbcf474cbbb0eb8589ce91ce1a1c77780
rld,20240828-17-07-39,109,109,17,fold0:test|fold1:train|fold2:train|fold3:train|fold4:val,/home/ubuntu/klb/nuclr/nuclr/Data/Dunn_001623/date_disjoint_full95_v1/all/20240828-17-07-39.npz,593825,75eef3e35824ab805e31c2c281d2d257f27ff929f13e19bba239bcba0b3eae89
rld,20240829-13-00-31,111,111,19,fold0:test|fold1:train|fold2:train|fold3:train|fold4:val,/home/ubuntu/klb/nuclr/nuclr/Data/Dunn_001623/date_disjoint_full95_v1/all/20240829-13-00-31.npz,602923,85b4d435acea24184f830b75f915f643cdfbf1d9bb60e141a7042f02fe4865fc
rld,20240829-13-39-15,109,109,15,fold0:val|fold1:test|fold2:train|fold3:train|fold4:train,/home/ubuntu/klb/nuclr/nuclr/Data/Dunn_001623/date_disjoint_full95_v1/all/20240829-13-39-15.npz,592338,59ac7db07580ab84e10a985496b706aff00c82d3ddc6a3161babfe5466b3b8b9
rld,20240902-15-36-41,118,118,18,fold0:train|fold1:train|fold2:val|fold3:test|fold4:train,/home/ubuntu/klb/nuclr/nuclr/Data/Dunn_001623/date_disjoint_full95_v1/all/20240902-15-36-41.npz,638436,b3f6973656d46d64c7deee71bbec83bf546b837170a4757877d3cea065292a96
rld,20240902-16-12-10,115,115,19,fold0:train|fold1:val|fold2:test|fold3:train|fold4:train,/home/ubuntu/klb/nuclr/nuclr/Data/Dunn_001623/date_disjoint_full95_v1/all/20240902-16-12-10.npz,625387,2786a20338f3b8e6acd47d7676f31ee1511b214b521ce05d717dc256aed6b1c7
rld,20240902-16-53-12,111,111,20,fold0:train|fold1:train|fold2:train|fold3:val|fold4:test,/home/ubuntu/klb/nuclr/nuclr/Data/Dunn_001623/date_disjoint_full95_v1/all/20240902-16-53-12.npz,600117,cd9e57955bbf93f2c91080ce93a78f8247aca641fe468e96dd993760207df1d4
rld,20240902-17-33-24,121,121,22,fold0:test|fold1:train|fold2:train|fold3:train|fold4:val,/home/ubuntu/klb/nuclr/nuclr/Data/Dunn_001623/date_disjoint_full95_v1/all/20240902-17-33-24.npz,654641,697b17f6415871d4f66c6c6a43b10692d9fafb22e7ec3ba1db2f48fc6253d74b
rld,20240902-18-09-07,124,124,19,fold0:val|fold1:test|fold2:train|fold3:train|fold4:train,/home/ubuntu/klb/nuclr/nuclr/Data/Dunn_001623/date_disjoint_full95_v1/all/20240902-18-09-07.npz,669226,514436d2f29a4e5d00ae6deb487b10b4bbba4c3929d24f91f58dc94925316afa
rld,20240902-18-51-10,111,111,21,fold0:train|fold1:val|fold2:test|fold3:train|fold4:train,/home/ubuntu/klb/nuclr/nuclr/Data/Dunn_001623/date_disjoint_full95_v1/all/20240902-18-51-10.npz,603788,bd34d2cca518f06126504d92d42d40c73774f54bd0e9867f2c89715fba9db185
rld,20240902-20-11-40,111,111,24,fold0:train|fold1:val|fold2:test|fold3:train|fold4:train,/home/ubuntu/klb/nuclr/nuclr/Data/Dunn_001623/date_disjoint_full95_v1/all/20240902-20-11-40.npz,602340,9ba78f905eab012c1863f0c42a5906e4fa680a85e39c9d6f6afbab50a2b66211
rld,20240904-14-55-14,103,103,26,fold0:train|fold1:train|fold2:train|fold3:val|fold4:test,/home/ubuntu/klb/nuclr/nuclr/Data/Dunn_001623/date_disjoint_full95_v1/all/20240904-14-55-14.npz,562977,52a2ef5c820c01456b870cae68636aa24637810ac48f32aaa1de59a8e89b6594
rld,20240904-15-32-57,98,98,17,fold0:train|fold1:train|fold2:train|fold3:val|fold4:test,/home/ubuntu/klb/nuclr/nuclr/Data/Dunn_001623/date_disjoint_full95_v1/all/20240904-15-32-57.npz,531524,038d76d4bb308e445d45a370dd8bb4befffd21a13b9fa069cc7553b6cafc0d03
rld,20240904-16-13-38,108,108,24,fold0:val|fold1:test|fold2:train|fold3:train|fold4:train,/home/ubuntu/klb/nuclr/nuclr/Data/Dunn_001623/date_disjoint_full95_v1/all/20240904-16-13-38.npz,587011,d219fc3ae6bb4d95d248262b2967529d6b5592629d82c69f4bd1e9259471b25d
rld,20240904-16-51-21,108,108,23,fold0:train|fold1:train|fold2:train|fold3:val|fold4:test,/home/ubuntu/klb/nuclr/nuclr/Data/Dunn_001623/date_disjoint_full95_v1/all/20240904-16-51-21.npz,587442,2f690aec8cb499d313103dbd9112c8dcac84b264869d1a8c009c4ed5d1154577
rld,20240904-17-29-27,104,104,26,fold0:val|fold1:test|fold2:train|fold3:train|fold4:train,/home/ubuntu/klb/nuclr/nuclr/Data/Dunn_001623/date_disjoint_full95_v1/all/20240904-17-29-27.npz,565447,5d922b817011850ebafba8c2d0e5be7bbba2e4f65f74bcc295390d3996dad50b
rld,20240917-20-18-26,78,78,22,fold0:train|fold1:val|fold2:test|fold3:train|fold4:train,/home/ubuntu/klb/nuclr/nuclr/Data/Dunn_001623/date_disjoint_full95_v1/all/20240917-20-18-26.npz,427461,4b7cc6e42c9cdfaacf14054751bc1c16396c1fba4e8a07588cff5e16cc478801
rld,20240917-20-52-20,78,78,21,fold0:train|fold1:train|fold2:train|fold3:val|fold4:test,/home/ubuntu/klb/nuclr/nuclr/Data/Dunn_001623/date_disjoint_full95_v1/all/20240917-20-52-20.npz,428566,bb3286b75c85828cbd831e2fe98318ca2082403a7c3fc18431ea1d654b2525a7
rld,20240917-21-32-57,107,107,21,fold0:val|fold1:test|fold2:train|fold3:train|fold4:train,/home/ubuntu/klb/nuclr/nuclr/Data/Dunn_001623/date_disjoint_full95_v1/all/20240917-21-32-57.npz,582384,47b06b0331b5f333fdca2898688e232a63745e7e9b6eb0d075d8fa75c1e9b9af
rld,20240917-22-37-14,121,121,20,fold0:train|fold1:val|fold2:test|fold3:train|fold4:train,/home/ubuntu/klb/nuclr/nuclr/Data/Dunn_001623/date_disjoint_full95_v1/all/20240917-22-37-14.npz,653808,15e28f0ece35d5824a98a1c4247bf5491ed8a412824dff3b27ad3de2ac7fbad8
