dataset,fold,seed,query_uid,query_index,gt_identity,target_col,target_score,strictly_greater_candidates,equal_score_candidates,rank_min,rank_max,top1_competition_credit,top1_fractional_tie_credit,top5_competition_credit,top5_fractional_tie_credit,stable_top5_candidate_cols,stable_top5_identities,stable_top5_scores
atanas,3,42,2022-07-20-01,0,CEPDL,3,0.06183880940079689,1,1,2,2,0,0.0,1,1.0,2|3|46|18|45,AWAL|CEPDL|ASIR|RIVL|ASGL,0.476923972|0.0618388094|0.016084848|0.0124429455|0.0107772863
atanas,3,42,2022-07-20-01,2,RMEL,72,0.0020954932551831007,6,1,7,7,0,0.0,0,0.0,36|9|68|17|13,AVAL|AWCL|SMDVL|CEPVL|AWBL,0.424902886|0.27685219|0.200323686|0.0708781481|0.0158392675
atanas,3,42,2022-07-20-01,3,AIBR,50,0.24363276362419128,0,1,1,1,1,1.0,1,1.0,50|42|71|58|35,AIBR|AWAR|AIZR|AVER|AVDR,0.243632764|0.0977975205|0.0913113579|0.0290334579|0.0289442167
atanas,3,42,2022-07-20-01,6,AIBL,34,0.003269484033808112,6,1,7,7,0,0.0,0,0.0,20|31|15|84|43,RIR|RIBL|RMF?|SIBVR|RMDDL,0.464594513|0.0223705545|0.0155322114|0.00725248456|0.00606048666
atanas,3,42,2022-07-20-01,8,RMER,53,0.45729658007621765,0,1,1,1,1,1.0,1,1.0,53|67|58|50|42,RMER|AWBR|AVER|AIBR|AWAR,0.45729658|0.277185112|0.101928763|0.0397096314|0.0103004295
atanas,3,42,2022-07-20-01,10,OLQDR,1,0.03511568158864975,4,1,5,5,0,0.0,1,1.0,62|23|3|38|1,RID|CEPDR|CEPDL|URXL|OLQDR,0.421843827|0.358295828|0.0521088094|0.0399417132|0.0351156816
atanas,3,42,2022-07-20-01,13,URXR,29,0.5650648474693298,0,1,1,1,1,1.0,1,1.0,29|21|38|63|19,URXR|RIVR|URXL|M1|AVJR,0.565064847|0.109861694|0.0802567378|0.0117210578|0.00339736766
atanas,3,42,2022-07-20-01,19,IL2DL,7,0.6368153095245361,0,1,1,1,1,1.0,1,1.0,7|76|41|73|61,IL2DL|IL2L|I3|M3L|URBL,0.63681531|0.190031812|0.142485186|0.0135822929|0.00802860316
atanas,3,42,2022-07-20-01,20,URXL,38,2.0107744092001667e-07,20,1,21,21,0,0.0,0,0.0,75|46|45|2|89,AVJL|ASIR|ASGL|AWAL|ASEL,0.504251957|0.24753952|0.0870848671|0.0777974576|0.045384936
atanas,3,42,2022-07-20-01,22,IL2VL,88,0.6143773198127747,0,1,1,1,1,1.0,1,1.0,88|33|24|6|60,IL2VL|IL1VL|URYVL|I2L|NSML,0.61437732|0.168099597|0.0999877155|0.0716677085|0.0347814038
atanas,3,42,2022-07-20-01,28,ASGR,47,5.937529135024988e-09,37,1,38,38,0,0.0,0,0.0,31|14|89|20|34,RIBL|AVDL|ASEL|RIR|AIBL,0.453051448|0.395478934|0.0961348563|0.0218530595|0.0131118167
atanas,3,42,2022-07-20-01,29,CEPDR,23,0.41139617562294006,0,1,1,1,1,1.0,1,1.0,23|29|63|21|62,CEPDR|URXR|M1|RIVR|RID,0.411396176|0.291687191|0.154367626|0.101031095|0.0105967103
atanas,3,42,2022-07-20-01,30,M4,30,0.006324960384517908,7,1,8,8,0,0.0,0,0.0,78|8|49|80|0,OLQDL|OLLL|IL1DR|IL1DL|URYDL,0.488404602|0.244109482|0.108039863|0.105875865|0.0173803195
atanas,3,42,2022-07-20-01,33,URYVL,24,0.20465576648712158,1,1,2,2,0,0.0,1,1.0,27|24|82|61|72,OLQVL|URYVL|BAGL|URBL|RMEL,0.433723152|0.204655766|0.193811059|0.0889053717|0.0297912434
atanas,3,42,2022-07-20-01,34,ASEL,89,3.228197265059407e-09,42,1,43,43,0,0.0,0,0.0,19|42|35|86|47,AVJR|AWAR|AVDR|AINR|ASGR,0.141234651|0.093221359|0.0483851843|0.0442488603|0.0343772471
atanas,3,42,2022-07-20-01,39,URYVR,83,1.4356254851577432e-08,43,1,44,44,0,0.0,0,0.0,58|39|53|28|50,AVER|OLQVR|RMER|URBR|AIBR,0.535000265|0.227577388|0.113617562|0.0514405705|0.0403140783
atanas,3,42,2022-07-20-01,40,URBL,61,0.10895693302154541,2,1,3,3,0,0.0,1,1.0,76|82|61|70|27,IL2L|BAGL|URBL|IL1L|OLQVL,0.51215601|0.254227847|0.108956933|0.0778640881|0.0154632712
atanas,3,42,2022-07-20-01,41,MCR,57,0.3822377622127533,1,1,2,2,0,0.0,1,1.0,55|57|54|52|83,M3R|MCR|I2R|NSMR|URYVR,0.439337671|0.382237762|0.0770124719|0.0400190391|0.0293798894
atanas,3,42,2022-07-20-01,43,RIBL,31,0.001486061024479568,12,1,13,13,0,0.0,0,0.0,20|84|40|87|15,RIR|SIBVR|AUAL|SMB?L|RMF?,0.349635839|0.258952677|0.207249224|0.0809089392|0.0235173088
atanas,3,42,2022-07-20-01,45,I2R,54,0.015225255861878395,5,1,6,6,0,0.0,0,0.0,52|83|55|10|81,NSMR|URYVR|M3R|IL1R|IL2VR,0.407566339|0.391050518|0.107766859|0.0431692749|0.0280373078
atanas,3,42,2022-07-20-01,47,RID,62,0.010555760003626347,2,1,3,3,0,0.0,1,1.0,38|29|62|3|21,URXL|URXR|RID|CEPDL|RIVR,0.865470946|0.0154131977|0.01055576|0.00281312363|0.000325937232
atanas,3,42,2022-07-20-01,53,OLQDL,78,0.07517379522323608,2,1,3,3,0,0.0,1,1.0,3|38|78|51|17,CEPDL|URXL|OLQDL|SAAVL|CEPVL,0.830145001|0.0771414712|0.0751737952|0.0140230665|0.000883559173
atanas,3,42,2022-07-20-01,54,AWBR,67,0.012844288721680641,6,1,7,7,0,0.0,0,0.0,35|19|47|42|21,AVDR|AVJR|ASGR|AWAR|RIVR,0.351348966|0.206282273|0.139730662|0.138439894|0.0487525389
atanas,3,42,2022-07-20-01,55,NSML,60,0.00025780880241654813,8,1,9,9,0,0.0,0,0.0,16|33|54|73|52,MCL|IL1VL|I2R|M3L|NSMR,0.554996848|0.232294247|0.134759873|0.057647381|0.0177284647
atanas,3,42,2022-07-20-01,57,SAAVL,51,0.41757485270500183,0,1,1,1,1,1.0,1,1.0,51|2|34|45|13,SAAVL|AWAL|AIBL|ASGL|AWBL,0.417574853|0.221692413|0.142256632|0.117874026|0.0884582773
atanas,3,42,2022-07-20-01,59,RIVR,21,0.06665556877851486,1,1,2,2,0,0.0,1,1.0,63|21|86|26|56,M1|RIVR|AINR|RICR|FLPR,0.923967957|0.0666555688|0.000806796248|0.000451412576|0.000388626824
atanas,3,42,2022-07-20-01,63,AVJL,75,0.0005102796712890267,10,1,11,11,0,0.0,0,0.0,44|65|25|31|89,AIZL|AINL|RICL|RIBL|ASEL,0.572652638|0.183005124|0.0423728786|0.0224119388|0.0215707365
atanas,3,42,2022-07-20-01,64,OLQVL,27,0.2253890186548233,1,1,2,2,0,0.0,1,1.0,79|27|17|9|68,RMDVL|OLQVL|CEPVL|AWCL|SMDVL,0.562834918|0.225389019|0.130408943|0.0324160792|0.0258943085
atanas,3,42,2022-07-20-01,66,RIVL,18,0.02489400841295719,1,1,2,2,0,0.0,1,1.0,4|18|46|11|65,I6|RIVL|ASIR|M5|AINL,0.172332153|0.0248940084|0.000727483828|0.000204578406|0.000150227468
atanas,3,42,2022-07-20-01,68,AIZR,71,0.0005802302621304989,11,1,12,12,0,0.0,0,0.0,25|84|87|44|20,RICL|SIBVR|SMB?L|AIZL|RIR,0.733127534|0.0588190705|0.0418973751|0.0279207714|0.0208939295
atanas,3,42,2022-07-20-01,69,AVAL,36,0.21681781113147736,1,1,2,2,0,0.0,1,1.0,34|36|68|13|89,AIBL|AVAL|SMDVL|AWBL|ASEL,0.355783552|0.216817811|0.127908707|0.111264221|0.106871836
atanas,3,42,2022-07-20-01,71,I2L,6,0.10907488316297531,3,1,4,4,0,0.0,1,1.0,60|59|54|6|24,NSML|I1L|I2R|I2L|URYVL,0.343295425|0.266793787|0.25793463|0.109074883|0.0127031496
atanas,3,42,2022-07-20-01,72,NSMR,52,0.22219805419445038,1,1,2,2,0,0.0,1,1.0,83|52|10|74|55,URYVR|NSMR|IL1R|IL1VR|M3R,0.244407445|0.222198054|0.198145643|0.139318302|0.119537316
atanas,3,42,2022-07-20-01,73,URYDL,0,0.2546573281288147,1,1,2,2,0,0.0,1,1.0,17|0|78|72|8,CEPVL|URYDL|OLQDL|RMEL|OLLL,0.285683095|0.254657328|0.236613095|0.0888284817|0.0522887781
atanas,3,42,2022-07-20-01,75,IL1DR,49,0.7474422454833984,0,1,1,1,1,1.0,1,1.0,49|1|78|62|38,IL1DR|OLQDR|OLQDL|RID|URXL,0.747442245|0.139901847|0.0248262733|0.00689287018|0.00366652478
atanas,3,42,2022-07-20-01,77,IL2DR,22,0.4931691586971283,0,1,1,1,1,1.0,1,1.0,22|1|90|49|62,IL2DR|OLQDR|OLLR|IL1DR|RID,0.493169159|0.414165556|0.0453181341|0.0258239321|0.00690430775
atanas,3,42,2022-07-20-01,78,RICR,26,0.7635735869407654,0,1,1,1,1,1.0,1,1.0,26|56|71|12|86,RICR|FLPR|AIZR|AUAR|AINR,0.763573587|0.210678086|0.0109133301|0.00812950358|0.00162732403
atanas,3,42,2022-07-20-01,81,AUAL,40,0.7511928081512451,0,1,1,1,1,1.0,1,1.0,40|14|44|84|87,AUAL|AVDL|AIZL|SIBVR|SMB?L,0.751192808|0.0527787283|0.0412688963|0.0370158143|0.01901225
atanas,3,42,2022-07-20-01,82,RMDVL,79,8.218968287110329e-05,16,1,17,17,0,0.0,0,0.0,13|9|68|89|36,AWBL|AWCL|SMDVL|ASEL|AVAL,0.427353948|0.410570085|0.0616962425|0.0599433742|0.00949935522
atanas,3,42,2022-07-20-01,86,RICL,25,0.15357236564159393,0,1,1,1,1,1.0,1,1.0,25|87|84|69|44,RICL|SMB?L|SIBVR|AIY?|AIZL,0.153572366|0.148823857|0.00336289546|0.00258036214|0.00109690172
atanas,3,42,2022-07-20-01,94,I1L,59,0.3224789500236511,1,1,2,2,0,0.0,1,1.0,85|59|54|52|6,I1R|I1L|I2R|NSMR|I2L,0.575361252|0.32247895|0.0944289491|0.0070675062|0.000354186195
atanas,3,42,2022-07-20-01,95,AUAR,12,0.22034312784671783,0,1,1,1,1,1.0,1,1.0,12|56|71|35|50,AUAR|FLPR|AIZR|AVDR|AIBR,0.220343128|0.219097823|0.0772926733|0.0673170909|0.0330339037
atanas,3,42,2022-07-20-01,97,I3,41,0.006706629879772663,6,1,7,7,0,0.0,0,0.0,30|57|73|7|10,M4|MCR|M3L|IL2DL|IL1R,0.613158226|0.261344671|0.0752369761|0.0138528151|0.0119510731
atanas,3,42,2022-07-20-01,101,SMDVL,68,1.7790688389140996e-07,25,1,26,26,0,0.0,0,0.0,18|4|2|45|65,RIVL|I6|AWAL|ASGL|AINL,0.777212858|0.172541663|0.00686018821|0.00310236542|0.00102297694
atanas,3,42,2022-07-20-01,103,RMDDL,43,0.010533048771321774,7,1,8,8,0,0.0,0,0.0,69|15|48|87|84,AIY?|RMF?|RIH|SMB?L|SIBVR,0.345148563|0.137429133|0.110318743|0.0910848603|0.0864276811
atanas,3,42,2022-07-20-01,105,AWAR,42,3.3722790249157697e-07,25,1,26,26,0,0.0,0,0.0,75|89|14|45|31,AVJL|ASEL|AVDL|ASGL|RIBL,0.293403089|0.271278501|0.114114091|0.109974146|0.0630569384
atanas,3,42,2022-07-20-01,108,OLLL,8,0.24740266799926758,1,1,2,2,0,0.0,1,1.0,72|8|17|78|61,RMEL|OLLL|CEPVL|OLQDL|URBL,0.623551548|0.247402668|0.0379345939|0.0333560929|0.0126129026
atanas,3,42,2022-07-20-01,110,AVDR,35,2.7310905352351256e-05,15,1,16,16,0,0.0,0,0.0,44|77|25|37|14,AIZL|ADEL|RICL|FLPL|AVDL,0.438347965|0.315585226|0.179808527|0.0262667406|0.00544701004
atanas,3,42,2022-07-20-01,112,AVJR,19,0.06459864974021912,2,1,3,3,0,0.0,1,1.0,86|56|19|71|35,AINR|FLPR|AVJR|AIZR|AVDR,0.694826007|0.178037062|0.0645986497|0.0164292865|0.0163218267
atanas,3,42,2022-07-20-01,114,OLQVR,39,0.05696551129221916,2,1,3,3,0,0.0,1,1.0,5|58|39|50|48,CEPVR|AVER|OLQVR|AIBR|RIH,0.570007265|0.151401237|0.0569655113|0.0512752682|0.0412641466
atanas,3,42,2022-07-20-01,115,IL1R,10,0.12291640788316727,2,1,3,3,0,0.0,1,1.0,28|39|10|53|90,URBR|OLQVR|IL1R|RMER|OLLR,0.70461905|0.147873655|0.122916408|0.0148640908|0.00570563367
atanas,3,42,2022-07-20-01,116,ADEL,77,0.0012235778849571943,1,1,2,2,0,0.0,1,1.0,71|77|25|37|44,AIZR|ADEL|RICL|FLPL|AIZL,0.00179440551|0.00122357788|0.000366955239|0.000339079823|0.000173877779
atanas,3,42,2022-07-20-01,117,M3R,55,0.009648037143051624,5,1,6,6,0,0.0,0,0.0,81|74|10|83|39,IL2VR|IL1VR|IL1R|URYVR|OLQVR,0.645017684|0.213033587|0.0665087625|0.0436153077|0.010513274
atanas,3,42,2022-07-20-01,118,AWCL,9,0.0005055287037976086,13,1,14,14,0,0.0,0,0.0,43|84|20|14|40,RMDDL|SIBVR|RIR|AVDL|AUAL,0.111866616|0.091951929|0.0495852567|0.0192991812|0.0190154016
atanas,3,42,2022-07-20-01,119,AWBL,13,0.03417246416211128,3,1,4,4,0,0.0,1,1.0,46|45|89|13|14,ASIR|ASGL|ASEL|AWBL|AVDL,0.493008286|0.376381904|0.0370460078|0.0341724642|0.0235265959
atanas,3,42,2022-07-20-01,121,M3L,73,0.5249112844467163,0,1,1,1,1,1.0,1,1.0,73|33|16|54|52,M3L|IL1VL|MCL|I2R|NSMR,0.524911284|0.232667461|0.109445959|0.0306195915|0.0101596126
atanas,3,42,2022-07-20-01,124,CEPVL,17,0.26595133543014526,1,1,2,2,0,0.0,1,1.0,43|17|84|5|64,RMDDL|CEPVL|SIBVR|CEPVR|AVL,0.395218164|0.265951335|0.202538103|0.0481224917|0.0136761172
atanas,3,42,2022-07-20-01,129,IL2VR,81,0.11277149617671967,3,1,4,4,0,0.0,1,1.0,74|39|5|81|64,IL1VR|OLQVR|CEPVR|IL2VR|AVL,0.373927265|0.351281852|0.121182293|0.112771496|0.0204543099
atanas,3,42,2022-07-20-01,130,IL1VR,74,0.08446086198091507,2,1,3,3,0,0.0,1,1.0,64|5|74|15|48,AVL|CEPVR|IL1VR|RMF?|RIH,0.633936405|0.158007115|0.084460862|0.00560482824|0.00371405808
atanas,3,42,2022-07-20-01,132,AVL,64,0.000874894205480814,8,1,9,9,0,0.0,0,0.0,15|84|87|20|48,RMF?|SIBVR|SMB?L|RIR|RIH,0.450823694|0.127845854|0.0870188847|0.0648313686|0.0481235236
atanas,3,42,2022-07-20-01,133,OLLR,90,0.5206760168075562,0,1,1,1,1,1.0,1,1.0,90|1|53|10|39,OLLR|OLQDR|RMER|IL1R|OLQVR,0.520676017|0.274509698|0.0935571715|0.025825737|0.0252888966
atanas,3,42,2022-07-20-01,135,IL1L,70,0.4470815658569336,0,1,1,1,1,1.0,1,1.0,70|82|61|0|27,IL1L|BAGL|URBL|URYDL|OLQVL,0.447081566|0.307171196|0.0704644471|0.0537875742|0.0444206484
atanas,3,42,2022-07-20-01,136,BAGL,82,0.011901653371751308,10,1,11,11,0,0.0,0,0.0,68|79|51|17|36,SMDVL|RMDVL|SAAVL|CEPVL|AVAL,0.337984771|0.240752637|0.112338461|0.0873542204|0.056820251
atanas,3,42,2022-07-20-01,137,AVER,58,0.14417347311973572,0,1,1,1,1,1.0,1,1.0,58|67|50|42|12,AVER|AWBR|AIBR|AWAR|AUAR,0.144173473|0.129803866|0.108221464|0.0958286449|0.0491447039
atanas,3,42,2022-07-20-01,141,AWAL,2,7.440216887033557e-09,43,1,44,44,0,0.0,0,0.0,35|19|42|47|50,AVDR|AVJR|AWAR|ASGR|AIBR,0.211468369|0.148840144|0.0723392218|0.0379067846|0.0146738356
atanas,3,42,2022-06-14-01,0,OLQVL,27,6.804614531574771e-05,16,1,17,17,0,0.0,0,0.0,17|74|79|33|36,CEPVL|IL1VR|RMDVL|IL1VL|AVAL,0.876108408|0.198664695|0.0113815963|0.00417673215|0.00414143503
atanas,3,42,2022-06-14-01,3,RID,62,0.0003389243211131543,10,1,11,11,0,0.0,0,0.0,38|3|13|2|29,URXL|CEPDL|AWBL|AWAL|URXR,0.526978612|0.495177954|0.0488964878|0.0145286154|0.0116249816
atanas,3,42,2022-06-14-01,5,AUAL,40,0.12331964075565338,1,1,2,2,0,0.0,1,1.0,25|40|84|87|44,RICL|AUAL|SIBVR|SMB?L|AIZL,0.481826305|0.123319641|0.0962818637|0.0428296104|0.0112989433
atanas,3,42,2022-06-14-01,6,I1R,85,0.8819074034690857,0,1,1,1,1,1.0,1,1.0,85|54|30|55|52,I1R|I2R|M4|M3R|NSMR,0.881907403|0.0983112976|0.0359203145|0.0336238407|0.0227535125
atanas,3,42,2022-06-14-01,9,AWCL,9,0.050061166286468506,4,1,5,5,0,0.0,1,1.0,14|84|40|44|9,AVDL|SIBVR|AUAL|AIZL|AWCL,0.309106708|0.141046882|0.129235923|0.0690864846|0.0500611663
atanas,3,42,2022-06-14-01,10,RMDVL,79,0.1833997368812561,1,1,2,2,0,0.0,1,1.0,9|79|36|13|68,AWCL|RMDVL|AVAL|AWBL|SMDVL,0.526844621|0.183399737|0.0917977393|0.0829350129|0.0738430619
atanas,3,42,2022-06-14-01,13,I2R,54,0.1953364461660385,1,1,2,2,0,0.0,1,1.0,52|54|55|85|57,NSMR|I2R|M3R|I1R|MCR,0.528887808|0.195336446|0.181360155|0.103930332|0.0823869184
atanas,3,42,2022-06-14-01,16,FLPL,37,0.5493023991584778,0,1,1,1,1,1.0,1,1.0,37|77|11|25|65,FLPL|ADEL|M5|RICL|AINL,0.549302399|0.13923423|0.00145725138|0.000114598515|2.7004553e-06
atanas,3,42,2022-06-14-01,17,URXR,29,0.25557592511177063,1,1,2,2,0,0.0,1,1.0,63|29|23|21|4,M1|URXR|CEPDR|RIVR|I6,0.741929829|0.255575925|0.0295164548|0.0279620737|0.0108213769
atanas,3,42,2022-06-14-01,19,SAAVL,51,0.15587590634822845,3,1,4,4,0,0.0,1,1.0,13|89|68|51|45,AWBL|ASEL|SMDVL|SAAVL|ASGL,0.241437629|0.2411246|0.182613581|0.155875906|0.0902213231
atanas,3,42,2022-06-14-01,21,CEPDL,3,3.5068142834049354e-10,16,1,17,17,0,0.0,0,0.0,18|75|45|46|4,RIVL|AVJL|ASGL|ASIR|I6,0.659047902|0.161213875|0.0377347991|0.0289006084|0.0253050774
atanas,3,42,2022-06-14-01,22,AVDL,14,0.02325442060828209,4,1,5,5,0,0.0,1,1.0,44|77|37|25|14,AIZL|ADEL|FLPL|RICL|AVDL,0.359228343|0.173162013|0.103634052|0.0765531808|0.0232544206
atanas,3,42,2022-06-14-01,23,AIZL,44,0.015492483042180538,3,1,4,4,0,0.0,1,1.0,25|37|20|44|31,RICL|FLPL|RIR|AIZL|RIBL,0.370871365|0.29960534|0.020049341|0.015492483|0.00960485265
atanas,3,42,2022-06-14-01,31,CEPVR,5,0.8066263794898987,0,1,1,1,1,1.0,1,1.0,5|74|64|58|48,CEPVR|IL1VR|AVL|AVER|RIH,0.806626379|0.0891410932|0.0732168034|0.0113457683|0.00151368184
atanas,3,42,2022-06-14-01,34,ASEL,89,0.027258332818746567,5,1,6,6,0,0.0,0,0.0,44|40|14|25|31,AIZL|AUAL|AVDL|RICL|RIBL,0.438864887|0.157669485|0.069977425|0.0620655827|0.0284617804
atanas,3,42,2022-06-14-01,36,I3,41,0.26389846205711365,1,1,2,2,0,0.0,1,1.0,7|41|22|57|30,IL2DL|I3|IL2DR|MCR|M4,0.331138402|0.263898462|0.243791848|0.0865010768|0.0445570014
atanas,3,42,2022-06-14-01,37,M1,63,0.0851464569568634,2,1,3,3,0,0.0,1,1.0,4|11|63|18|21,I6|M5|M1|RIVL|RIVR,0.619438767|0.292690754|0.085146457|0.000213029969|2.11022598e-05
atanas,3,42,2022-06-14-01,41,CEPDR,23,0.35708561539649963,0,1,1,1,1,1.0,1,1.0,23|29|21|63|47,CEPDR|URXR|RIVR|M1|ASGR,0.357085615|0.349207342|0.234575301|0.135531723|0.000589318399
atanas,3,42,2022-06-14-01,45,NSMR,52,0.05452940613031387,3,1,4,4,0,0.0,1,1.0,54|57|30|52|16,I2R|MCR|M4|NSMR|MCL,0.635076106|0.254876971|0.06087064|0.0545294061|0.044706773
atanas,3,42,2022-06-14-01,46,SMDVL,68,8.811020052235108e-06,13,1,14,14,0,0.0,0,0.0,75|45|89|46|2,AVJL|ASGL|ASEL|ASIR|AWAL,0.725577295|0.0753033236|0.0348798782|0.0224114787|0.0186155997
atanas,3,42,2022-06-14-01,47,URYDL,0,0.016876278445124626,3,1,4,4,0,0.0,1,1.0,72|82|80|0|36,RMEL|BAGL|IL1DL|URYDL|AVAL,0.437912762|0.409366697|0.0424312092|0.0168762784|0.0118683586
atanas,3,42,2022-06-14-01,48,OLQDL,78,0.04099445044994354,2,1,3,3,0,0.0,1,1.0,51|68|78|36|79,SAAVL|SMDVL|OLQDL|AVAL|RMDVL,0.537155509|0.360342532|0.0409944504|0.015412706|0.00566131854
atanas,3,42,2022-06-14-01,50,IL1DL,80,0.02802564576268196,7,1,8,8,0,0.0,0,0.0,72|51|68|78|79,RMEL|SAAVL|SMDVL|OLQDL|RMDVL,0.324786723|0.200279191|0.119797006|0.06452512|0.0601296127
atanas,3,42,2022-06-14-01,52,OLQDR,1,0.02886923961341381,3,1,4,4,0,0.0,1,1.0,62|29|23|1|49,RID|URXR|CEPDR|OLQDR|IL1DR,0.757338762|0.197601572|0.0639393851|0.0288692396|0.02137959
atanas,3,42,2022-06-14-01,53,RMEL,72,8.231451829487924e-06,9,1,10,10,0,0.0,0,0.0,36|68|13|51|79,AVAL|SMDVL|AWBL|SAAVL|RMDVL,0.736320317|0.212202832|0.0104120728|0.00521762716|0.000483313168
atanas,3,42,2022-06-14-01,55,SMDDR,32,0.2207460105419159,1,1,2,2,0,0.0,1,1.0,12|32|71|56|15,AUAR|SMDDR|AIZR|FLPR|RMF?,0.416853428|0.220746011|0.066994004|0.0614112578|0.0578937195
atanas,3,42,2022-06-14-01,58,RIVL,18,0.00010801549069583416,7,1,8,8,0,0.0,0,0.0,11|65|4|77|75,M5|AINL|I6|ADEL|AVJL,0.616315484|0.29088065|0.00453750417|0.00180476031|0.00144124532
atanas,3,42,2022-06-14-01,60,IL2L,76,0.2075263112783432,1,1,2,2,0,0.0,1,1.0,24|76|6|70|82,URYVL|IL2L|I2L|IL1L|BAGL,0.57261467|0.207526311|0.133986086|0.0397827514|0.0110572102
atanas,3,42,2022-06-14-01,62,IL2DL,7,0.1444246917963028,2,1,3,3,0,0.0,1,1.0,41|76|7|22|61,I3|IL2L|IL2DL|IL2DR|URBL,0.665373325|0.14537634|0.144424692|0.0454977602|0.00410511484
atanas,3,42,2022-06-14-01,63,AVL,64,5.668841185979545e-05,17,1,18,18,0,0.0,0,0.0,84|87|69|66|20,SIBVR|SMB?L|AIY?|SIA?R|RIR,0.362484872|0.325315237|0.168050811|0.0550347492|0.00838392321
atanas,3,42,2022-06-14-01,64,M4,30,0.8393412232398987,0,1,1,1,1,1.0,1,1.0,30|57|80|41|49,M4|MCR|IL1DL|I3|IL1DR,0.839341223|0.120539561|0.0574349687|0.0156898797|0.0132207368
atanas,3,42,2022-06-14-01,65,I2L,6,0.4944618344306946,0,1,1,1,1,1.0,1,1.0,6|60|88|33|24,I2L|NSML|IL2VL|IL1VL|URYVL,0.494461834|0.347162664|0.0842686519|0.0338761955|0.016292138
atanas,3,42,2022-06-14-01,66,AWBL,13,0.03723451867699623,5,1,6,6,0,0.0,0,0.0,31|89|75|46|45,RIBL|ASEL|AVJL|ASIR|ASGL,0.360089749|0.278745174|0.0566279404|0.0555341132|0.0462897494
atanas,3,42,2022-06-14-01,67,OLLL,8,0.09108651429414749,5,1,6,6,0,0.0,0,0.0,82|27|79|70|61,BAGL|OLQVL|RMDVL|IL1L|URBL,0.216314897|0.194479376|0.114334926|0.108496241|0.0965448096
atanas,3,42,2022-06-14-01,69,IL1L,70,0.002985752886161208,7,1,8,8,0,0.0,0,0.0,27|24|33|73|82,OLQVL|URYVL|IL1VL|M3L|BAGL,0.512186229|0.242489487|0.0735433698|0.0561980717|0.0437825993
atanas,3,42,2022-06-14-01,70,URXL,38,1.318973590969108e-05,10,1,11,11,0,0.0,0,0.0,45|18|2|51|4,ASGL|RIVL|AWAL|SAAVL|I6,0.467905194|0.337231547|0.121789329|0.0110356882|0.00995024201
atanas,3,42,2022-06-14-01,71,IL2VR,81,0.7589221596717834,0,1,1,1,1,1.0,1,1.0,81|83|74|55|39,IL2VR|URYVR|IL1VR|M3R|OLQVR,0.75892216|0.214844614|0.123361513|0.0100098224|0.00012165837
atanas,3,42,2022-06-14-01,73,IL2VL,88,0.9051676988601685,0,1,1,1,1,1.0,1,1.0,88|33|24|74|6,IL2VL|IL1VL|URYVL|IL1VR|I2L,0.905167699|0.118949331|0.0160899106|0.00235366588|0.00163232733
atanas,3,42,2022-06-14-01,74,RMDDL,43,0.01920972391963005,6,1,7,7,0,0.0,0,0.0,69|87|32|84|64,AIY?|SMB?L|SMDDR|SIBVR|AVL,0.246510819|0.171901733|0.169166312|0.157745138|0.103937715
atanas,3,42,2022-06-14-01,75,M3R,55,0.43926525115966797,0,1,1,1,1,1.0,1,1.0,55|52|83|57|10,M3R|NSMR|URYVR|MCR|IL1R,0.439265251|0.324573606|0.248246819|0.0229241103|0.0225983765
atanas,3,42,2022-06-14-01,77,AIBR,50,0.022389592602849007,6,1,7,7,0,0.0,0,0.0,56|26|86|35|12,FLPR|RICR|AINR|AVDR|AUAR,0.632683873|0.12521936|0.0817829743|0.0626303405|0.0530617051
atanas,3,42,2022-06-14-01,81,AVJL,75,1.1524305136845214e-06,7,1,8,8,0,0.0,0,0.0,77|37|11|65|25,ADEL|FLPL|M5|AINL|RICL,0.642388105|0.0331582613|0.026550645|0.00100542337|2.00615086e-05
atanas,3,42,2022-06-14-01,83,OLQVR,39,0.22059451043605804,1,1,2,2,0,0.0,1,1.0,58|39|53|67|50,AVER|OLQVR|RMER|AWBR|AIBR,0.664003968|0.22059451|0.0392450914|0.0354112275|0.0339906439
atanas,3,42,2022-06-14-01,86,M3L,73,0.04695664346218109,2,1,3,3,0,0.0,1,1.0,16|33|73|52|54,MCL|IL1VL|M3L|NSMR|I2R,0.764482677|0.140887797|0.0469566435|0.0452928357|0.0225077569
atanas,3,42,2022-06-14-01,89,NSML,60,0.48156726360321045,0,1,1,1,1,1.0,1,1.0,60|6|16|33|24,NSML|I2L|MCL|IL1VL|URYVL,0.481567264|0.307736278|0.119466119|0.0412111618|0.0239275247
atanas,3,42,2022-06-14-01,91,I1L,59,0.6152215600013733,0,1,1,1,1,1.0,1,1.0,59|60|57|16|33,I1L|NSML|MCR|MCL|IL1VL,0.61522156|0.170389801|0.132071272|0.0415965095|0.0213858187
atanas,3,42,2022-06-14-01,92,IL1DR,49,0.1874435544013977,1,1,2,2,0,0.0,1,1.0,78|49|62|1|38,OLQDL|IL1DR|RID|OLQDR|URXL,0.690290868|0.187443554|0.141874582|0.0413315929|0.00598167395
atanas,3,42,2022-06-14-01,93,RMER,53,0.5941022634506226,0,1,1,1,1,1.0,1,1.0,53|67|58|47|23,RMER|AWBR|AVER|ASGR|CEPDR,0.594102263|0.321821123|0.0332453847|0.0256436504|0.00678726798
atanas,3,42,2022-06-14-01,94,IL1R,10,0.3663799464702606,1,1,2,2,0,0.0,1,1.0,28|10|39|74|55,URBR|IL1R|OLQVR|IL1VR|M3R,0.370925725|0.366379946|0.23826775|0.0268214233|0.0198011603
atanas,3,42,2022-06-14-01,96,AIBL,34,0.42907431721687317,0,1,1,1,1,1.0,1,1.0,34|40|31|20|44,AIBL|AUAL|RIBL|RIR|AIZL,0.429074317|0.190475225|0.144183457|0.0481396466|0.0438656732
atanas,3,42,2022-06-14-01,100,URBR,28,0.23115718364715576,2,1,3,3,0,0.0,1,1.0,39|53|28|10|67,OLQVR|RMER|URBR|IL1R|AWBR,0.393353224|0.356224805|0.231157184|0.0194930434|0.00137228367
atanas,3,42,2022-06-14-01,101,URBL,61,0.00021088267385493964,11,1,12,12,0,0.0,0,0.0,79|27|36|82|17,RMDVL|OLQVL|AVAL|BAGL|CEPVL,0.616788387|0.277599573|0.0261293277|0.0147140045|0.0109026516
atanas,3,42,2022-06-14-01,102,AVER,58,0.002594101708382368,10,1,11,11,0,0.0,0,0.0,50|35|19|12|71,AIBR|AVDR|AVJR|AUAR|AIZR,0.355202854|0.303241253|0.11546509|0.0978729129|0.0452949852
atanas,3,42,2022-06-14-01,103,OLLR,90,0.26418811082839966,0,1,1,1,1,1.0,1,1.0,90|10|28|49|74,OLLR|IL1R|URBR|IL1DR|IL1VR,0.264188111|0.247739643|0.201965213|0.116034776|0.0764141902
atanas,3,42,2022-06-14-07,0,RIBL,31,0.21375757455825806,0,1,1,1,1,1.0,1,1.0,31|20|34|15|48,RIBL|RIR|AIBL|RMF?|RIH,0.213757575|0.212232709|0.187720343|0.0989864767|0.0482215956
atanas,3,42,2022-06-14-07,3,OLLR,90,0.35370752215385437,0,1,1,1,1,1.0,1,1.0,90|1|10|3|38,OLLR|OLQDR|IL1R|CEPDL|URXL,0.353707522|0.214560941|0.107076943|0.0847114772|0.0505367965
atanas,3,42,2022-06-14-07,8,IL1L,70,0.09413865208625793,4,1,5,5,0,0.0,1,1.0,79|82|13|27|70,RMDVL|BAGL|AWBL|OLQVL|IL1L,0.395933002|0.147339851|0.120670766|0.114180192|0.0941386521
atanas,3,42,2022-06-14-07,11,RICL,25,0.4639489948749542,0,1,1,1,1,1.0,1,1.0,25|77|37|65|11,RICL|ADEL|FLPL|AINL|M5,0.463948995|0.1377002|0.101391271|0.014420379|0.00550042978
atanas,3,42,2022-06-14-07,13,AVJR,19,0.06931056082248688,5,1,6,6,0,0.0,0,0.0,21|86|26|56|63,RIVR|AINR|RICR|FLPR|M1,0.255457342|0.226213038|0.163557991|0.143190607|0.127632543
atanas,3,42,2022-06-14-07,16,M3R,55,0.45887964963912964,0,1,1,1,1,1.0,1,1.0,55|83|81|52|10,M3R|URYVR|IL2VR|NSMR|IL1R,0.45887965|0.147685349|0.133207813|0.106563307|0.065422304
atanas,3,42,2022-06-14-07,18,I2L,6,0.5794989466667175,0,1,1,1,1,1.0,1,1.0,6|60|24|88|33,I2L|NSML|URYVL|IL2VL|IL1VL,0.579498947|0.264450938|0.0802207142|0.0546993054|0.0100557152
atanas,3,42,2022-06-14-07,19,OLQVR,39,0.595725417137146,0,1,1,1,1,1.0,1,1.0,39|28|10|58|53,OLQVR|URBR|IL1R|AVER|RMER,0.595725417|0.30186516|0.0846072882|0.0118396664|0.00367869949
atanas,3,42,2022-06-14-07,23,I3,41,0.2557423412799835,1,1,2,2,0,0.0,1,1.0,57|41|30|22|49,MCR|I3|M4|IL2DR|IL1DR,0.480181873|0.255742341|0.143784359|0.0628638268|0.0230919607
atanas,3,42,2022-06-14-07,24,M1,63,0.08050224184989929,2,1,3,3,0,0.0,1,1.0,4|11|63|18|21,I6|M5|M1|RIVL|RIVR,0.592085838|0.326023996|0.0805022418|0.000186532605|5.3278065e-05
atanas,3,42,2022-06-14-07,27,RMDDL,43,0.06339272856712341,5,1,6,6,0,0.0,0,0.0,84|64|15|69|87,SIBVR|AVL|RMF?|AIY?|SMB?L,0.425475001|0.247244745|0.083701767|0.0750365555|0.0678332746
atanas,3,42,2022-06-14-07,29,IL2VL,88,0.6007686853408813,0,1,1,1,1,1.0,1,1.0,88|33|24|74|6,IL2VL|IL1VL|URYVL|IL1VR|I2L,0.600768685|0.317679793|0.0619266704|0.0149488319|0.000909301452
atanas,3,42,2022-06-14-07,31,CEPDR,23,0.5068762898445129,0,1,1,1,1,1.0,1,1.0,23|21|29|47|67,CEPDR|RIVR|URXR|ASGR|AWBR,0.50687629|0.275453776|0.127665654|0.0371652357|0.0210318919
atanas,3,42,2022-06-14-07,32,CEPVR,5,0.6780155301094055,0,1,1,1,1,1.0,1,1.0,5|58|64|50|67,CEPVR|AVER|AVL|AIBR|AWBR,0.67801553|0.174652547|0.0624482557|0.0534872822|0.0160546415
atanas,3,42,2022-06-14-07,33,AWCL,9,0.0956413671374321,3,1,4,4,0,0.0,1,1.0,43|84|40|9|20,RMDDL|SIBVR|AUAL|AWCL|RIR,0.228624567|0.1532664|0.106516875|0.0956413671|0.079099454
atanas,3,42,2022-06-14-07,34,SAAVL,51,0.662161648273468,0,1,1,1,1,1.0,1,1.0,51|2|45|47|42,SAAVL|AWAL|ASGL|ASGR|AWAR,0.662161648|0.259515136|0.042994637|0.00620686123|0.00363367656
atanas,3,42,2022-06-14-07,36,AWBL,13,0.09933268278837204,2,1,3,3,0,0.0,1,1.0,40|9|13|89|34,AUAL|AWCL|AWBL|ASEL|AIBL,0.322996169|0.311034501|0.0993326828|0.0470920354|0.0434253104
atanas,3,42,2022-06-14-07,37,FLPL,37,0.06589274108409882,2,1,3,3,0,0.0,1,1.0,77|11|37|25|71,ADEL|M5|FLPL|RICL|AIZR,0.234374225|0.111697279|0.0658927411|0.0335347988|0.0231058728
atanas,3,42,2022-06-14-07,38,RMDVL,79,0.07563100755214691,2,1,3,3,0,0.0,1,1.0,36|9|79|13|68,AVAL|AWCL|RMDVL|AWBL|SMDVL,0.610871851|0.228649244|0.0756310076|0.045234099|0.0330168717
atanas,3,42,2022-06-14-07,40,IL2DL,7,0.5936020016670227,0,1,1,1,1,1.0,1,1.0,7|76|41|22|73,IL2DL|IL2L|I3|IL2DR|M3L,0.593602002|0.347841144|0.0190128535|0.0180075802|0.0138710449
atanas,3,42,2022-06-14-07,41,IL1DL,80,0.0006716826464980841,21,1,22,22,0,0.0,0,0.0,72|17|51|2|0,RMEL|CEPVL|SAAVL|AWAL|URYDL,0.355322927|0.219418839|0.190898761|0.0928554684|0.0600548983
atanas,3,42,2022-06-14-07,45,CEPDL,3,0.7803028225898743,0,1,1,1,1,1.0,1,1.0,3|2|18|46|45,CEPDL|AWAL|RIVL|ASIR|ASGL,0.780302823|0.0714389011|0.0580673032|0.049822621|0.0220190063
atanas,3,42,2022-06-14-07,46,AINL,65,0.3965739905834198,0,1,1,1,1,1.0,1,1.0,65|11|75|46|44,AINL|M5|AVJL|ASIR|AIZL,0.396573991|0.149609551|0.0892693624|0.0885937586|0.0666015595
atanas,3,42,2022-06-14-07,47,OLQDR,1,0.642943263053894,0,1,1,1,1,1.0,1,1.0,1|62|23|90|49,OLQDR|RID|CEPDR|OLLR|IL1DR,0.642943263|0.329246998|0.0220187902|0.00152147468|0.00111523957
atanas,3,42,2022-06-14-07,50,URXR,29,0.8103411793708801,0,1,1,1,1,1.0,1,1.0,29|23|63|62|21,URXR|CEPDR|M1|RID|RIVR,0.810341179|0.109344862|0.0408269875|0.0154485675|0.0128220515
atanas,3,42,2022-06-14-07,51,RIVL,18,0.06668869405984879,4,1,5,5,0,0.0,1,1.0,11|65|4|75|18,M5|AINL|I6|AVJL|RIVL,0.356578082|0.245739579|0.237467229|0.0672647581|0.0666886941
atanas,3,42,2022-06-14-07,52,RIH,48,0.573345422744751,0,1,1,1,1,1.0,1,1.0,48|15|50|64|71,RIH|RMF?|AIBR|AVL|AIZR,0.573345423|0.172745332|0.041059196|0.0285145007|0.0142087182
atanas,3,42,2022-06-14-07,53,AVDL,14,0.00047955269110389054,16,1,17,17,0,0.0,0,0.0,44|25|77|37|71,AIZL|RICL|ADEL|FLPL|AIZR,0.301820576|0.260566503|0.148201361|0.0246564597|0.0163077693
atanas,3,42,2022-06-14-07,55,OLLL,8,0.5487256050109863,0,1,1,1,1,1.0,1,1.0,8|24|70|61|76,OLLL|URYVL|IL1L|URBL|IL2L,0.548725605|0.152038723|0.116699412|0.0928973183|0.0340748914
atanas,3,42,2022-06-14-07,56,ADEL,77,0.2656327486038208,1,1,2,2,0,0.0,1,1.0,37|77|25|11|65,FLPL|ADEL|RICL|M5|AINL,0.595662534|0.265632749|0.110791452|0.0170656145|0.000950120797
atanas,3,42,2022-06-14-07,58,ASEL,89,0.16716083884239197,2,1,3,3,0,0.0,1,1.0,14|40|89|34|20,AVDL|AUAL|ASEL|AIBL|RIR,0.558400989|0.202149555|0.167160839|0.018665744|0.01527608
atanas,3,42,2022-06-14-07,59,I1R,85,0.9809330701828003,0,1,1,1,1,1.0,1,1.0,85|59|30|41|54,I1R|I1L|M4|I3|I2R,0.98093307|0.0139031745|0.0026692641|0.000845283852|0.000302532164
atanas,3,42,2022-06-14-07,64,IL2L,76,0.20428772270679474,1,1,2,2,0,0.0,1,1.0,24|76|73|82|33,URYVL|IL2L|M3L|BAGL|IL1VL,0.383518606|0.204287723|0.141033486|0.0914688557|0.0819312558
atanas,3,42,2022-06-14-07,65,NSMR,52,0.41969096660614014,0,1,1,1,1,1.0,1,1.0,52|83|55|10|54,NSMR|URYVR|M3R|IL1R|I2R,0.419690967|0.237935513|0.211813763|0.0951967463|0.0177099202
atanas,3,42,2022-06-14-07,69,AVER,58,0.23764854669570923,0,1,1,1,1,1.0,1,1.0,58|50|12|35|67,AVER|AIBR|AUAR|AVDR|AWBR,0.237648547|0.189445078|0.123296879|0.108035482|0.0688802674
atanas,3,42,2022-06-14-07,70,AVJL,75,0.061759836971759796,4,1,5,5,0,0.0,1,1.0,65|89|44|46|75,AINL|ASEL|AIZL|ASIR|AVJL,0.325531512|0.219519362|0.130128205|0.112040304|0.061759837
atanas,3,42,2022-06-14-07,71,URYDL,0,0.4242260456085205,0,1,1,1,1,1.0,1,1.0,0|72|82|80|70,URYDL|RMEL|BAGL|IL1DL|IL1L,0.424226046|0.266413361|0.234950483|0.0367010571|0.0144403819
atanas,3,42,2022-06-14-07,72,AIZL,44,0.550132691860199,0,1,1,1,1,1.0,1,1.0,44|25|71|77|65,AIZL|RICL|AIZR|ADEL|AINL,0.550132692|0.296703666|0.0146102104|0.0142393271|0.00763550913
atanas,3,42,2022-06-14-07,75,AVAL,36,0.12496037036180496,2,1,3,3,0,0.0,1,1.0,9|34|36|43|40,AWCL|AIBL|AVAL|RMDDL|AUAL,0.32580784|0.146368772|0.12496037|0.0901026651|0.0766570121
atanas,3,42,2022-06-14-07,77,OLQDL,78,0.8827855587005615,0,1,1,1,1,1.0,1,1.0,78|3|38|0|17,OLQDL|CEPDL|URXL|URYDL|CEPVL,0.882785559|0.0569183901|0.0359970815|0.0160089657|0.0059284945
atanas,3,42,2022-06-14-07,83,IL2VR,81,0.5281176567077637,0,1,1,1,1,1.0,1,1.0,81|83|39|10|74,IL2VR|URYVR|OLQVR|IL1R|IL1VR,0.528117657|0.282055467|0.0800486654|0.0743992925|0.0293768998
atanas,3,42,2022-06-14-07,84,MCL,16,0.6157645583152771,0,1,1,1,1,1.0,1,1.0,16|54|52|73|33,MCL|I2R|NSMR|M3L|IL1VL,0.615764558|0.141188815|0.0999789461|0.0824237019|0.0332197212
atanas,3,42,2022-06-14-07,86,M3L,73,0.36706262826919556,1,1,2,2,0,0.0,1,1.0,74|73|33|81|57,IL1VR|M3L|IL1VL|IL2VR|MCR,0.471802771|0.367062628|0.10244973|0.0203855615|0.018421568
atanas,3,42,2022-06-14-07,88,ASGL,45,0.0026801470667123795,9,1,10,10,0,0.0,0,0.0,75|89|14|46|34,AVJL|ASEL|AVDL|ASIR|AIBL,0.427932233|0.40726608|0.0817776099|0.0241544675|0.019059319
atanas,3,42,2022-06-14-07,93,I1L,59,0.951288640499115,0,1,1,1,1,1.0,1,1.0,59|54|16|24|6,I1L|I2R|MCL|URYVL|I2L,0.95128864|0.0293129738|0.0046744626|0.00252430607|0.00251113856
atanas,3,42,2022-06-14-07,94,AWAL,2,0.04882200434803963,3,1,4,4,0,0.0,1,1.0,31|20|34|2|45,RIBL|RIR|AIBL|AWAL|ASGL,0.376289725|0.17355378|0.132889718|0.0488220043|0.0436397716
atanas,3,42,2022-06-14-07,97,AUAL,40,0.35063812136650085,0,1,1,1,1,1.0,1,1.0,40|84|44|71|9,AUAL|SIBVR|AIZL|AIZR|AWCL,0.350638121|0.161782101|0.078998737|0.0652721971|0.0641131476
atanas,3,42,2022-06-14-07,99,NSML,60,0.3738124966621399,1,1,2,2,0,0.0,1,1.0,54|60|33|6|52,I2R|NSML|IL1VL|I2L|NSMR,0.417556703|0.373812497|0.0924630314|0.0540295653|0.0197568815
atanas,3,42,2022-06-14-07,100,URYVL,24,0.0067485966719686985,7,1,8,8,0,0.0,0,0.0,27|79|17|33|74,OLQVL|RMDVL|CEPVL|IL1VL|IL1VR,0.576540232|0.310281247|0.0302825887|0.0181040596|0.0131030418
atanas,3,42,2022-06-14-07,101,AIBR,50,0.2524111568927765,0,1,1,1,1,1.0,1,1.0,50|35|19|12|42,AIBR|AVDR|AVJR|AUAR|AWAR,0.252411157|0.205602646|0.122107491|0.11479298|0.0935358703
atanas,3,42,2022-06-14-07,106,AIBL,34,0.04499727487564087,5,1,6,6,0,0.0,0,0.0,48|20|43|31|15,RIH|RIR|RMDDL|RIBL|RMF?,0.310962588|0.18338947|0.141381532|0.0997823924|0.0926680788
atanas,3,42,2022-06-14-07,107,IL1R,10,0.2753464877605438,1,1,2,2,0,0.0,1,1.0,28|10|53|39|67,URBR|IL1R|RMER|OLQVR|AWBR,0.434131145|0.275346488|0.107581817|0.102996275|0.0183805041
atanas,3,42,2022-06-14-07,108,RIVR,21,0.40258967876434326,1,1,2,2,0,0.0,1,1.0,63|21|19|26|23,M1|RIVR|AVJR|RICR|CEPDR,0.591928661|0.402589679|0.00316358125|0.000441153534|0.000381480291
atanas,3,42,2022-06-14-07,111,RMEL,72,0.029844889417290688,6,1,7,7,0,0.0,0,0.0,68|36|17|82|13,SMDVL|AVAL|CEPVL|BAGL|AWBL,0.60562402|0.11727608|0.0946646407|0.064363189|0.0402196087
atanas,3,42,2022-06-14-07,116,M4,30,0.38242480158805847,1,1,2,2,0,0.0,1,1.0,49|30|80|57|0,IL1DR|M4|IL1DL|MCR|URYDL,0.459042072|0.382424802|0.125508383|0.0194730088|0.00572486548
atanas,3,42,2022-06-14-07,118,OLQVL,27,0.11084233969449997,2,1,3,3,0,0.0,1,1.0,17|74|27|5|0,CEPVL|IL1VR|OLQVL|CEPVR|URYDL,0.247978494|0.192617014|0.11084234|0.0396929532|0.0242675077
atanas,3,42,2022-06-14-07,119,CEPVL,17,0.3187912702560425,1,1,2,2,0,0.0,1,1.0,5|17|64|15|74,CEPVR|CEPVL|AVL|RMF?|IL1VR,0.319902807|0.31879127|0.23617734|0.0293870997|0.0188258812
atanas,3,42,2022-06-14-07,120,URXL,38,0.705769956111908,0,1,1,1,1,1.0,1,1.0,38|63|4|18|21,URXL|M1|I6|RIVL|RIVR,0.705769956|0.132736996|0.030031221|0.00826338958|0.00436185719
atanas,3,42,2022-06-14-07,123,AWAR,42,0.2511327564716339,0,1,1,1,1,1.0,1,1.0,42|19|47|67|35,AWAR|AVJR|ASGR|AWBR|AVDR,0.251132756|0.2499042|0.208292261|0.0873086154|0.0817300901
atanas,3,42,2022-06-14-07,125,SMDVL,68,0.09704267978668213,2,1,3,3,0,0.0,1,1.0,13|46|68|45|2,AWBL|ASIR|SMDVL|ASGL|AWAL,0.592514277|0.220538378|0.0970426798|0.0408891588|0.022912208
atanas,3,42,2022-06-14-07,127,RMER,53,0.541739284992218,0,1,1,1,1,1.0,1,1.0,53|67|23|58|50,RMER|AWBR|CEPDR|AVER|AIBR,0.541739285|0.241337687|0.0550741516|0.0540827811|0.0516157597
atanas,3,42,2022-06-14-07,128,SMDDR,32,0.21502193808555603,1,1,2,2,0,0.0,1,1.0,64|32|15|12|56,AVL|SMDDR|RMF?|AUAR|FLPR,0.410612911|0.215021938|0.0820835084|0.0429984517|0.025323173
atanas,3,42,2023-01-09-28,2,IL1DL,80,0.44905272126197815,0,1,1,1,1,1.0,1,1.0,80|0|61|8|72,IL1DL|URYDL|URBL|OLLL|RMEL,0.449052721|0.263114035|0.119381443|0.098230347|0.0222889725
atanas,3,42,2023-01-09-28,4,AVER,58,0.7136755585670471,0,1,1,1,1,1.0,1,1.0,58|50|67|42|47,AVER|AIBR|AWBR|AWAR|ASGR,0.713675559|0.126595765|0.110040739|0.0347626023|0.00647760509
atanas,3,42,2023-01-09-28,5,AWAL,2,0.6084842085838318,0,1,1,1,1,1.0,1,1.0,2|13|45|46|34,AWAL|AWBL|ASGL|ASIR|AIBL,0.608484209|0.148189068|0.0707284957|0.0701833069|0.0492417477
atanas,3,42,2023-01-09-28,6,IL2VR,81,0.020733337849378586,3,1,4,4,0,0.0,1,1.0,74|39|83|81|52,IL1VR|OLQVR|URYVR|IL2VR|NSMR,0.540154636|0.367042542|0.0547384694|0.0207333378|0.0125543755
atanas,3,42,2023-01-09-28,7,IL1R,10,0.21458837389945984,1,1,2,2,0,0.0,1,1.0,28|10|53|39|83,URBR|IL1R|RMER|OLQVR|URYVR,0.451136202|0.214588374|0.197010398|0.0680403709|0.0321701244
atanas,3,42,2023-01-09-28,9,ASGL,45,0.2363096922636032,1,1,2,2,0,0.0,1,1.0,46|45|18|13|75,ASIR|ASGL|RIVL|AWBL|AVJL,0.359070063|0.236309692|0.137359276|0.0773521438|0.0764037743
atanas,3,42,2023-01-09-28,11,AIZR,71,0.03219582885503769,4,1,5,5,0,0.0,1,1.0,26|35|50|86|71,RICR|AVDR|AIBR|AINR|AIZR,0.0581054017|0.0405580625|0.0354024805|0.0346087776|0.0321958289
atanas,3,42,2023-01-09-28,13,ASGR,47,0.12784524261951447,2,1,3,3,0,0.0,1,1.0,42|35|47|86|21,AWAR|AVDR|ASGR|AINR|RIVR,0.255706817|0.201330692|0.127845243|0.0946627483|0.0881847367
atanas,3,42,2023-01-09-28,14,CEPDL,3,0.9517276883125305,0,1,1,1,1,1.0,1,1.0,3|68|13|2|46,CEPDL|SMDVL|AWBL|AWAL|ASIR,0.951727688|0.0210091341|0.00976591837|0.00125090382|0.000306349451
atanas,3,42,2023-01-09-28,16,I6,4,0.25544723868370056,1,1,2,2,0,0.0,1,1.0,11|4|65|77|37,M5|I6|AINL|ADEL|FLPL,0.323960602|0.255447239|0.230458468|0.0758092254|0.0443657078
atanas,3,42,2023-01-09-28,18,AVDL,14,0.000500509690027684,11,1,12,12,0,0.0,0,0.0,18|45|46|31|75,RIVL|ASGL|ASIR|RIBL|AVJL,0.350313336|0.344593644|0.095979467|0.0639899224|0.063280724
atanas,3,42,2023-01-09-28,19,MCR,57,0.3099530041217804,0,1,1,1,1,1.0,1,1.0,57|54|55|52|85,MCR|I2R|M3R|NSMR|I1R,0.309953004|0.267678708|0.207682371|0.100319058|0.0582345463
atanas,3,42,2023-01-09-28,20,MCL,16,0.4566561281681061,0,1,1,1,1,1.0,1,1.0,16|33|73|57|52,MCL|IL1VL|M3L|MCR|NSMR,0.456656128|0.23784411|0.128462672|0.102720164|0.0256603826
atanas,3,42,2023-01-09-28,21,OLQDL,78,0.5297181606292725,0,1,1,1,1,1.0,1,1.0,78|1|0|49|17,OLQDL|OLQDR|URYDL|IL1DR|CEPVL,0.529718161|0.150428578|0.0970197022|0.0716367215|0.00683327345
atanas,3,42,2023-01-09-28,24,I2L,6,0.1071559339761734,3,1,4,4,0,0.0,1,1.0,60|16|24|6|59,NSML|MCL|URYVL|I2L|I1L,0.602382839|0.132642537|0.129956841|0.107155934|0.0144899748
atanas,3,42,2023-01-09-28,28,AVJR,19,0.05762065201997757,2,1,3,3,0,0.0,1,1.0,21|86|19|35|42,RIVR|AINR|AVJR|AVDR|AWAR,0.638431847|0.221714064|0.057620652|0.0283012483|0.0121266162
atanas,3,42,2023-01-09-28,30,CEPVL,17,0.5126869678497314,0,1,1,1,1,1.0,1,1.0,17|27|33|82|24,CEPVL|OLQVL|IL1VL|BAGL|URYVL,0.512686968|0.422964126|0.0278309826|0.0153943868|0.0115099614
atanas,3,42,2023-01-09-28,33,RICL,25,0.06744395196437836,2,1,3,3,0,0.0,1,1.0,44|31|25|20|14,AIZL|RIBL|RICL|RIR|AVDL,0.162373975|0.151257277|0.067443952|0.0106880339|0.00438690186
atanas,3,42,2023-01-09-28,35,RMDDL,43,0.024523528292775154,1,1,2,2,0,0.0,1,1.0,15|43|20|84|48,RMF?|RMDDL|RIR|SIBVR|RIH,0.0694167465|0.0245235283|0.0216505304|0.00653651496|0.0043760296
atanas,3,42,2023-01-09-28,38,FLPL,37,0.002608375856652856,5,1,6,6,0,0.0,0,0.0,44|77|14|65|25,AIZL|ADEL|AVDL|AINL|RICL,0.678984523|0.270591706|0.0278191604|0.0124415746|0.00323166931
atanas,3,42,2023-01-09-28,46,URXL,38,0.8464725613594055,0,1,1,1,1,1.0,1,1.0,38|29|62|3|42,URXL|URXR|RID|CEPDL|AWAR,0.846472561|0.149837583|0.000799242291|0.000340135331|5.51628618e-05
atanas,3,42,2023-01-09-28,51,IL2L,76,0.9348140358924866,0,1,1,1,1,1.0,1,1.0,76|61|24|70|6,IL2L|URBL|URYVL|IL1L|I2L,0.934814036|0.0291045159|0.0202616099|0.00534421299|0.00327806058
atanas,3,42,2023-01-09-28,58,RMER,53,0.7187284827232361,0,1,1,1,1,1.0,1,1.0,53|28|67|50|39,RMER|URBR|AWBR|AIBR|OLQVR,0.718728483|0.0966452211|0.0539596006|0.0249277316|0.0221104305
atanas,3,42,2023-01-09-28,59,RID,62,0.8944007754325867,0,1,1,1,1,1.0,1,1.0,62|29|23|38|3,RID|URXR|CEPDR|URXL|CEPDL,0.894400775|0.103514731|0.00111708324|0.000222274757|0.000112919573
atanas,3,42,2023-01-09-28,61,M3L,73,0.4318775534629822,0,1,1,1,1,1.0,1,1.0,73|33|70|24|27,M3L|IL1VL|IL1L|URYVL|OLQVL,0.431877553|0.297681838|0.0870172456|0.0559266284|0.024878867
atanas,3,42,2023-01-09-28,63,M1,63,0.9803119897842407,0,1,1,1,1,1.0,1,1.0,63|21|26|86|56,M1|RIVR|RICR|AINR|FLPR,0.98031199|0.0035951843|0.000285068032|0.000264170609|0.000161977194
atanas,3,42,2023-01-09-28,66,I1L,59,0.6073782444000244,0,1,1,1,1,1.0,1,1.0,59|54|85|16|52,I1L|I2R|I1R|MCL|NSMR,0.607378244|0.274690509|0.065393351|0.0188392065|0.00856205449
atanas,3,42,2023-01-09-28,67,AWCL,9,0.17955920100212097,1,1,2,2,0,0.0,1,1.0,40|9|84|43|44,AUAL|AWCL|SIBVR|RMDDL|AIZL,0.773579955|0.179559201|0.0160619766|0.0105820168|0.00483006286
atanas,3,42,2023-01-09-28,68,IL2VL,88,0.11724188923835754,0,1,1,1,1,1.0,1,1.0,88|33|81|54|74,IL2VL|IL1VL|IL2VR|I2R|IL1VR,0.117241889|0.0584750995|0.0345963128|0.0264944229|0.0237173084
atanas,3,42,2023-01-09-28,69,AVDR,35,0.07381598651409149,3,1,4,4,0,0.0,1,1.0,47|19|42|35|86,ASGR|AVJR|AWAR|AVDR|AINR,0.382963955|0.297458351|0.164280996|0.0738159865|0.016713677
atanas,3,42,2023-01-09-28,71,ADEL,77,0.000492895720526576,12,1,13,13,0,0.0,0,0.0,65|46|18|4|44,AINL|ASIR|RIVL|I6|AIZL,0.544210017|0.183318391|0.144231305|0.0356511585|0.0229533091
atanas,3,42,2023-01-09-28,74,AINR,86,0.15238527953624725,1,1,2,2,0,0.0,1,1.0,19|86|35|47|42,AVJR|AINR|AVDR|ASGR|AWAR,0.305288017|0.15238528|0.103769369|0.0960412249|0.084819153
atanas,3,42,2023-01-09-28,76,AWBL,13,0.13205653429031372,2,1,3,3,0,0.0,1,1.0,75|89|13|45|46,AVJL|ASEL|AWBL|ASGL|ASIR,0.525561571|0.147837996|0.132056534|0.0721638426|0.0383133925
atanas,3,42,2023-01-09-28,79,M5,11,0.5841675400733948,0,1,1,1,1,1.0,1,1.0,11|77|37|65|4,M5|ADEL|FLPL|AINL|I6,0.58416754|0.356914282|0.0571879633|0.00131071033|2.2917844e-05
atanas,3,42,2023-01-09-28,80,I2R,54,0.026641206815838814,3,1,4,4,0,0.0,1,1.0,81|74|55|54|83,IL2VR|IL1VR|M3R|I2R|URYVR,0.817172408|0.0594066009|0.0374838822|0.0266412068|0.0240906291
atanas,3,42,2023-01-09-28,82,OLQDR,1,0.3378986716270447,0,1,1,1,1,1.0,1,1.0,1|62|90|49|23,OLQDR|RID|OLLR|IL1DR|CEPDR,0.337898672|0.0357152112|0.0031735138|0.00183353783|0.000521673937
atanas,3,42,2023-01-09-28,84,AIBR,50,0.04107613489031792,3,1,4,4,0,0.0,1,1.0,58|67|42|50|35,AVER|AWBR|AWAR|AIBR|AVDR,0.3098149|0.0894017816|0.0719936788|0.0410761349|0.026530385
atanas,3,42,2023-01-09-28,85,URYVR,83,0.004012751393020153,3,1,4,4,0,0.0,1,1.0,10|39|28|83|74,IL1R|OLQVR|URBR|URYVR|IL1VR,0.387379766|0.360932887|0.244004846|0.00401275139|0.00271653756
atanas,3,42,2023-01-09-28,87,BAGL,82,0.7546418309211731,0,1,1,1,1,1.0,1,1.0,82|72|17|27|70,BAGL|RMEL|CEPVL|OLQVL|IL1L,0.754641831|0.108509846|0.0523433983|0.0360800885|0.0226658806
atanas,3,42,2023-01-09-28,89,IL2DL,7,0.13233821094036102,2,1,3,3,0,0.0,1,1.0,41|59|7|57|61,I3|I1L|IL2DL|MCR|URBL,0.434080124|0.165294915|0.132338211|0.0773401782|0.0566750653
atanas,3,42,2023-01-09-28,90,I3,41,0.09829404950141907,2,1,3,3,0,0.0,1,1.0,22|7|41|30|57,IL2DR|IL2DL|I3|M4|MCR,0.456706583|0.351692766|0.0982940495|0.0770554468|0.00525423372
atanas,3,42,2023-01-09-28,91,URYVL,24,0.07624410837888718,1,1,2,2,0,0.0,1,1.0,6|24|59|33|70,I2L|URYVL|I1L|IL1VL|IL1L,0.508738697|0.0762441084|0.03732761|0.0292395502|0.0121498257
atanas,3,42,2023-01-09-28,93,NSML,60,0.08368159085512161,5,1,6,6,0,0.0,0,0.0,24|16|33|52|54,URYVL|MCL|IL1VL|NSMR|I2R,0.317903429|0.1496723|0.13965562|0.106004938|0.100656196
atanas,3,42,2023-01-09-28,98,OLLR,90,0.7429072260856628,0,1,1,1,1,1.0,1,1.0,90|10|28|55|22,OLLR|IL1R|URBR|M3R|IL2DR,0.742907226|0.184495032|0.0480166376|0.00903973635|0.00580739882
atanas,3,42,2023-01-09-28,99,M3R,55,0.2778502404689789,1,1,2,2,0,0.0,1,1.0,83|55|52|10|57,URYVR|M3R|NSMR|IL1R|MCR,0.611475468|0.27785024|0.0907587036|0.0108694872|0.0045389845
atanas,3,42,2023-01-09-28,103,CEPVR,5,0.7498195767402649,0,1,1,1,1,1.0,1,1.0,5|64|48|17|74,CEPVR|AVL|RIH|CEPVL|IL1VR,0.749819577|0.211798087|0.0233766492|0.0060004429|0.0044009774
atanas,3,42,2023-01-09-28,106,IL1DR,49,0.3411899507045746,1,1,2,2,0,0.0,1,1.0,1|49|90|10|62,OLQDR|IL1DR|OLLR|IL1R|RID,0.541980445|0.341189951|0.107996084|0.00260515022|0.00156124646
atanas,3,42,2023-01-09-28,107,M4,30,0.7491343021392822,0,1,1,1,1,1.0,1,1.0,30|57|49|73|55,M4|MCR|IL1DR|M3L|M3R,0.749134302|0.171857342|0.0750954747|0.00127214193|0.00109946344
atanas,3,42,2023-01-09-28,109,OLQVL,27,0.31464242935180664,0,1,1,1,1,1.0,1,1.0,27|61|24|70|8,OLQVL|URBL|URYVL|IL1L|OLLL,0.314642429|0.29574275|0.137979969|0.1080966|0.0347162634
atanas,3,42,2023-01-09-28,110,AVAL,36,0.7474847435951233,0,1,1,1,1,1.0,1,1.0,36|68|51|2|34,AVAL|SMDVL|SAAVL|AWAL|AIBL,0.747484744|0.10467384|0.0882816985|0.0339361317|0.00981776416
atanas,3,42,2023-01-09-28,111,NSMR,52,0.4395860433578491,0,1,1,1,1,1.0,1,1.0,52|55|54|85|57,NSMR|M3R|I2R|I1R|MCR,0.439586043|0.266032189|0.0959750041|0.0689426884|0.0648238063
atanas,3,42,2023-01-09-28,113,IL1VR,74,0.21872206032276154,2,1,3,3,0,0.0,1,1.0,64|5|74|48|17,AVL|CEPVR|IL1VR|RIH|CEPVL,0.24499087|0.219832271|0.21872206|0.0239320938|0.0144095737
atanas,3,42,2023-01-09-28,115,SMDVL,68,0.6957794427871704,0,1,1,1,1,1.0,1,1.0,68|13|34|3|14,SMDVL|AWBL|AIBL|CEPDL|AVDL,0.695779443|0.154672697|0.0241348837|0.0234664641|0.0215088017
atanas,3,42,2023-01-09-28,116,AIBL,34,0.3913208842277527,1,1,2,2,0,0.0,1,1.0,31|34|89|14|2,RIBL|AIBL|ASEL|AVDL|AWAL,0.404089272|0.391320884|0.148035362|0.0339032821|0.0078869937
atanas,3,42,2023-01-09-28,117,RIH,48,0.5887625813484192,0,1,1,1,1,1.0,1,1.0,48|15|43|64|20,RIH|RMF?|RMDDL|AVL|RIR,0.588762581|0.262673378|0.0394292623|0.0371374637|0.0172096174
atanas,3,42,2023-01-09-28,133,RICR,26,0.008603348396718502,4,1,5,5,0,0.0,1,1.0,71|66|69|87|26,AIZR|SIA?R|AIY?|SMB?L|RICR,0.0815604106|0.022416411|0.0212884154|0.0190486982|0.0086033484
atanas,3,42,2023-01-09-28,134,OLLL,8,0.6882693767547607,0,1,1,1,1,1.0,1,1.0,8|70|61|72|73,OLLL|IL1L|URBL|RMEL|M3L,0.688269377|0.151354149|0.0965907425|0.0430062823|0.00653249538
atanas,3,42,2023-01-09-28,135,RMEL,72,0.6374770998954773,0,1,1,1,1,1.0,1,1.0,72|0|80|61|17,RMEL|URYDL|IL1DL|URBL|CEPVL,0.6374771|0.147176206|0.0797862783|0.0343780592|0.0258503035
atanas,3,42,2023-01-09-28,136,RMDVL,79,0.8552274703979492,0,1,1,1,1,1.0,1,1.0,79|13|9|17|36,RMDVL|AWBL|AWCL|CEPVL|AVAL,0.85522747|0.0732035935|0.0274632368|0.0177113302|0.0141180167
atanas,3,42,2023-01-09-28,137,AWAR,42,0.2982775866985321,1,1,2,2,0,0.0,1,1.0,47|42|67|35|58,ASGR|AWAR|AWBR|AVDR|AVER,0.385989279|0.298277587|0.227229998|0.0638358667|0.0109992549
atanas,3,42,2023-01-09-28,138,URYDL,0,0.010929531417787075,2,1,3,3,0,0.0,1,1.0,49|78|0|80|8,IL1DR|OLQDL|URYDL|IL1DL|OLLL,0.491759866|0.475057006|0.0109295314|0.00647948682|0.0062482506
atanas,3,42,2023-01-09-28,140,RIVL,18,0.13714143633842468,1,1,2,2,0,0.0,1,1.0,4|18|63|21|46,I6|RIVL|M1|RIVR|ASIR,0.643390238|0.137141436|0.0980848521|0.0572170131|0.0063955239
atanas,3,42,2023-01-09-28,144,FLPR,56,0.0271480493247509,1,1,2,2,0,0.0,1,1.0,71|56|35|86|12,AIZR|FLPR|AVDR|AINR|AUAR,0.0421970785|0.0271480493|0.0103439353|0.00916344114|0.00826593954
atanas,3,42,2023-01-16-01,1,OLLR,90,0.36347511410713196,0,1,1,1,1,1.0,1,1.0,90|1|49|62|0,OLLR|OLQDR|IL1DR|RID|URYDL,0.363475114|0.285842687|0.123006441|0.116306901|0.0589733757
atanas,3,42,2023-01-16-01,3,IL1VR,74,0.12093208730220795,2,1,3,3,0,0.0,1,1.0,81|83|74|55|39,IL2VR|URYVR|IL1VR|M3R|OLQVR,0.528408825|0.327402502|0.120932087|0.0205740985|0.00163973228
atanas,3,42,2023-01-16-01,4,AWBR,67,0.01281306054443121,7,1,8,8,0,0.0,0,0.0,19|47|35|42|71,AVJR|ASGR|AVDR|AWAR|AIZR,0.234667122|0.171904132|0.170813441|0.1280476|0.12369296
atanas,3,42,2023-01-16-01,6,AVDL,14,0.04789426550269127,7,1,8,8,0,0.0,0,0.0,65|75|31|45|46,AINL|AVJL|RIBL|ASGL|ASIR,0.239751548|0.221264362|0.185366839|0.0616937578|0.0561029539
atanas,3,42,2023-01-16-01,7,OLQDL,78,0.8378927111625671,0,1,1,1,1,1.0,1,1.0,78|3|0|17|80,OLQDL|CEPDL|URYDL|CEPVL|IL1DL,0.837892711|0.122657411|0.0291814264|0.00276899384|0.00235582073
atanas,3,42,2023-01-16-01,8,RIVL,18,0.41013967990875244,0,1,1,1,1,1.0,1,1.0,18|75|46|65|45,RIVL|AVJL|ASIR|AINL|ASGL,0.41013968|0.315994591|0.116085306|0.0438493527|0.0413096622
atanas,3,42,2023-01-16-01,13,URBL,61,0.0005785047542303801,18,1,19,19,0,0.0,0,0.0,79|68|82|13|36,RMDVL|SMDVL|BAGL|AWBL|AVAL,0.431612521|0.268132716|0.112725183|0.0583687127|0.042466227
atanas,3,42,2023-01-16-01,14,OLQDR,1,0.09390439838171005,4,1,5,5,0,0.0,1,1.0,49|62|3|38|1,IL1DR|RID|CEPDL|URXL|OLQDR,0.229331225|0.164558977|0.156496659|0.155961692|0.0939043984
atanas,3,42,2023-01-16-01,15,URBR,28,0.12995333969593048,3,1,4,4,0,0.0,1,1.0,90|53|62|28|23,OLLR|RMER|RID|URBR|CEPDR,0.370835692|0.272629082|0.155565977|0.12995334|0.016062038
atanas,3,42,2023-01-16-01,18,IL1R,10,0.20272201299667358,2,1,3,3,0,0.0,1,1.0,28|39|10|90|62,URBR|OLQVR|IL1R|OLLR|RID,0.519535363|0.266932666|0.202722013|0.00549951475|0.00307555078
atanas,3,42,2023-01-16-01,22,RMEL,72,0.037507563829422,6,1,7,7,0,0.0,0,0.0,13|68|82|0|36,AWBL|SMDVL|BAGL|URYDL|AVAL,0.210085034|0.208136514|0.168745592|0.164579004|0.150431976
atanas,3,42,2023-01-16-01,23,M5,11,0.5688002705574036,0,1,1,1,1,1.0,1,1.0,11|77|37|65|25,M5|ADEL|FLPL|AINL|RICL,0.568800271|0.359408975|0.060269177|0.0109591112|0.000168826373
atanas,3,42,2023-01-16-01,24,AWCL,9,0.33239397406578064,0,1,1,1,1,1.0,1,1.0,9|43|13|40|84,AWCL|RMDDL|AWBL|AUAL|SIBVR,0.332393974|0.31844911|0.109123886|0.0904452726|0.0415441804
atanas,3,42,2023-01-16-01,25,AIBR,50,0.44042935967445374,1,1,2,2,0,0.0,1,1.0,58|50|42|67|47,AVER|AIBR|AWAR|AWBR|ASGR,0.444919676|0.44042936|0.0391088352|0.0352483019|0.0107262135
atanas,3,42,2023-01-16-01,26,OLLL,8,0.32525497674942017,0,1,1,1,1,1.0,1,1.0,8|61|82|72|24,OLLL|URBL|BAGL|RMEL|URYVL,0.325254977|0.270593226|0.265905678|0.0633237809|0.0177305527
atanas,3,42,2023-01-16-01,28,SMDDR,32,0.46958982944488525,0,1,1,1,1,1.0,1,1.0,32|71|87|12|69,SMDDR|AIZR|SMB?L|AUAR|AIY?,0.469589829|0.172203511|0.0994768962|0.0634746626|0.0572878048
atanas,3,42,2023-01-16-01,30,AWBL,13,0.002202049596235156,10,1,11,11,0,0.0,0,0.0,31|89|34|40|45,RIBL|ASEL|AIBL|AUAL|ASGL,0.305664301|0.199923456|0.193989128|0.155786723|0.0450141206
atanas,3,42,2023-01-16-01,31,IL2DL,7,0.015608766116201878,3,1,4,4,0,0.0,1,1.0,76|70|61|7|6,IL2L|IL1L|URBL|IL2DL|I2L,0.856962264|0.040541444|0.0212022308|0.0156087661|0.0147989979
atanas,3,42,2023-01-16-01,33,URXL,38,0.03432492911815643,3,1,4,4,0,0.0,1,1.0,18|4|11|38|46,RIVL|I6|M5|URXL|ASIR,0.34895727|0.258786112|0.174102008|0.0343249291|0.00210484047
atanas,3,42,2023-01-16-01,35,AIZL,44,0.00011510520562296733,14,1,15,15,0,0.0,0,0.0,20|43|15|48|84,RIR|RMDDL|RMF?|RIH|SIBVR,0.745505571|0.118282177|0.0551916771|0.0301647726|0.0156453829
atanas,3,42,2023-01-16-01,44,M3R,55,0.37704285979270935,0,1,1,1,1,1.0,1,1.0,55|57|30|83|39,M3R|MCR|M4|URYVR|OLQVR,0.37704286|0.299967736|0.166902184|0.107426085|0.0151736671
atanas,3,42,2023-01-16-01,46,AUAL,40,0.5584660768508911,0,1,1,1,1,1.0,1,1.0,40|9|14|44|43,AUAL|AWCL|AVDL|AIZL|RMDDL,0.558466077|0.183424562|0.0655186772|0.0540975742|0.0404993817
atanas,3,42,2023-01-16-01,47,URYVL,24,0.0642642080783844,3,1,4,4,0,0.0,1,1.0,74|27|33|24|0,IL1VR|OLQVL|IL1VL|URYVL|URYDL,0.485739201|0.0973784626|0.0889712796|0.0642642081|0.0600758642
atanas,3,42,2023-01-16-01,48,ADEL,77,0.04505043104290962,3,1,4,4,0,0.0,1,1.0,25|37|87|77|26,RICL|FLPL|SMB?L|ADEL|RICR,0.452017188|0.370505929|0.0530056916|0.045050431|0.0202958304
atanas,3,42,2023-01-16-01,50,OLQVL,27,0.10023166984319687,2,1,3,3,0,0.0,1,1.0,33|88|27|74|17,IL1VL|IL2VL|OLQVL|IL1VR|CEPVL,0.415012449|0.270089567|0.10023167|0.0796398222|0.021303175
atanas,3,42,2023-01-16-01,53,CEPDR,23,0.2979435324668884,1,1,2,2,0,0.0,1,1.0,29|23|21|62|38,URXR|CEPDR|RIVR|RID|URXL,0.613341987|0.297943532|0.0293370951|0.0229281113|0.0161753073
atanas,3,42,2023-01-16-01,56,I2R,54,0.5058318376541138,0,1,1,1,1,1.0,1,1.0,54|52|55|57|83,I2R|NSMR|M3R|MCR|URYVR,0.505831838|0.430714279|0.0436913446|0.0154397162|0.00240640668
atanas,3,42,2023-01-16-01,62,CEPDL,3,0.002062450861558318,12,1,13,13,0,0.0,0,0.0,46|2|18|45|13,ASIR|AWAL|RIVL|ASGL|AWBL,0.360077679|0.151151344|0.139835835|0.128558725|0.116566382
atanas,3,42,2023-01-16-01,64,OLQVR,39,0.46617740392684937,0,1,1,1,1,1.0,1,1.0,39|58|28|50|5,OLQVR|AVER|URBR|AIBR|CEPVR,0.466177404|0.283749938|0.0491204448|0.03234284|0.0274153296
atanas,3,42,2023-01-16-01,66,CEPVR,5,0.7662540078163147,0,1,1,1,1,1.0,1,1.0,5|64|48|74|15,CEPVR|AVL|RIH|IL1VR|RMF?,0.766254008|0.140956044|0.0777928382|0.00976769254|0.00194582122
atanas,3,42,2023-01-16-01,67,AVDR,35,0.010061739012598991,4,1,5,5,0,0.0,1,1.0,86|26|56|19|35,AINR|RICR|FLPR|AVJR|AVDR,0.617699981|0.28969714|0.0409236029|0.0231865849|0.010061739
atanas,3,42,2023-01-16-01,71,MCL,16,0.16252800822257996,1,1,2,2,0,0.0,1,1.0,73|16|60|33|57,M3L|MCL|NSML|IL1VL|MCR,0.661280096|0.162528008|0.0983148813|0.0400422662|0.0190035086
atanas,3,42,2023-01-16-01,74,NSMR,52,0.2047174721956253,2,1,3,3,0,0.0,1,1.0,57|55|52|54|83,MCR|M3R|NSMR|I2R|URYVR,0.309727699|0.218487576|0.204717472|0.11694295|0.0856731907
atanas,3,42,2023-01-16-01,75,URYVR,83,0.1914258897304535,1,1,2,2,0,0.0,1,1.0,85|83|81|57|55,I1R|URYVR|IL2VR|MCR|M3R,0.6059286|0.19142589|0.111133888|0.0311233811|0.0294996332
atanas,3,42,2023-01-16-01,76,FLPL,37,0.06409179419279099,2,1,3,3,0,0.0,1,1.0,25|71|37|77|44,RICL|AIZR|FLPL|ADEL|AIZL,0.30667758|0.121496119|0.0640917942|0.0355272517|0.0307405852
atanas,3,42,2023-01-16-01,77,AVAL,36,0.6039010882377625,0,1,1,1,1,1.0,1,1.0,36|51|68|34|43,AVAL|SAAVL|SMDVL|AIBL|RMDDL,0.603901088|0.203535274|0.0708367378|0.056789007|0.0405850224
atanas,3,42,2023-01-16-01,78,IL1DR,49,0.0031098139006644487,11,1,12,12,0,0.0,0,0.0,72|78|8|0|27,RMEL|OLQDL|OLLL|URYDL|OLQVL,0.360844493|0.14551346|0.121476538|0.115423672|0.0754823387
atanas,3,42,2023-01-16-01,80,NSML,60,0.01817312277853489,3,1,4,4,0,0.0,1,1.0,88|6|33|60|24,IL2VL|I2L|IL1VL|NSML|URYVL,0.510909259|0.378075749|0.0802814588|0.0181731228|0.0119660813
atanas,3,42,2023-01-16-01,81,RMER,53,0.670842707157135,0,1,1,1,1,1.0,1,1.0,53|58|67|62|50,RMER|AVER|AWBR|RID|AIBR,0.670842707|0.143163696|0.137495518|0.0217966903|0.00751592731
atanas,3,42,2023-01-16-01,82,IL2L,76,0.13071168959140778,1,1,2,2,0,0.0,1,1.0,6|76|24|70|0,I2L|IL2L|URYVL|IL1L|URYDL,0.133023113|0.13071169|0.0648068115|0.0639551952|0.061529398
atanas,3,42,2023-01-16-01,83,RICR,26,0.09416581690311432,3,1,4,4,0,0.0,1,1.0,56|71|12|26|35,FLPR|AIZR|AUAR|RICR|AVDR,0.471477449|0.215512857|0.0967560709|0.0941658169|0.0651660189
atanas,3,42,2023-01-16-01,84,AWAL,2,0.07362388074398041,3,1,4,4,0,0.0,1,1.0,45|13|34|2|46,ASGL|AWBL|AIBL|AWAL|ASIR,0.416560709|0.139180362|0.120563306|0.0736238807|0.0688003078
atanas,3,42,2023-01-16-01,85,I2L,6,0.1073012724518776,2,1,3,3,0,0.0,1,1.0,16|60|6|33|88,MCL|NSML|I2L|IL1VL|IL2VL,0.612252355|0.148874|0.107301272|0.07811746|0.0244294591
atanas,3,42,2023-01-16-01,89,AINL,65,0.44472503662109375,0,1,1,1,1,1.0,1,1.0,65|44|77|31|75,AINL|AIZL|ADEL|RIBL|AVJL,0.444725037|0.348652363|0.12000715|0.0391014665|0.014630449
atanas,3,42,2023-01-16-01,90,IL2DR,22,0.8276135921478271,0,1,1,1,1,1.0,1,1.0,22|41|90|7|30,IL2DR|I3|OLLR|IL2DL|M4,0.827613592|0.0713098124|0.0557066388|0.0422142558|0.00225854549
atanas,3,42,2023-01-16-01,92,I1R,85,0.2110602855682373,0,1,1,1,1,1.0,1,1.0,85|59|55|57|54,I1R|I1L|M3R|MCR|I2R,0.211060286|0.01156158|0.00159077812|0.00157458358|0.000774190237
atanas,3,42,2023-01-16-01,108,AIZR,71,0.07754634320735931,3,1,4,4,0,0.0,1,1.0,50|35|12|71|42,AIBR|AVDR|AUAR|AIZR|AWAR,0.362389773|0.307073146|0.0990123674|0.0775463432|0.0620347373
atanas,3,42,2023-01-16-01,109,IL1L,70,0.05691680312156677,3,1,4,4,0,0.0,1,1.0,27|72|61|70|82,OLQVL|RMEL|URBL|IL1L|BAGL,0.367633015|0.275819421|0.208784282|0.0569168031|0.0299750324
atanas,3,42,2023-01-16-01,111,SAAVL,51,0.5476881861686707,0,1,1,1,1,1.0,1,1.0,51|68|2|36|34,SAAVL|SMDVL|AWAL|AVAL|AIBL,0.547688186|0.277460784|0.105020605|0.0299243201|0.0263024308
atanas,3,42,2023-01-16-01,113,M3L,73,0.0391092523932457,5,1,6,6,0,0.0,0,0.0,24|60|33|6|27,URYVL|NSML|IL1VL|I2L|OLQVL,0.330890179|0.259066194|0.148325905|0.147629753|0.0467135087
atanas,3,42,2023-01-16-01,117,RICL,25,0.1262328177690506,2,1,3,3,0,0.0,1,1.0,44|48|25|84|15,AIZL|RIH|RICL|SIBVR|RMF?,0.367949009|0.179008558|0.126232818|0.0974401236|0.0825349614
atanas,3,42,2023-01-16-01,118,AINR,86,0.01312452182173729,6,1,7,7,0,0.0,0,0.0,19|35|42|47|71,AVJR|AVDR|AWAR|ASGR|AIZR,0.392617255|0.187853232|0.0532021746|0.0472820736|0.022395758
atanas,3,42,2023-01-16-01,119,RID,62,0.011219528503715992,4,1,5,5,0,0.0,1,1.0,3|38|2|51|62,CEPDL|URXL|AWAL|SAAVL|RID,0.666892946|0.151393294|0.0284982361|0.0284163728|0.0112195285
atanas,3,42,2023-01-16-01,122,ASGR,47,0.04485095292329788,5,1,6,6,0,0.0,0,0.0,21|62|19|42|23,RIVR|RID|AVJR|AWAR|CEPDR,0.30842042|0.124679826|0.11353007|0.0911580548|0.0510990322
atanas,3,42,2023-01-16-01,123,AVJL,75,0.21208181977272034,1,1,2,2,0,0.0,1,1.0,14|75|65|31|89,AVDL|AVJL|AINL|RIBL|ASEL,0.404238552|0.21208182|0.152690172|0.0713627785|0.0597082414
atanas,3,42,2023-01-16-01,126,AIBL,34,0.0002611297823023051,10,1,11,11,0,0.0,0,0.0,15|43|84|20|48,RMF?|RMDDL|SIBVR|RIR|RIH,0.391708612|0.236638114|0.124263525|0.116637103|0.107475914
atanas,3,42,2023-01-16-01,127,RMDDL,43,0.07971497625112534,3,1,4,4,0,0.0,1,1.0,84|15|87|43|69,SIBVR|RMF?|SMB?L|RMDDL|AIY?,0.436696976|0.201298177|0.111623667|0.0797149763|0.063808538
atanas,3,42,2023-01-16-01,128,M4,30,0.1727650761604309,2,1,3,3,0,0.0,1,1.0,49|80|30|0|57,IL1DR|IL1DL|M4|URYDL|MCR,0.407238334|0.315878451|0.172765076|0.075770326|0.00858270098
atanas,3,42,2023-01-16-01,129,AVJR,19,0.025975564494729042,4,1,5,5,0,0.0,1,1.0,21|63|26|86|19,RIVR|M1|RICR|AINR|AVJR,0.616898|0.156579077|0.130460098|0.0378961563|0.0259755645
atanas,3,42,2023-01-16-01,130,SMDVL,68,0.0030266346875578165,11,1,12,12,0,0.0,0,0.0,46|2|45|13|75,ASIR|AWAL|ASGL|AWBL|AVJL,0.281441838|0.173058972|0.135849595|0.134821415|0.0977550671
atanas,3,42,2023-01-16-01,132,I3,41,0.26288914680480957,1,1,2,2,0,0.0,1,1.0,7|41|30|0|80,IL2DL|I3|M4|URYDL|IL1DL,0.60707885|0.262889147|0.113516644|0.00386058795|0.00339116552
atanas,3,42,2023-01-16-01,133,ASEL,89,0.4678449034690857,0,1,1,1,1,1.0,1,1.0,89|14|31|34|44,ASEL|AVDL|RIBL|AIBL|AIZL,0.467844903|0.315707743|0.131934077|0.0234379135|0.0209134109
atanas,3,42,2023-01-16-01,135,RIVR,21,0.042881179600954056,2,1,3,3,0,0.0,1,1.0,63|26|21|4|56,M1|RICR|RIVR|I6|FLPR,0.881000996|0.0511577874|0.0428811796|0.00835805386|0.00392839406
atanas,3,42,2023-01-16-01,136,I1L,59,0.8388173580169678,0,1,1,1,1,1.0,1,1.0,59|60|6|88|16,I1L|NSML|I2L|IL2VL|MCL,0.838817358|0.14428632|0.00883531384|0.00272355299|0.000120546305
atanas,3,42,2023-01-16-01,137,RMDVL,79,0.44149544835090637,0,1,1,1,1,1.0,1,1.0,79|9|13|40|36,RMDVL|AWCL|AWBL|AUAL|AVAL,0.441495448|0.388368368|0.100147806|0.03890986|0.0152212121
atanas,3,42,2023-01-16-01,138,CEPVL,17,0.7289549112319946,0,1,1,1,1,1.0,1,1.0,17|74|5|43|64,CEPVL|IL1VR|CEPVR|RMDDL|AVL,0.728954911|0.121048078|0.0729506314|0.0223000068|0.0165304765
atanas,3,42,2023-01-19-08,1,ASGR,47,0.010420575737953186,8,1,9,9,0,0.0,0,0.0,19|86|35|71|21,AVJR|AINR|AVDR|AIZR|RIVR,0.4111799|0.177066714|0.133826271|0.0560940839|0.0546644442
atanas,3,42,2023-01-19-08,3,RMEL,72,0.005881006829440594,10,1,11,11,0,0.0,0,0.0,2|31|45|89|34,AWAL|RIBL|ASGL|ASEL|AIBL,0.349319369|0.215022847|0.197048008|0.0830674395|0.0594487786
atanas,3,42,2023-01-19-08,11,IL2DL,7,0.21870999038219452,2,1,3,3,0,0.0,1,1.0,76|59|7|22|41,IL2L|I1L|IL2DL|IL2DR|I3,0.253139555|0.238138035|0.21870999|0.122185163|0.115378991
atanas,3,42,2023-01-19-08,14,RICL,25,0.3788672983646393,0,1,1,1,1,1.0,1,1.0,25|44|37|14|87,RICL|AIZL|FLPL|AVDL|SMB?L,0.378867298|0.267984658|0.0523769669|0.0136975562|0.00896193273
atanas,3,42,2023-01-19-08,17,URYDL,0,0.003765641013160348,17,1,18,18,0,0.0,0,0.0,51|17|2|38|34,SAAVL|CEPVL|AWAL|URXL|AIBL,0.203339025|0.195772707|0.154418901|0.0586689301|0.0576175749
atanas,3,42,2023-01-19-08,20,M5,11,0.007797694765031338,1,1,2,2,0,0.0,1,1.0,37|11|26|77|71,FLPL|M5|RICR|ADEL|AIZR,0.0544465221|0.00779769477|0.00658171531|0.00522992248|0.00361260958
atanas,3,42,2023-01-19-08,24,AUAR,12,0.01126039493829012,7,1,8,8,0,0.0,0,0.0,47|42|35|50|19,ASGR|AWAR|AVDR|AIBR|AVJR,0.202615961|0.105438009|0.104210608|0.0550893061|0.0226563923
atanas,3,42,2023-01-19-08,25,AVDL,14,0.01451774314045906,3,1,4,4,0,0.0,1,1.0,75|65|46|14|4,AVJL|AINL|ASIR|AVDL|I6,0.540040791|0.273005277|0.120201066|0.0145177431|0.0139885917
atanas,3,42,2023-01-19-08,27,AWAL,2,0.0005581944133155048,18,1,19,19,0,0.0,0,0.0,40|44|14|31|89,AUAL|AIZL|AVDL|RIBL|ASEL,0.346798837|0.265124083|0.0898872837|0.0835347995|0.0559710599
atanas,3,42,2023-01-19-08,30,OLQDR,1,0.15149514377117157,2,1,3,3,0,0.0,1,1.0,23|62|1|29|38,CEPDR|RID|OLQDR|URXR|URXL,0.293460608|0.15635094|0.151495144|0.012712148|0.00652313558
atanas,3,42,2023-01-19-08,31,URXR,29,0.34070631861686707,1,1,2,2,0,0.0,1,1.0,38|29|42|47|62,URXL|URXR|AWAR|ASGR|RID,0.405256271|0.340706319|0.0814557225|0.0538988486|0.0292421374
atanas,3,42,2023-01-19-08,39,ASEL,89,0.005920725408941507,10,1,11,11,0,0.0,0,0.0,18|65|46|4|75,RIVL|AINL|ASIR|I6|AVJL,0.16368328|0.163352475|0.126611277|0.0994413719|0.0738029853
atanas,3,42,2023-01-19-08,42,OLQVR,39,0.0073972162790596485,12,1,13,13,0,0.0,0,0.0,58|50|67|42|12,AVER|AIBR|AWBR|AWAR|AUAR,0.347808421|0.175799727|0.101791717|0.0512179285|0.0463467538
atanas,3,42,2023-01-19-08,44,I2R,54,0.0005600903532467782,13,1,14,14,0,0.0,0,0.0,81|83|39|10|55,IL2VR|URYVR|OLQVR|IL1R|M3R,0.395976961|0.307048827|0.110085271|0.0994470865|0.0375640951
atanas,3,42,2023-01-19-08,45,SMDVL,68,0.005719348322600126,7,1,8,8,0,0.0,0,0.0,34|2|45|31|51,AIBL|AWAL|ASGL|RIBL|SAAVL,0.359849215|0.244893938|0.195591047|0.0962807387|0.0259478092
atanas,3,42,2023-01-19-08,48,RID,62,0.28260380029678345,1,1,2,2,0,0.0,1,1.0,29|62|21|23|47,URXR|RID|RIVR|CEPDR|ASGR,0.345472425|0.2826038|0.0567341186|0.0355509073|0.020597294
atanas,3,42,2023-01-19-08,49,CEPVL,17,0.003184693632647395,7,1,8,8,0,0.0,0,0.0,48|15|64|5|84,RIH|RMF?|AVL|CEPVR|SIBVR,0.503805935|0.183265358|0.118709512|0.0726738647|0.0150281638
atanas,3,42,2023-01-19-08,50,MCL,16,0.007675302214920521,7,1,8,8,0,0.0,0,0.0,52|55|57|39|73,NSMR|M3R|MCR|OLQVR|M3L,0.520764768|0.214316517|0.0925314128|0.0795510486|0.0340931751
atanas,3,42,2023-01-19-08,51,CEPDL,3,0.0012429686030372977,7,1,8,8,0,0.0,0,0.0,45|2|46|38|31,ASGL|AWAL|ASIR|URXL|RIBL,0.0108089121|0.00816864893|0.00795787014|0.00778271724|0.00681395596
atanas,3,42,2023-01-19-08,52,OLLL,8,0.00014453504991251975,23,1,24,24,0,0.0,0,0.0,51|68|36|17|2,SAAVL|SMDVL|AVAL|CEPVL|AWAL,0.563458323|0.154103175|0.102415271|0.0580558255|0.0414749421
atanas,3,42,2023-01-19-08,59,URXL,38,0.1918182224035263,0,1,1,1,1,1.0,1,1.0,38|29|63|62|42,URXL|URXR|M1|RID|AWAR,0.191818222|0.0195427183|0.00306535931|0.00200692029|0.000885393762
atanas,3,42,2023-01-19-08,62,AVJR,19,0.007887824438512325,4,1,5,5,0,0.0,1,1.0,21|63|86|71|19,RIVR|M1|AINR|AIZR|AVJR,0.330179602|0.204954475|0.014710946|0.0130995875|0.00788782444
atanas,3,42,2023-01-19-08,65,FLPL,37,0.16369754076004028,1,1,2,2,0,0.0,1,1.0,25|37|44|77|14,RICL|FLPL|AIZL|ADEL|AVDL,0.624113142|0.163697541|0.109702922|0.0974456742|0.00106665585
atanas,3,42,2023-01-19-08,67,RIVR,21,0.37732037901878357,0,1,1,1,1,1.0,1,1.0,21|63|23|86|19,RIVR|M1|CEPDR|AINR|AVJR,0.377320379|0.250253946|0.0275513921|0.012519517|0.00812671706
atanas,3,42,2023-01-19-08,69,IL1R,10,0.02382771670818329,9,1,10,10,0,0.0,0,0.0,90|58|1|28|67,OLLR|AVER|OLQDR|URBR|AWBR,0.243467376|0.117319368|0.112906441|0.0909486711|0.0858299211
atanas,3,42,2023-01-19-08,71,AWBR,67,0.019060127437114716,8,1,9,9,0,0.0,0,0.0,47|46|19|23|42,ASGR|ASIR|AVJR|CEPDR|AWAR,0.233802363|0.171754107|0.126447976|0.094395116|0.064967826
atanas,3,42,2023-01-19-08,76,M3L,73,0.013591278344392776,5,1,6,6,0,0.0,0,0.0,72|82|68|17|79,RMEL|BAGL|SMDVL|CEPVL|RMDVL,0.587445796|0.16568242|0.110133231|0.0330783613|0.0265564136
atanas,3,42,2023-01-19-08,79,URBR,28,0.107502281665802,1,1,2,2,0,0.0,1,1.0,90|28|53|1|67,OLLR|URBR|RMER|OLQDR|AWBR,0.424305022|0.107502282|0.079591915|0.0688468441|0.0583053455
atanas,3,42,2023-01-19-08,81,AVER,58,0.02933543734252453,6,1,7,7,0,0.0,0,0.0,50|42|71|35|12,AIBR|AWAR|AIZR|AVDR|AUAR,0.158180773|0.147356033|0.109149098|0.0912081003|0.0389594734
atanas,3,42,2023-01-19-08,86,RMDVL,79,4.074924436281435e-05,18,1,19,19,0,0.0,0,0.0,13|89|14|40|46,AWBL|ASEL|AVDL|AUAL|ASIR,0.57505548|0.164934754|0.0990507603|0.0500864871|0.0483163185
atanas,3,42,2023-01-19-08,87,OLQVL,27,2.0078159650438465e-05,28,1,29,29,0,0.0,0,0.0,43|84|48|20|15,RMDDL|SIBVR|RIH|RIR|RMF?,0.343200535|0.199366972|0.0924403071|0.0581287332|0.0296303891
atanas,3,42,2023-01-19-08,92,I2L,6,0.16406133770942688,2,1,3,3,0,0.0,1,1.0,79|33|6|76|59,RMDVL|IL1VL|I2L|IL2L|I1L,0.381122977|0.224546194|0.164061338|0.0688942|0.0533283055
atanas,3,42,2023-01-19-08,93,RICR,26,0.03053501807153225,5,1,6,6,0,0.0,0,0.0,56|71|86|12|35,FLPR|AIZR|AINR|AUAR|AVDR,0.172654688|0.0927352235|0.0582514592|0.0442762375|0.0395362824
atanas,3,42,2023-01-19-08,94,IL1L,70,5.219353624852374e-07,38,1,39,39,0,0.0,0,0.0,36|9|68|89|79,AVAL|AWCL|SMDVL|ASEL|RMDVL,0.269159079|0.203910381|0.184709117|0.0764637813|0.0717560649
atanas,3,42,2023-01-19-08,95,AVAL,36,6.565856892848387e-05,17,1,18,18,0,0.0,0,0.0,31|34|14|89|75,RIBL|AIBL|AVDL|ASEL|AVJL,0.272732079|0.206924886|0.203958869|0.194036752|0.0235963874
atanas,3,42,2023-01-19-08,96,CEPDR,23,0.46800193190574646,0,1,1,1,1,1.0,1,1.0,23|29|21|47|19,CEPDR|URXR|RIVR|ASGR|AVJR,0.468001932|0.203796566|0.107721649|0.048039794|0.0268222727
atanas,3,42,2023-01-19-08,97,NSML,60,0.0005810991278849542,20,1,21,21,0,0.0,0,0.0,33|6|59|52|74,IL1VL|I2L|I1L|NSMR|IL1VR,0.466322631|0.299863845|0.0644519478|0.0321448781|0.0288259294
atanas,3,42,2023-01-19-08,98,BAGL,82,0.00080997368786484,13,1,14,14,0,0.0,0,0.0,9|89|36|13|40,AWCL|ASEL|AVAL|AWBL|AUAL,0.456703514|0.172588006|0.145867065|0.10815037|0.0400780253
atanas,3,42,2023-01-19-08,106,OLLR,90,0.12498590350151062,0,1,1,1,1,1.0,1,1.0,90|29|67|38|62,OLLR|URXR|AWBR|URXL|RID,0.124985904|0.057430204|0.0542461649|0.0495662875|0.0491166972
atanas,3,42,2023-01-19-08,107,RIVL,18,0.005226549226790667,2,1,3,3,0,0.0,1,1.0,11|4|18|65|46,M5|I6|RIVL|AINL|ASIR,0.417988449|0.161112398|0.00522654923|0.00390222692|0.000479857146
atanas,3,42,2023-01-19-08,108,NSMR,52,0.002214257139712572,18,1,19,19,0,0.0,0,0.0,10|22|90|7|28,IL1R|IL2DR|OLLR|IL2DL|URBR,0.350343227|0.220353127|0.0490149111|0.0484039448|0.0301518589
atanas,3,42,2023-01-19-08,109,AINL,65,0.07931987941265106,3,1,4,4,0,0.0,1,1.0,18|46|4|65|11,RIVL|ASIR|I6|AINL|M5,0.66573602|0.106529824|0.0980273932|0.0793198794|0.0390817262
atanas,3,42,2023-01-19-08,110,AIZL,44,0.07056890428066254,2,1,3,3,0,0.0,1,1.0,20|40|44|87|14,RIR|AUAL|AIZL|SMB?L|AVDL,0.520199001|0.0711266845|0.0705689043|0.0577654243|0.0541148968
atanas,3,42,2023-01-19-08,112,AIZR,71,0.1420128494501114,2,1,3,3,0,0.0,1,1.0,35|19|71|42|86,AVDR|AVJR|AIZR|AWAR|AINR,0.244670913|0.217431113|0.142012849|0.0677349865|0.0628664345
atanas,3,42,2023-01-19-08,113,AIBL,34,0.008300155401229858,10,1,11,11,0,0.0,0,0.0,20|84|40|48|14,RIR|SIBVR|AUAL|RIH|AVDL,0.29099986|0.143346667|0.128918394|0.050654579|0.042862758
atanas,3,42,2023-01-19-08,116,URYVR,83,1.0160522833757568e-05,37,1,38,38,0,0.0,0,0.0,58|53|50|67|28,AVER|RMER|AIBR|AWBR|URBR,0.352208972|0.131919771|0.105181627|0.103409275|0.072462596
atanas,3,42,2023-01-19-08,118,M3R,55,0.009307105094194412,10,1,11,11,0,0.0,0,0.0,39|10|50|28|58,OLQVR|IL1R|AIBR|URBR|AVER,0.405537874|0.28547588|0.0601033978|0.0485398062|0.0321366116
atanas,3,42,2023-01-19-08,122,IL2VL,88,0.6218175888061523,0,1,1,1,1,1.0,1,1.0,88|83|81|52|33,IL2VL|URYVR|IL2VR|NSMR|IL1VL,0.621817589|0.327322304|0.0194575228|0.0100667542|0.00567087717
atanas,3,42,2023-01-19-08,127,URBL,61,1.9483687196952815e-07,40,1,41,41,0,0.0,0,0.0,79|9|36|68|13,RMDVL|AWCL|AVAL|SMDVL|AWBL,0.268567801|0.209445357|0.20411168|0.153455406|0.0823914185
atanas,3,42,2023-01-19-08,132,M1,63,0.1801418513059616,0,1,1,1,1,1.0,1,1.0,63|26|56|71|86,M1|RICR|FLPR|AIZR|AINR,0.180141851|0.00454903813|0.00105642853|0.000823710638|0.000423343619
atanas,3,42,2023-01-19-08,133,OLQDL,78,0.00199933722615242,8,1,9,9,0,0.0,0,0.0,3|38|17|15|68,CEPDL|URXL|CEPVL|RMF?|SMDVL,0.695417345|0.226674646|0.0302477069|0.012684634|0.00740388222
atanas,3,42,2023-01-19-08,134,AWBL,13,0.052777670323848724,5,1,6,6,0,0.0,0,0.0,46|44|14|89|75,ASIR|AIZL|AVDL|ASEL|AVJL,0.301329911|0.181502298|0.173464507|0.0850537568|0.0734439865
atanas,3,42,2023-01-19-08,135,RMER,53,0.013383596204221249,8,1,9,9,0,0.0,0,0.0,67|62|47|42|29,AWBR|RID|ASGR|AWAR|URXR,0.22386308|0.21955362|0.195858061|0.0601635836|0.0537304617
atanas,3,42,2023-01-19-08,138,CEPVR,5,0.0019555077888071537,13,1,14,14,0,0.0,0,0.0,64|32|71|15|69,AVL|SMDDR|AIZR|RMF?|AIY?,0.30263117|0.180938467|0.0421162359|0.0375583842|0.0292850658
atanas,3,42,2023-01-19-08,139,ADEL,77,0.50986647605896,0,1,1,1,1,1.0,1,1.0,77|37|25|65|44,ADEL|FLPL|RICL|AINL|AIZL,0.509866476|0.428224981|0.0158631429|0.00366615411|0.0025848127
atanas,3,42,2023-01-19-08,140,ASGL,45,0.01846938394010067,2,1,3,3,0,0.0,1,1.0,31|4|45|65|46,RIBL|I6|ASGL|AINL|ASIR,0.0363837108|0.019018013|0.0184693839|0.0162901264|0.00921679009
atanas,3,42,2023-01-19-08,141,I3,41,2.646856773935724e-05,31,1,32,32,0,0.0,0,0.0,78|72|49|0|81,OLQDL|RMEL|IL1DR|URYDL|IL2VR,0.671971381|0.097450763|0.0442209244|0.0377696939|0.0353827178
atanas,3,42,2023-01-19-08,142,URYVL,24,1.0011845006374642e-05,44,1,45,45,0,0.0,0,0.0,43|36|79|17|84,RMDDL|AVAL|RMDVL|CEPVL|SIBVR,0.503136575|0.105407394|0.0318640396|0.0312557071|0.0276193712
atanas,3,42,2023-01-19-08,145,AVJL,75,0.00043576533789746463,5,1,6,6,0,0.0,0,0.0,11|18|4|65|46,M5|RIVL|I6|AINL|ASIR,0.550934434|0.191842631|0.148123354|0.0941220447|0.000825021183
atanas,3,42,2023-01-23-15,1,I2R,54,0.10535430163145065,1,1,2,2,0,0.0,1,1.0,52|54|57|55|83,NSMR|I2R|MCR|M3R|URYVR,0.697760642|0.105354302|0.0790839568|0.0712458119|0.0392161459
atanas,3,42,2023-01-23-15,3,RMER,53,0.4845699071884155,0,1,1,1,1,1.0,1,1.0,53|28|39|67|58,RMER|URBR|OLQVR|AWBR|AVER,0.484569907|0.206371009|0.109272704|0.0744584426|0.011014848
atanas,3,42,2023-01-23-15,6,IL1DR,49,0.4131218194961548,0,1,1,1,1,1.0,1,1.0,49|1|90|22|0,IL1DR|OLQDR|OLLR|IL2DR|URYDL,0.413121819|0.315318525|0.212411627|0.0064749741|0.000142366582
atanas,3,42,2023-01-23-15,10,I1L,59,0.9847770929336548,0,1,1,1,1,1.0,1,1.0,59|60|88|6|33,I1L|NSML|IL2VL|I2L|IL1VL,0.984777093|0.00185387046|0.00084753352|0.000137379015|0.000125622377
atanas,3,42,2023-01-23-15,11,SAAVL,51,0.6892141699790955,0,1,1,1,1,1.0,1,1.0,51|36|79|68|2,SAAVL|AVAL|RMDVL|SMDVL|AWAL,0.68921417|0.0841751173|0.0463142358|0.0334621258|0.0332052149
atanas,3,42,2023-01-23-15,12,RID,62,0.9733496904373169,0,1,1,1,1,1.0,1,1.0,62|29|23|3|38,RID|URXR|CEPDR|CEPDL|URXL,0.97334969|0.0134446491|0.00203694566|5.50127697e-05|5.20840986e-05
atanas,3,42,2023-01-23-15,22,ASGL,45,0.372962087392807,0,1,1,1,1,1.0,1,1.0,45|46|18|4|31,ASGL|ASIR|RIVL|I6|RIBL,0.372962087|0.290710479|0.177470699|0.123153277|0.0208143517
atanas,3,42,2023-01-23-15,23,AINL,65,0.8069915175437927,0,1,1,1,1,1.0,1,1.0,65|4|46|75|45,AINL|I6|ASIR|AVJL|ASGL,0.806991518|0.0947371423|0.0534043163|0.0250831731|0.00515096169
atanas,3,42,2023-01-23-15,24,AWBR,67,0.25745582580566406,0,1,1,1,1,1.0,1,1.0,67|86|42|47|12,AWBR|AINR|AWAR|ASGR|AUAR,0.257455826|0.219175249|0.123736195|0.102623917|0.0548939668
atanas,3,42,2023-01-23-15,25,M1,63,0.9559739232063293,0,1,1,1,1,1.0,1,1.0,63|21|86|4|26,M1|RIVR|AINR|I6|RICR,0.955973923|0.0144625017|0.00470504537|0.00012010715|9.44098501e-05
atanas,3,42,2023-01-23-15,29,AIBR,50,0.04974785074591637,2,1,3,3,0,0.0,1,1.0,42|15|50|67|12,AWAR|RMF?|AIBR|AWBR|AUAR,0.0608123839|0.0579665489|0.0497478507|0.0390111357|0.0312932432
atanas,3,42,2023-01-23-15,31,AWCL,9,0.7721208930015564,0,1,1,1,1,1.0,1,1.0,9|40|13|79|89,AWCL|AUAL|AWBL|RMDVL|ASEL,0.772120893|0.202134907|0.0143636316|0.000427777646|0.000378242199
atanas,3,42,2023-01-23-15,32,URXR,29,0.9617736339569092,0,1,1,1,1,1.0,1,1.0,29|62|42|47|38,URXR|RID|AWAR|ASGR|URXL,0.961773634|0.0070727584|0.00566641195|0.00330418977|0.00270436262
atanas,3,42,2023-01-23-15,34,RIVL,18,0.0005727699608542025,2,1,3,3,0,0.0,1,1.0,4|11|18|46|21,I6|M5|RIVL|ASIR|RIVR,0.380293131|0.000864039059|0.000572769961|0.00045682257|0.000284306472
atanas,3,42,2023-01-23-15,35,AVL,64,0.013312761671841145,7,1,8,8,0,0.0,0,0.0,32|69|71|15|87,SMDDR|AIY?|AIZR|RMF?|SMB?L,0.658873498|0.0836382285|0.0791965052|0.0615000501|0.0264266375
atanas,3,42,2023-01-23-15,37,URYVL,24,0.2686448395252228,2,1,3,3,0,0.0,1,1.0,27|33|24|88|61,OLQVL|IL1VL|URYVL|IL2VL|URBL,0.403796017|0.291686386|0.26864484|0.00842275098|0.00525256759
atanas,3,42,2023-01-23-15,40,SMDVL,68,0.0008516709785908461,7,1,8,8,0,0.0,0,0.0,45|46|2|13|3,ASGL|ASIR|AWAL|AWBL|CEPDL,0.427982092|0.313095957|0.104160383|0.0837388113|0.00576838804
atanas,3,42,2023-01-23-15,41,IL2DR,22,0.6893531680107117,0,1,1,1,1,1.0,1,1.0,22|41|85|57|7,IL2DR|I3|I1R|MCR|IL2DL,0.689353168|0.304892361|0.00333568617|0.000534551276|0.000211342718
atanas,3,42,2023-01-23-15,42,AWAL,2,0.0010191441979259253,2,1,3,3,0,0.0,1,1.0,45|21|2|4|34,ASGL|RIVR|AWAL|I6|AIBL,0.00289966073|0.00153198105|0.0010191442|0.000520274334|0.000254580315
atanas,3,42,2023-01-23-15,47,RIVR,21,0.6334070563316345,0,1,1,1,1,1.0,1,1.0,21|19|86|35|47,RIVR|AVJR|AINR|AVDR|ASGR,0.633407056|0.191133842|0.0538589731|0.0156589672|0.00674887979
atanas,3,42,2023-01-23-15,49,AVJL,75,0.011464782059192657,3,1,4,4,0,0.0,1,1.0,18|4|46|75|45,RIVL|I6|ASIR|AVJL|ASGL,0.68211931|0.238845125|0.0435229912|0.0114647821|0.0112522263
atanas,3,42,2023-01-23-15,50,URBR,28,0.5604168772697449,0,1,1,1,1,1.0,1,1.0,28|10|39|83|53,URBR|IL1R|OLQVR|URYVR|RMER,0.560416877|0.405005664|0.0095035648|0.00217019068|0.00151955325
atanas,3,42,2023-01-23-15,51,NSML,60,0.5227950215339661,0,1,1,1,1,1.0,1,1.0,60|6|88|24|33,NSML|I2L|IL2VL|URYVL|IL1VL,0.522795022|0.314601213|0.102412321|0.0473942384|0.0126245823
atanas,3,42,2023-01-23-15,54,ADEL,77,0.0900568813085556,2,1,3,3,0,0.0,1,1.0,25|37|77|66|87,RICL|FLPL|ADEL|SIA?R|SMB?L,0.186764553|0.130048499|0.0900568813|0.00905423146|0.00797503255
atanas,3,42,2023-01-23-15,55,OLQDL,78,0.085719533264637,2,1,3,3,0,0.0,1,1.0,0|80|78|8|72,URYDL|IL1DL|OLQDL|OLLL|RMEL,0.571955264|0.164398894|0.0857195333|0.0327563323|0.0196143985
atanas,3,42,2023-01-23-15,58,RICL,25,0.7133094072341919,0,1,1,1,1,1.0,1,1.0,25|44|87|37|77,RICL|AIZL|SMB?L|FLPL|ADEL,0.713309407|0.0645070747|0.0403980352|0.00529126823|0.00527237169
atanas,3,42,2023-01-23-15,60,FLPR,56,0.5257453322410583,0,1,1,1,1,1.0,1,1.0,56|12|26|86|71,FLPR|AUAR|RICR|AINR|AIZR,0.525745332|0.07144095|0.0429786704|0.0296009388|0.0142071052
atanas,3,42,2023-01-23-15,61,IL2L,76,0.9073163866996765,0,1,1,1,1,1.0,1,1.0,76|70|61|33|24,IL2L|IL1L|URBL|IL1VL|URYVL,0.907316387|0.0178783946|0.0177112278|0.0138669778|0.00985299889
atanas,3,42,2023-01-23-15,62,AVAL,36,0.6017283201217651,0,1,1,1,1,1.0,1,1.0,36|68|79|13|17,AVAL|SMDVL|RMDVL|AWBL|CEPVL,0.60172832|0.325276077|0.0300060995|0.0172465611|0.0152595472
atanas,3,42,2023-01-23-15,63,IL1L,70,0.1171450987458229,1,1,2,2,0,0.0,1,1.0,60|70|24|61|33,NSML|IL1L|URYVL|URBL|IL1VL,0.32227838|0.117145099|0.0409696437|0.0406441465|0.0232625827
atanas,3,42,2023-01-23-15,69,RMEL,72,0.08070541173219681,1,1,2,2,0,0.0,1,1.0,82|72|61|13|0,BAGL|RMEL|URBL|AWBL|URYDL,0.82241559|0.0807054117|0.0469737872|0.0138438148|0.0121902563
atanas,3,42,2023-01-23-15,70,IL2VR,81,0.34666895866394043,1,1,2,2,0,0.0,1,1.0,83|81|88|74|55,URYVR|IL2VR|IL2VL|IL1VR|M3R,0.580825686|0.346668959|0.0519597493|0.0176701043|0.00124583044
atanas,3,42,2023-01-23-15,72,AVER,58,0.8230810761451721,0,1,1,1,1,1.0,1,1.0,58|50|42|67|48,AVER|AIBR|AWAR|AWBR|RIH,0.823081076|0.100717552|0.034233883|0.0290820915|0.00387169141
atanas,3,42,2023-01-23-15,78,M3L,73,0.716502845287323,0,1,1,1,1,1.0,1,1.0,73|33|70|60|61,M3L|IL1VL|IL1L|NSML|URBL,0.716502845|0.225307778|0.0133703547|0.0128494836|0.00876323413
atanas,3,42,2023-01-23-15,80,M3R,55,0.6841704845428467,0,1,1,1,1,1.0,1,1.0,55|81|83|74|57,M3R|IL2VR|URYVR|IL1VR|MCR,0.684170485|0.111831471|0.0962781459|0.0426105484|0.0309557989
atanas,3,42,2023-01-23-15,81,AWBL,13,0.4403266906738281,0,1,1,1,1,1.0,1,1.0,13|75|89|68|46,AWBL|AVJL|ASEL|SMDVL|ASIR,0.440326691|0.269066811|0.0965462774|0.0840820894|0.0720360875
atanas,3,42,2023-01-23-15,84,M4,30,0.7489668726921082,0,1,1,1,1,1.0,1,1.0,30|49|57|55|41,M4|IL1DR|MCR|M3R|I3,0.748966873|0.126872689|0.12318708|0.000871343305|2.35359512e-05
atanas,3,42,2023-01-23-15,85,URXL,38,0.5231601595878601,0,1,1,1,1,1.0,1,1.0,38|3|29|15|21,URXL|CEPDL|URXR|RMF?|RIVR,0.52316016|0.425725847|0.00555914035|0.000129891807|4.279735e-05
atanas,3,42,2023-01-23-15,86,OLLL,8,0.1435927003622055,3,1,4,4,0,0.0,1,1.0,72|27|61|8|70,RMEL|OLQVL|URBL|OLLL|IL1L,0.40837127|0.157734498|0.144865438|0.1435927|0.0801106244
atanas,3,42,2023-01-23-15,87,CEPDL,3,0.4235798716545105,0,1,1,1,1,1.0,1,1.0,3|68|13|2|36,CEPDL|SMDVL|AWBL|AWAL|AVAL,0.423579872|0.416764736|0.0925434381|0.0346560255|0.00884495396
atanas,3,42,2023-01-23-15,88,ASGR,47,0.38177138566970825,0,1,1,1,1,1.0,1,1.0,47|42|19|35|67,ASGR|AWAR|AVJR|AVDR|AWBR,0.381771386|0.35954088|0.169285938|0.0406370088|0.0327419564
atanas,3,42,2023-01-23-15,89,I1R,85,0.9363073706626892,0,1,1,1,1,1.0,1,1.0,85|54|52|57|55,I1R|I2R|NSMR|MCR|M3R,0.936307371|0.0475704186|0.00116461702|0.000885756919|0.000454115798
atanas,3,42,2023-01-23-15,91,NSMR,52,0.05200900509953499,2,1,3,3,0,0.0,1,1.0,54|81|52|83|74,I2R|IL2VR|NSMR|URYVR|IL1VR,0.557076514|0.272302389|0.0520090051|0.0488161705|0.0306450296
atanas,3,42,2023-01-23-15,93,IL1DL,80,0.7115855813026428,0,1,1,1,1,1.0,1,1.0,80|0|49|8|72,IL1DL|URYDL|IL1DR|OLLL|RMEL,0.711585581|0.203710094|0.0252908133|0.0176836848|0.0130282361
atanas,3,42,2023-01-23-15,94,AVJR,19,0.3748258650302887,0,1,1,1,1,1.0,1,1.0,19|86|35|56|42,AVJR|AINR|AVDR|FLPR|AWAR,0.374825865|0.367879272|0.145623341|0.0594663136|0.0146388644
atanas,3,42,2023-01-23-15,95,ASEL,89,0.26734185218811035,1,1,2,2,0,0.0,1,1.0,75|89|14|46|31,AVJL|ASEL|AVDL|ASIR|RIBL,0.522747815|0.267341852|0.107548475|0.0809105933|0.0077313073
atanas,3,42,2023-01-23-15,96,AIZR,71,0.5424386262893677,0,1,1,1,1,1.0,1,1.0,71|50|35|12|42,AIZR|AIBR|AVDR|AUAR|AWAR,0.542438626|0.12201681|0.0797828734|0.0352500677|0.0272230674
atanas,3,42,2023-01-23-15,97,AVDR,35,0.4864661693572998,0,1,1,1,1,1.0,1,1.0,35|19|12|56|86,AVDR|AVJR|AUAR|FLPR|AINR,0.486466169|0.0973409489|0.0905135646|0.0748446658|0.0641955137
atanas,3,42,2023-01-23-15,98,AWAR,42,0.14304502308368683,2,1,3,3,0,0.0,1,1.0,47|67|42|19|35,ASGR|AWBR|AWAR|AVJR|AVDR,0.471863806|0.197264984|0.143045023|0.0919738486|0.0315304101
atanas,3,42,2023-01-23-15,100,FLPL,37,0.0514274500310421,1,1,2,2,0,0.0,1,1.0,25|37|77|71|87,RICL|FLPL|ADEL|AIZR|SMB?L,0.10310059|0.05142745|0.047685653|0.00288897706|0.00243494916
atanas,3,42,2023-01-23-15,101,RIBL,31,0.0838715061545372,1,1,2,2,0,0.0,1,1.0,20|31|34|48|43,RIR|RIBL|AIBL|RIH|RMDDL,0.78215903|0.0838715062|0.0796841159|0.0235046856|0.0170920733
atanas,3,42,2023-01-23-15,104,OLQVR,39,0.21696516871452332,1,1,2,2,0,0.0,1,1.0,74|39|81|5|83,IL1VR|OLQVR|IL2VR|CEPVR|URYVR,0.62543869|0.216965169|0.0723607317|0.0218730085|0.017230656
atanas,3,42,2023-01-23-15,105,URBL,61,0.09145843237638474,2,1,3,3,0,0.0,1,1.0,70|33|61|82|24,IL1L|IL1VL|URBL|BAGL|URYVL,0.566486537|0.15581201|0.0914584324|0.056974031|0.0533115901
atanas,3,42,2023-01-23-15,106,URYDL,0,0.06761462986469269,3,1,4,4,0,0.0,1,1.0,72|27|8|0|61,RMEL|OLQVL|OLLL|URYDL|URBL,0.349980146|0.301942378|0.105148084|0.0676146299|0.0674404353
atanas,3,42,2023-01-23-15,107,IL2VL,88,0.7651166319847107,0,1,1,1,1,1.0,1,1.0,88|33|6|24|59,IL2VL|IL1VL|I2L|URYVL|I1L,0.765116632|0.00971968006|0.00173615327|0.00034384735|7.29345193e-05
atanas,3,42,2023-01-23-15,113,URYVR,83,0.0049911001697182655,4,1,5,5,0,0.0,1,1.0,39|10|28|74|83,OLQVR|IL1R|URBR|IL1VR|URYVR,0.631151378|0.270322889|0.0701193437|0.0196588188|0.00499110017
atanas,3,42,2023-01-23-15,115,MCL,16,0.8176877498626709,0,1,1,1,1,1.0,1,1.0,16|33|54|73|60,MCL|IL1VL|I2R|M3L|NSML,0.81768775|0.0804024264|0.0793652609|0.00772288069|0.00594641035
atanas,3,42,2023-01-23-15,116,AIZL,44,0.5246603488922119,0,1,1,1,1,1.0,1,1.0,44|40|25|84|87,AIZL|AUAL|RICL|SIBVR|SMB?L,0.524660349|0.368001342|0.016674798|0.0129150823|0.00921123661
atanas,3,42,2023-01-23-15,118,OLQDR,1,0.21609658002853394,0,1,1,1,1,1.0,1,1.0,1|49|90|62|3,OLQDR|IL1DR|OLLR|RID|CEPDL,0.21609658|0.039496433|0.0184395928|0.000927959452|6.31001822e-05
atanas,3,42,2023-01-23-15,119,RICR,26,0.0033407737500965595,5,1,6,6,0,0.0,0,0.0,71|56|12|35|50,AIZR|FLPR|AUAR|AVDR|AIBR,0.0651826784|0.0303109623|0.0076840613|0.00681021716|0.00336648594
atanas,3,42,2023-01-23-15,122,CEPVL,17,0.8403813242912292,0,1,1,1,1,1.0,1,1.0,17|5|43|74|15,CEPVL|CEPVR|RMDDL|IL1VR|RMF?,0.840381324|0.0828258023|0.00572652556|0.00451041665|0.00254520122
atanas,3,42,2023-01-23-15,123,M5,11,0.8686245083808899,0,1,1,1,1,1.0,1,1.0,11|4|65|77|37,M5|I6|AINL|ADEL|FLPL,0.868624508|0.0794980973|0.0291759092|0.0206631739|0.000515848049
atanas,3,42,2023-01-23-15,126,OLLR,90,0.3298240602016449,0,1,1,1,1,1.0,1,1.0,90|49|10|1|28,OLLR|IL1DR|IL1R|OLQDR|URBR,0.32982406|0.308337033|0.167321905|0.0146167539|0.00308807567
atanas,3,42,2023-01-23-15,127,AVDL,14,0.5245205760002136,0,1,1,1,1,1.0,1,1.0,14|44|89|40|75,AVDL|AIZL|ASEL|AUAL|AVJL,0.524520576|0.304513991|0.0759932473|0.0547815263|0.0118770823
atanas,3,42,2023-01-23-15,128,CEPDR,23,0.566418468952179,0,1,1,1,1,1.0,1,1.0,23|86|21|29|19,CEPDR|AINR|RIVR|URXR|AVJR,0.566418469|0.236715958|0.0393199809|0.0153445154|0.00583085697
atanas,3,42,2023-01-23-15,129,I2L,6,0.5184162855148315,0,1,1,1,1,1.0,1,1.0,6|24|60|33|88,I2L|URYVL|NSML|IL1VL|IL2VL,0.518416286|0.441894323|0.0256444383|0.00895874947|0.00220408873
atanas,3,42,2023-01-23-15,131,I3,41,0.42158761620521545,1,1,2,2,0,0.0,1,1.0,57|41|30|49|73,MCR|I3|M4|IL1DR|M3L,0.515215993|0.421587616|0.0211992878|0.0118630119|0.0116686663
atanas,3,42,2023-01-23-15,132,AIBL,34,0.4830498695373535,0,1,1,1,1,1.0,1,1.0,34|43|31|40|20,AIBL|RMDDL|RIBL|AUAL|RIR,0.48304987|0.216369092|0.107339419|0.049466189|0.0268979743
atanas,3,42,2023-01-23-15,133,IL2DL,7,0.9322108030319214,0,1,1,1,1,1.0,1,1.0,7|76|57|41|73,IL2DL|IL2L|MCR|I3|M3L,0.932210803|0.0184914544|0.0152809033|0.0132831614|0.00533402199
atanas,3,42,2023-01-23-15,136,RMDVL,79,0.8553614020347595,0,1,1,1,1,1.0,1,1.0,79|9|68|13|3,RMDVL|AWCL|SMDVL|AWBL|CEPDL,0.855361402|0.119257294|0.00756789697|0.00270987465|0.00037195062
atanas,3,42,2023-01-23-15,140,CEPVR,5,0.49156755208969116,0,1,1,1,1,1.0,1,1.0,5|74|15|83|81,CEPVR|IL1VR|RMF?|URYVR|IL2VR,0.491567552|0.194380254|0.0156965405|0.0146946041|0.00631656637
